idx,source,lat,lon,address,existing_archetype,predicted_archetype,archetype_match_score,existing_stories,predicted_stories,stories_conf,existing_roof,predicted_roof,roof_conf,existing_construction,predicted_construction,construction_conf,existing_wall_cladding,existing_status,existing_steer_damage,predicted_damage,damage_conf
0,undergrad,38.642122,-90.342003,"8025 Davis Dr, Saint Louis, MO 63105",19,7,6,2,2,0.99,hip,hip_family,0.697,masonry_un,masonry,1.0,"brick, vinyl",undamaged,,none,0.73
1,undergrad,38.6421,-90.341769,"8021 Davis Dr, Saint Louis, MO 63105",19,7,6,2,2,0.954,hip,hip_family,0.776,masonry_un,masonry,1.0,brick,undamaged,,none,0.775
2,undergrad,38.642083,-90.341575,"8015 Davis Dr, Saint Louis, MO 63105",19,7,8,2,2,0.96,gable,gable_family,0.871,masonry_un,masonry,0.99,brick,undamaged,,none,0.9
3,undergrad,38.642058,-90.341339,"8011/8009 Davis Dr, Saint Louis, MO 63105",19,7,8,2,2,0.974,gable,gable_family,0.867,masonry_un,masonry,1.0,brick,undamaged,,none,0.67
4,undergrad,38.642061,-90.341067,"8001 Davis Dr, Saint Louis, MO 63105",19,7,6,2,2,0.98,hip,hip_family,0.755,masonry_un,masonry,1.0,brick,undamaged,,none,0.595
5,undergrad,38.642406,-90.341253,"8008 Venetian Dr, Saint Louis, MO 63105",19,7,8,2,2,0.975,gable,gable_family,0.849,masonry_un,masonry,0.99,"brick, wood",undamaged,,none,0.68
6,undergrad,38.642417,-90.341425,"8010 Venetian Dr, Saint Louis, MO 63105",19,7,8,2,2,0.965,gable,gable_family,0.85,masonry_un,masonry,0.995,brick,undamaged,,none,0.72
7,undergrad,38.642464,-90.341911,"8022 Venetian Dr, Saint Louis, MO 63105",19,7,8,2,2,0.975,gable,gable_family,0.888,masonry_un,masonry,0.99,brick,undamaged,,none,0.86
8,undergrad,38.6425,-90.342192,"8026 Venetian Dr, Saint Louis, MO 63105",19,7,8,2,2,0.95,gable,gable_family,0.825,masonry_un,masonry,1.0,brick,undamaged,,none,0.795
9,undergrad,38.642511,-90.342464,"8032 Venetian Dr, Saint Louis, MO 63105",19,7,8,2,2,0.964,gable,gable_family,0.876,masonry_un,masonry,1.0,brick,undamaged,,none,0.81
10,undergrad,38.642528,-90.342689,"8052/8054 Venetian Dr, Saint Louis, MO 63105",19,7,6,2,2,0.963,hip,hip_family,0.617,masonry_un,masonry,1.0,"stucco, brick, wood, stone",minor_damage,,none,0.875
11,undergrad,38.642947,-90.342589,"8037/8039 Venetian Dr, Saint Louis, MO 63105",19,7,6,2,2,0.95,hip,hip_family,0.769,masonry_un,masonry,0.98,stucco,minor_damage,,none,0.74
12,undergrad,38.64295,-90.342306,"8029 Venetian Dr, Saint Louis, MO 63105",19,7,8,2,2,0.969,gable,gable_family,0.845,masonry_un,masonry,0.985,"brick, wood",undamaged,,none,0.825
13,undergrad,38.642917,-90.342081,"8027 Venetian Dr, Saint Louis, MO 63105",19,7,8,2,2,0.98,gable,gable_family,0.917,masonry_un,masonry,1.0,"brick, stone, vinyl",undamaged,,none,0.81
14,undergrad,38.642894,-90.341847,"8025 Venetian Dr, Saint Louis, MO 63105",19,7,8,2,2,0.985,gable,gable_family,0.919,masonry_un,masonry,1.0,brick,undamaged,,none,0.885
15,undergrad,38.642881,-90.341611,"8021 Venetian Dr, Saint Louis, MO 63105",19,7,6,2,2,0.965,hip,hip_family,0.687,masonry_un,masonry,1.0,"brick, stone, wood",undamaged,,none,0.625
16,undergrad,38.642858,-90.341378,"8013 Venetian Dr, Saint Louis, MO 63105",19,7,6,2,2,1.0,hip,hip_family,0.642,masonry_un,masonry,1.0,"stucco, brick, wood",undamaged,,none,0.83
17,undergrad,38.643147,-90.340933,"601 S Meramec Ave, Saint Louis, MO 63105",19,7,8,2,2,0.963,gable,gable_family,0.833,masonry_un,masonry,1.0,"brick, vinyl",undamaged,,none,0.78
18,undergrad,38.643275,-90.341622,"8020 Orlando Dr, Saint Louis, MO 63105",19,7,8,2,2,0.935,gable,gable_family,0.878,masonry_un,masonry,0.99,"stucco, brick, wood,vinyl",undamaged,,none,0.725
19,undergrad,38.643303,-90.342125,"8028 Orlando Dr, Saint Louis, MO 63105",19,7,8,2,2,0.945,gable,gable_family,0.89,masonry_un,masonry,0.98,"brick, stone, vinyl",undamaged,,none,0.815
20,undergrad,38.643328,-90.342372,"8032 Orlando Dr, Saint Louis, MO 63105",19,7,8,2,2,0.975,gable,gable_family,0.859,masonry_un,masonry,1.0,brick,minor_damage,,none,0.81
21,undergrad,38.643717,-90.342,"8027 Orlando Dr, Saint Louis, MO 63105",19,7,8,2,2,0.965,gable,gable_family,0.854,masonry_un,masonry,1.0,"brick,stucco",minor_damage,,none,0.845
22,undergrad,38.643642,-90.341536,"8021 Orlando Dr, Saint Louis, MO 63105",19,7,6,2,2,0.96,hip,hip_family,0.683,masonry_un,masonry,1.0,brick,minor_damage,,none,0.825
23,undergrad,38.643639,-90.341303,"8011 Orlando Dr, Saint Louis, MO 63105",19,7,8,2,2,0.97,gable,gable_family,0.899,masonry_un,masonry,1.0,"brick,stucco",undamaged,,none,0.735
24,undergrad,38.643614,-90.341044,"8007 Orlando Dr, Saint Louis, MO 63105",19,7,8,2,2,0.984,gable,gable_family,0.853,masonry_un,masonry,0.955,"brick,vinyl",undamaged,,none,0.735
25,undergrad,38.643631,-90.340847,"511 S Meramec Ave, Saint Louis, MO 63105",19,7,6,2,2,0.965,hip,hip_family,0.658,masonry_un,masonry,0.995,"brick,wood, stone",undamaged,,none,0.835
26,undergrad,38.644042,-90.340811,"8000 Rosiline Dr, Saint Louis, MO 63105",19,7,8,2,2,0.979,gable,gable_family,0.856,masonry_un,masonry,0.99,"brick,stucco,wood,stone",undamaged,,none,0.83
27,undergrad,38.644047,-90.341067,"8010 Rosiline Dr, Saint Louis, MO 63105",19,7,8,2,2,0.985,gable,gable_family,0.913,masonry_un,masonry,1.0,"brick,stone,wood",undamaged,,none,0.8
28,undergrad,38.644067,-90.341272,"8016 Rosiline Dr, Saint Louis, MO 63105",19,7,8,2,2,0.975,gable,gable_family,0.887,masonry_un,masonry,1.0,"brick,stucco",undamaged,,none,0.775
29,undergrad,38.644075,-90.341467,"8020 Rosiline Dr, Saint Louis, MO 63105",19,7,8,2,2,0.965,gable,gable_family,0.833,masonry_un,masonry,0.995,brick,undamaged,,none,0.755
30,undergrad,38.644494,-90.341514,"8025 Rosiline Dr, Saint Louis, MO 63105",19,7,8,2,2,0.955,gable,gable_family,0.855,masonry_un,masonry,0.99,brick,undamaged,,none,0.785
31,undergrad,38.644458,-90.341097,"8011 Rosiline Dr, Saint Louis, MO 63105",19,7,8,2,2,0.98,gable,gable_family,0.942,masonry_un,masonry,0.995,brick,undamaged,,none,0.855
32,undergrad,38.644425,-90.340703,"8001 Rosiline Dr, Saint Louis, MO 63105",19,7,8,2,2,0.955,gable,gable_family,0.864,masonry_un,masonry,1.0,brick,undamaged,,none,0.705
33,undergrad,38.641533,-90.34055,"700 S Meramec Ave, Saint Louis, MO 63105",19,7,6,2,2,0.974,hip,hip_family,0.672,masonry_un,masonry,0.995,"brick,stone,wood",undamaged,,none,0.855
34,undergrad,38.64195,-90.340486,"7915 Davis Dr, Saint Louis, MO 63105",19,7,8,2,2,0.975,gable,gable_family,0.811,masonry_un,masonry,0.985,"stucco,brick",undamaged,,none,0.88
35,undergrad,38.642108,-90.340506,"628 S Meramec Ave, Saint Louis, MO 63105",19,7,8,2,2,0.99,gable,gable_family,0.911,masonry_un,masonry,1.0,brick,undamaged,,none,0.82
36,undergrad,38.643031,-90.340369,"606 S Meramec Ave, Saint Louis, MO 63105",19,7,8,2,2,0.99,gable,gable_family,0.879,masonry_un,masonry,1.0,brick,minor_damage,,none,0.89
37,undergrad,38.643944,-90.340253,"500 S Meramec Ave, Saint Louis, MO 63105",19,7,8,2,2,0.97,gable,gable_family,0.913,masonry_un,masonry,1.0,"brick,stone",undamaged,,none,0.695
38,undergrad,38.644175,-90.340231,"420/418 S Meramec Ave, Saint Louis, MO 63105",19,7,8,2,2,0.955,gable,gable_family,0.8,masonry_un,masonry,0.995,"brick,stucco",undamaged,,none,0.72
39,undergrad,38.644508,-90.340161,"410 S Meramec Ave, Saint Louis, MO 63105",19,7,8,2,2,0.91,gable,gable_family,0.79,masonry_un,masonry,0.99,"brick,stone",undamaged,,none,0.68
40,undergrad,38.643575,-90.339844,"509 S Central Ave, Saint Louis, MO 63105",19,7,8,2,2,0.955,gable,gable_family,0.801,masonry_un,masonry,0.985,"brick,vinyl",minor_damage,,none,0.505
41,undergrad,38.641242,-90.339317,"7812 Davis Dr, Saint Louis, MO 63105",19,7,6,2,2,0.927,hip,hip_family,0.684,masonry_un,masonry,0.99,brick,undamaged,,none,0.86
42,undergrad,38.641431,-90.338636,"7815 Davis Dr, Saint Louis, MO 63105",19,7,6,2,2,0.979,hip,hip_family,0.659,masonry_un,masonry,1.0,"brick,stone,wood",undamaged,,none,0.765
43,undergrad,38.641389,-90.340592,"710 S Meramec Ave, Saint Louis, MO 63105",19,7,8,2,2,0.983,gable,gable_family,0.898,masonry_un,masonry,1.0,"brick,stucco,vinyl",undamaged,,none,0.845
44,undergrad,38.640958,-90.338975,"7800 Davis Dr, Saint Louis, MO 63105",19,7,8,2,2,0.954,gable,gable_family,0.907,masonry_un,masonry,0.995,"brick,stucco",undamaged,,none,0.835
45,undergrad,38.641225,-90.338522,"7807 Davis Dr, Saint Louis, MO 63105",19,7,8,2,2,0.965,gable,gable_family,0.899,masonry_un,masonry,1.0,"brick,vinyl",minor_damage,,none,0.805
46,undergrad,38.641033,-90.338389,"7801 Davis Dr, Saint Louis, MO 63105",19,7,8,2,2,0.934,gable,gable_family,0.878,masonry_un,masonry,0.985,"brick, stone, vinyl",undamaged,,none,0.765
47,undergrad,38.640739,-90.338061,"7763 Davis Dr, Saint Louis, MO 63105",19,7,8,2,2,0.985,gable,gable_family,0.807,masonry_un,masonry,0.97,"brick,wood, stone",undamaged,,none,0.785
48,undergrad,38.640619,-90.337864,"7757 Davis Dr, Saint Louis, MO 63105",19,7,8,2,2,0.96,gable,gable_family,0.889,masonry_un,masonry,0.98,brick,undamaged,,none,0.88
49,undergrad,38.640489,-90.337375,"7745 Davis Dr, Saint Louis, MO 63105",19,7,6,2,2,0.955,hip,hip_family,0.714,masonry_un,masonry,0.99,"stucco, brick, wood,stone",undamaged,,none,0.75
50,undergrad,38.640436,-90.336914,"7735 Davis Dr, Saint Louis, MO 63105",19,7,6,2,2,0.93,hip,hip_family,0.691,masonry_un,masonry,0.98,"stucco,brick,vinyl",undamaged,,none,0.645
51,undergrad,38.64045,-90.336653,"7727 Davis Dr, Saint Louis, MO 63105",19,7,8,2,2,0.965,gable,gable_family,0.789,masonry_un,masonry,0.99,"brick,stone,wood",minor_damage,,none,0.84
52,undergrad,38.640597,-90.336056,"7715 Davis Dr, Saint Louis, MO 63105",19,7,8,2,2,0.875,gable,gable_family,0.763,masonry_un,masonry,0.975,"brick,stone,vinyl",undamaged,,none,0.655
53,undergrad,38.640675,-90.335856,"7707 Davis Dr, Saint Louis, MO 63105",19,7,8,2,2,0.905,gable,gable_family,0.826,masonry_un,masonry,1.0,"vinyl,brick,wood",undamaged,,none,0.86
54,undergrad,38.640781,-90.335622,"7701 Davis Dr, Saint Louis, MO 63105",19,7,8,2,2,0.837,gable,gable_family,0.794,masonry_un,masonry,0.99,brick,undamaged,,none,0.62
55,undergrad,38.641069,-90.335892,"677 W Polo Dr, Saint Louis, MO 63105",19,7,6,2,2,0.97,hip,hip_family,0.689,masonry_un,masonry,0.985,"brick,stone",undamaged,,none,0.75
56,undergrad,38.641011,-90.336086,"673 W Polo Dr, Saint Louis, MO 63105",19,7,8,2,2,0.96,gable,gable_family,0.846,masonry_un,masonry,0.995,brick,undamaged,,none,0.85
57,undergrad,38.640911,-90.336372,"669 W Polo Dr, Saint Louis, MO 63105",19,7,8,2,2,0.925,gable,gable_family,0.821,masonry_un,masonry,0.995,"brick,vinyl",undamaged,,none,0.78
58,undergrad,38.640872,-90.336636,"665 W Polo Dr, Saint Louis, MO 63105",19,7,6,2,2,0.945,hip,hip_family,0.749,masonry_un,masonry,0.975,"brick,vinyl",undamaged,,none,0.78
59,undergrad,38.640539,-90.337664,"7749/7751 Davis Dr, Saint Louis, MO 63105",19,7,8,2,2,0.965,gable,gable_family,0.872,masonry_un,masonry,0.995,"brick,stucco",undamaged,,none,0.855
60,undergrad,38.640803,-90.336917,"661 W Polo Dr, Saint Louis, MO 63105",19,7,6,2,2,0.97,hip,hip_family,0.676,masonry_un,masonry,1.0,"brick,vinyl",undamaged,,none,0.565
61,undergrad,38.640836,-90.337214,"657 W Polo Dr, Saint Louis, MO 63105",19,7,8,2,2,0.95,gable,gable_family,0.887,masonry_un,masonry,1.0,"brick,stone,wood,stucco",undamaged,,none,0.765
62,undergrad,38.640922,-90.337519,"651 W Polo Dr, Saint Louis, MO 63105",19,7,8,2,2,0.975,gable,gable_family,0.903,masonry_un,masonry,0.995,"brick,stone,wood",undamaged,,none,0.77
63,undergrad,38.641986,-90.338578,"637 W Polo Dr, Saint Louis, MO 63105",19,7,8,2,2,0.96,gable,gable_family,0.888,masonry_un,masonry,0.979,"brick,stone,wood",undamaged,,none,0.77
64,undergrad,38.642692,-90.339106,"619 W Polo Dr, Saint Louis, MO 63105",19,7,8,2,2,0.873,gable,gable_family,0.737,masonry_un,masonry,0.985,"brick,wood,stucco",undamaged,,none,0.79
65,undergrad,38.643167,-90.338847,"609 W Polo Dr, Saint Louis, MO 63105",19,7,8,2,2,0.853,gable-hip_combo,gable_family,0.877,masonry_un,masonry,0.97,"brick,stone",undamaged,,none,0.825
66,undergrad,38.643897,-90.338489,"521 W Polo Dr, Saint Louis, MO 63105",19,7,8,2,2,0.725,,gable_family,0.557,,masonry,0.865,,,,none,0.605
67,undergrad,38.643772,-90.337689,"747 Middle Polo Dr, Saint Louis, MO 63105",19,7,8,2,2,0.919,gable,gable_family,0.802,masonry_un,masonry,0.958,"brick, stone",undamaged,,none,0.77
68,undergrad,38.642233,-90.337856,"620 W Polo Dr, Saint Louis, MO 63105",19,7,8,2,2,0.97,gable,gable_family,0.794,masonry_un,masonry,0.99,brick,undamaged,,none,0.81
69,undergrad,38.641836,-90.337633,"630 W Polo Dr, Saint Louis, MO 63105",19,7,6,2,2,0.915,hip,hip_family,0.722,masonry_un,masonry,0.995,"stucco,wood",undamaged,,none,0.61
70,undergrad,38.641419,-90.337283,"640 W Polo Dr, Saint Louis, MO 63105",19,7,8,2,2,0.975,gable-hip_combo,gable_family,0.821,masonry_un,masonry,1.0,brick,undamaged,,none,0.75
71,undergrad,38.641381,-90.336825,"650 W Polo Dr, Saint Louis, MO 63105",19,7,8,2,2,0.94,gable,gable_family,0.83,masonry_un,masonry,0.99,"stone,wood,brick",undamaged,,none,0.685
72,undergrad,38.641561,-90.336292,"660 W Polo Dr, Saint Louis, MO 63105",19,7,8,2,2,0.955,gable,gable_family,0.847,masonry_un,masonry,0.99,"brick,vinyl",undamaged,,none,0.78
73,undergrad,38.641861,-90.335947,"631 E Polo Dr, Saint Louis, MO 63105",19,7,6,2,2,0.96,hip,hip_family,0.677,masonry_un,masonry,0.96,"brick,stucco",minor_damage,,none,0.785
74,undergrad,38.642333,-90.336119,"621 E Polo Dr, Saint Louis, MO 63105",19,7,8,2,2,0.938,gable,gable_family,0.848,masonry_un,masonry,0.95,"brick,stucco",minor_damage,,none,0.875
75,undergrad,38.642706,-90.336144,"611 E Polo Dr, Saint Louis, MO 63105",19,7,6,2,2,0.935,hip,hip_family,0.755,masonry_un,masonry,0.975,brick,undamaged,,none,0.71
76,undergrad,38.643108,-90.336461,"601 E Polo Dr, Saint Louis, MO 63105",6,6,8,1,1,0.67,gable-hip_combo,gable_family,0.824,masonry_un,masonry,0.99,"brick,vinyl",undamaged,,none,0.83
77,undergrad,38.643219,-90.336981,"720 Middle Polo Dr, Saint Louis, MO 63105",19,7,8,2,2,0.99,gable,gable_family,0.918,masonry_un,masonry,0.985,"stone,brick,wood",minor_damage,,none,0.86
78,undergrad,38.644536,-90.337367,"500 E Polo Dr, Saint Louis, MO 63105",19,7,8,2,2,0.905,gable-hip_combo,gable_family,0.874,masonry_un,masonry,0.985,"brick,vinyl",undamaged,,none,0.815
79,undergrad,38.643839,-90.336753,"711 Middle Polo Dr, Saint Louis, MO 63105",19,7,8,2,2,0.964,gable,gable_family,0.896,masonry_un,masonry,0.99,"brick,stucco",undamaged,,none,0.79
80,undergrad,38.643781,-90.336519,"709 Middle Polo Dr, Saint Louis, MO 63105",19,7,8,2,2,0.978,gable,gable_family,0.881,masonry_un,masonry,0.995,"brick,stucco",undamaged,,none,0.81
81,undergrad,38.644222,-90.336414,"520 E Polo Dr, Saint Louis, MO 63105",19,7,8,2,2,0.925,gable-hip_combo,gable_family,0.762,masonry_un,masonry,0.97,brick,undamaged,,none,0.82
82,undergrad,38.644047,-90.3362,"522 E Polo Dr, Saint Louis, MO 63105",19,7,8,2,2,0.98,gable,gable_family,0.913,masonry_un,masonry,0.98,"brick,stucco",undamaged,,none,0.84
83,undergrad,38.643467,-90.335714,"526 E Polo Dr, Saint Louis, MO 63105",19,7,8,2,2,0.985,gable,gable_family,0.86,masonry_un,masonry,0.99,"brick,stone,wood,stucco",undamaged,,none,0.565
84,undergrad,38.642667,-90.335344,"606 E Polo Dr, Saint Louis, MO 63105",19,7,8,2,2,0.97,gable-hip_combo,gable_family,0.815,masonry_un,masonry,0.99,"brick,stucco",undamaged,,none,0.81
85,undergrad,38.642311,-90.335283,"612 E Polo Dr, Saint Louis, MO 63105",19,7,8,2,2,0.925,gable,gable_family,0.803,masonry_un,masonry,0.995,"brick,wood",undamaged,,none,0.745
86,undergrad,38.644408,-90.334531,"440 S Hanley Rd, Saint Louis, MO 63105",19,7,8,2,2,0.91,gable-hip_combo,gable_family,0.845,masonry_un,masonry,0.995,"brick,wood",undamaged,,none,0.785
87,undergrad,38.644289,-90.334522,"444 S Hanley Rd, Saint Louis, MO 63105",19,7,8,2,2,0.905,gable-hip_combo,gable_family,0.772,masonry_un,masonry,1.0,"stone,brick",undamaged,,none,0.54
88,undergrad,38.643628,-90.334611,"516 S Hanley Rd, Saint Louis, MO 63105",19,7,6,2,2,0.833,mansard,complex_family,0.63,masonry_un,masonry,0.96,"stone,brick,wood",undamaged,,none,0.87
89,undergrad,38.643353,-90.334728,"522 S Hanley Rd, Saint Louis, MO 63105",,7,8,,2,0.511,,gable_family,0.4,,masonry,0.834,,,,none,0.805
90,undergrad,38.643344,-90.334156,"7625 Wydown Blvd, Saint Louis, MO 63105",19,8,8,3,3,0.675,gable-hip_combo,gable_family,0.771,masonry_un,masonry,0.97,"stone,brick,stucco,wood",undamaged,,moderate,0.445
91,undergrad,38.644264,-90.334019,"445 Carswold Dr, Saint Louis, MO 63105",19,7,8,2,2,0.932,gable,gable_family,0.855,masonry_un,masonry,0.97,"stucco,brick",undamaged,,none,0.78
92,undergrad,38.644425,-90.333992,"437 Carswold Dr, Saint Louis, MO 63105",19,7,8,2,2,0.935,gable,gable_family,0.867,masonry_un,masonry,0.98,"brick,vinyl",undamaged,,none,0.68
93,undergrad,38.644067,-90.333028,"456 Carswold Dr, Saint Louis, MO 63105",19,7,6,2,2,0.945,hip,hip_family,0.669,masonry_un,masonry,0.995,"brick,stone",undamaged,,none,0.505
94,undergrad,38.644142,-90.333153,"452 Carswold Dr, Saint Louis, MO 63105",19,7,8,2,2,0.95,gable,gable_family,0.885,masonry_un,masonry,0.99,"brick,stucco,wood",undamaged,,none,0.48
95,undergrad,38.644231,-90.333256,"448 Carswold Dr, Saint Louis, MO 63105",19,7,8,2,2,0.95,gable-hip_combo,gable_family,0.864,masonry_un,masonry,0.98,"brick,stucco",undamaged,,none,0.65
96,undergrad,38.644336,-90.333333,"444 Carswold Dr, Saint Louis, MO 63105",19,7,8,2,2,0.945,gable,gable_family,0.838,masonry_un,masonry,1.0,"brick,stucco",minor_damage,,none,0.545
97,undergrad,38.644428,-90.333386,"440 Carswold Dr, Saint Louis, MO 63105",19,7,8,2,2,0.96,gable,gable_family,0.899,masonry_un,masonry,0.98,"brick,stucco",undamaged,,none,0.63
98,undergrad,38.644472,-90.332817,"437 Oakley Dr, Saint Louis, MO 63105",19,7,8,2,2,0.92,gambrel,gable_family,0.805,masonry_un,masonry,0.995,brick,undamaged,,none,0.495
99,undergrad,38.644361,-90.332731,"441 Oakley Dr, Saint Louis, MO 63105",19,7,8,2,2,0.935,gable-hip_combo,gable_family,0.798,masonry_un,masonry,0.985,brick,undamaged,,none,0.49
100,undergrad,38.644233,-90.332569,"445 Oakley Dr, Saint Louis, MO 63105",19,7,8,2,2,0.98,gable,gable_family,0.889,masonry_un,masonry,0.99,"brick,stucco,wood",undamaged,,none,0.62
101,undergrad,38.644308,-90.331944,"452 Edgewood Dr, Saint Louis, MO 63105",19,7,8,2,2,0.95,gable,gable_family,0.848,masonry_un,masonry,0.97,"brick,stone,wood",undamaged,,moderate,0.43
102,undergrad,38.644167,-90.332025,"456 Edgewood Dr, Saint Louis, MO 63105",19,7,6,2,2,0.965,hip,hip_family,0.736,masonry_un,masonry,0.98,"brick,stucco",undamaged,,none,0.475
103,undergrad,38.644033,-90.332081,"460 Edgewood Dr, Saint Louis, MO 63105",19,7,8,2,2,0.955,gable,gable_family,0.908,masonry_un,masonry,1.0,"brick,stone,wood,stucco",undamaged,,none,0.52
104,undergrad,38.643797,-90.332275,"468 Edgewood Dr, Saint Louis, MO 63105",19,7,8,2,2,0.985,gable,gable_family,0.899,masonry_un,masonry,0.995,"stone,brick",undamaged,,none,0.425
105,undergrad,38.643619,-90.332325,"474 Edgewood Dr, Saint Louis, MO 63105",19,7,8,2,2,0.96,gable,gable_family,0.809,masonry_un,masonry,0.99,"brick,vinyl",undamaged,,none,0.5
106,undergrad,38.643439,-90.332342,"480 Edgewood Dr, Saint Louis, MO 63105",19,7,8,2,2,0.955,gable,gable_family,0.892,masonry_un,masonry,0.99,"bric,stone",undamaged,,none,0.44
107,undergrad,38.643286,-90.332381,"484 Edgewood Dr, Saint Louis, MO 63105",19,7,8,2,2,0.96,gable-hip_combo,gable_family,0.854,masonry_un,masonry,0.975,"brick, stucco",undamaged,,none,0.46
108,undergrad,38.643886,-90.334253,"7648 Walinca Ter, Saint Louis, MO 63105",19,7,8,2,2,0.885,gable,gable_family,0.839,masonry_un,masonry,1.0,"brick, stucco",undamaged,,none,0.765
109,undergrad,38.643856,-90.333928,"7640 Walinca Ter, Saint Louis, MO 63105",19,7,8,2,2,0.975,gable,gable_family,0.863,masonry_un,masonry,1.0,"brick, stucco",undamaged,,none,0.655
110,undergrad,38.6439,-90.334119,"7644 Walinca Ter, Saint Louis, MO 63105",19,7,8,2,2,0.905,gable-hip_combo,gable_family,0.844,masonry_un,masonry,1.0,"brick, stone, wood",undamaged,,none,0.78
111,undergrad,38.643856,-90.333739,"7632 Walinca Ter, Saint Louis, MO 63105",19,7,8,2,2,0.949,gable,gable_family,0.857,masonry_un,masonry,0.98,"brick,stucco,vinyl",undamaged,,none,0.74
112,undergrad,38.643278,-90.333211,"7611 Wydown Blvd, Saint Louis, MO 63105",19,7,6,2,2,0.95,hip,hip_family,0.691,masonry_un,masonry,0.99,"brick,stucco",undamaged,,none,0.69
113,undergrad,38.642806,-90.334472,"7624 Wydown Blvd, Saint Louis, MO 63105",19,14,8,2,2,0.848,flat,flat,0.675,masonry_un,masonry,0.985,"stone,brick",undamaged,,none,0.685
114,undergrad,38.642281,-90.334861,"618 S Hanley Rd, Saint Louis, MO 63105",19,7,6,2,2,0.869,hip,hip_family,0.703,masonry_un,masonry,0.99,"brick,vinyl",undamaged,,none,0.765
115,undergrad,38.642133,-90.334883,"622 S Hanley Rd, Saint Louis, MO 63105",19,8,6,3,3,0.73,flat,flat,0.655,masonry_un,masonry,0.995,"stone,brick",undamaged,,none,0.685
116,undergrad,38.641956,-90.334889,"626 S Hanley Rd, Saint Louis, MO 63105",19,7,8,2,2,0.875,gable,gable_family,0.799,masonry_un,masonry,0.995,brick,minor_damage,,none,0.76
117,undergrad,38.641911,-90.334414,"627 Forest Ct, Saint Louis, MO 63105",19,7,8,2,2,0.789,gable-hip_combo,gable_family,0.739,masonry_un,masonry,0.985,brick,minor_damage,,none,0.65
118,undergrad,38.642558,-90.333856,"610 Forest Ct, Saint Louis, MO 63105",19,14,8,2,2,0.815,flat,flat,0.71,masonry_un,masonry,0.985,"stone,brick",undamaged,,none,0.55
119,undergrad,38.642792,-90.333847,"7618 Wydown Blvd, Saint Louis, MO 63105",19,14,8,2,2,0.86,flat,flat,0.675,masonry_un,masonry,0.975,"stone, brick",undamaged,,none,0.495
120,undergrad,38.642803,-90.333553,"7608 Wydown Blvd, Saint Louis, MO 63105",19,9,8,1,1,0.7,flat,flat,0.7,masonry_un,masonry,0.955,brick,undamaged,,none,0.805
121,undergrad,38.641833,-90.333461,"625 Westwood Dr, Saint Louis, MO 63105",19,8,6,3,3,0.757,flat,flat,0.745,masonry_un,masonry,0.965,"brick,stucco,wood,stone",undamaged,,none,0.63
122,undergrad,38.642008,-90.333433,"621 Westwood Dr, Saint Louis, MO 63105",19,8,6,3,3,0.775,flat,flat,0.668,masonry_un,masonry,1.0,"brick,wood,stone",undamaged,,none,0.585
123,undergrad,38.642181,-90.333417,"619 Westwood Dr, Saint Louis, MO 63105",19,8,6,3,3,0.795,flat,flat,0.59,masonry_un,masonry,0.99,"brick,stucco,wood,stone",undamaged,,none,0.625
124,undergrad,38.642667,-90.332731,"7564 Wydown Blvd, Saint Louis, MO 63105",19,8,8,3,3,0.725,gable,gable_family,0.884,masonry_un,masonry,1.0,"brick,stone",undamaged,,none,0.615
125,undergrad,38.642708,-90.332431,"7556 Wydown Blvd, Saint Louis, MO 63105",19,7,8,2,2,0.98,gable,gable_family,0.773,masonry_un,masonry,0.995,"brick, stone",undamaged,,none,0.52
126,undergrad,38.642714,-90.332183,"7552 Wydown Blvd, Saint Louis, MO 63105",19,8,6,3,3,0.715,flat,flat,0.66,masonry_un,masonry,0.98,"brick,stucco,wood,stone",undamaged,,none,0.465
127,undergrad,38.642642,-90.331847,"7542 Wydown Blvd, Saint Louis, MO 63105",19,8,8,3,3,0.715,gable,gable_family,0.907,masonry_un,masonry,0.985,brick,minor_damage,,none,0.62
128,undergrad,38.642664,-90.331408,"7536 Wydown Blvd, Saint Louis, MO 63105",19,8,8,3,3,0.725,gable,gable_family,0.841,masonry_un,masonry,0.995,"brick,stone",undamaged,,none,0.58
129,undergrad,38.642714,-90.331053,"7526 Wydown Blvd, Saint Louis, MO 63105",19,8,6,3,3,0.705,flat,flat,0.67,masonry_un,masonry,1.0,"brick,stucco,wood,stone",undamaged,,none,0.585
130,undergrad,38.642736,-90.330808,"7520 Wydown Blvd, Saint Louis, MO 63105",19,8,8,3,3,0.65,gable,gable_family,0.766,masonry_un,masonry,0.96,brick,undamaged,,none,0.585
131,undergrad,38.642725,-90.330503,"7514 Wydown Blvd, Saint Louis, MO 63105",19,7,6,2,2,0.895,complex,complex_family,0.686,masonry_un,masonry,0.985,brick,undamaged,,none,0.71
132,undergrad,38.642711,-90.330231,"7506 Wydown Blvd, Saint Louis, MO 63105",19,7,6,2,2,0.91,complex,complex_family,0.695,masonry_un,masonry,0.995,"stone,stucco",undamaged,,none,0.435
133,undergrad,38.642722,-90.329958,"7500 Wydown Blvd, Saint Louis, MO 63105",19,7,8,2,2,0.855,gable,gable_family,0.877,masonry_un,masonry,1.0,"brick,stucco",undamaged,,none,0.455
134,undergrad,38.642417,-90.332931,"620 Westwood Dr, Saint Louis, MO 63105",19,7,8,2,2,0.945,gable,gable_family,0.869,masonry_un,masonry,0.995,brick,undamaged,,none,0.785
135,undergrad,38.642411,-90.332539,"7557 Byron Pl, Saint Louis, MO 63105",19,7,6,2,2,0.775,hip,hip_family,0.64,masonry_un,masonry,1.0,brick,undamaged,,none,0.625
136,undergrad,38.642417,-90.332094,"7555 Byron Pl, Saint Louis, MO 63105",,8,6,,3,0.708,,complex_family,0.715,,masonry,0.975,,,,none,0.59
137,undergrad,38.642406,-90.331619,"7539 Byron Pl, Saint Louis, MO 63105",19,7,6,2,2,0.749,hip,hip_family,0.7,masonry_un,masonry,0.99,brick,undamaged,,none,0.46
138,undergrad,38.642417,-90.331289,"7531 Byron Pl, Saint Louis, MO 63105",19,7,6,2,2,0.72,complex,complex_family,0.895,masonry_un,masonry,1.0,"brick, stone",undamaged,,none,0.64
139,undergrad,38.642411,-90.33105,"7525 Byron Pl, Saint Louis, MO 63105",19,7,6,2,2,0.865,complex,complex_family,0.795,masonry_un,masonry,1.0,"brick, stone",undamaged,,none,0.61
140,undergrad,38.642381,-90.330803,"7521 Byron Pl, Saint Louis, MO 63105",19,8,6,3,3,0.885,complex,complex_family,0.915,masonry_un,masonry,0.995,"brick, stone",undamaged,,none,0.445
141,undergrad,38.642381,-90.330519,"7511 Byron Pl, Saint Louis, MO 63105",19,7,6,2,2,0.82,hip,hip_family,0.7,masonry_un,masonry,0.995,brick,undamaged,,none,0.65
142,undergrad,38.642369,-90.330219,"7507 Byron Pl, Saint Louis, MO 63105",19,7,8,2,2,0.915,gable,gable_family,0.832,masonry_un,masonry,1.0,brick,undamaged,,none,0.615
143,undergrad,38.642369,-90.330003,"7501 Byron Pl, Saint Louis, MO 63105",19,7,8,2,2,0.93,gable,gable_family,0.902,masonry_un,masonry,0.99,brick,minor_damage,,none,0.545
144,undergrad,38.641539,-90.333581,"703 Westwood Dr, Saint Louis, MO 63105",19,8,6,3,3,0.77,complex,complex_family,0.755,masonry_un,masonry,0.995,"brick,wood",undamaged,,none,0.79
145,undergrad,38.641228,-90.333614,"715 Westwood Dr, Saint Louis, MO 63105",19,8,6,3,3,0.675,mansard,complex_family,0.73,masonry_un,masonry,0.995,brick,undamaged,,none,0.735
146,undergrad,38.640922,-90.333619,"721 Westwood Dr, Saint Louis, MO 63105",19,8,8,3,3,0.755,gable,gable_family,0.714,masonry_un,masonry,0.995,brick,undamaged,,none,0.715
147,undergrad,38.640672,-90.333658,"731 Westwood Dr, Saint Louis, MO 63105",19,7,6,2,2,0.912,complex,complex_family,0.714,masonry_un,masonry,1.0,"brick,stone,stucco",undamaged,,none,0.79
148,undergrad,38.640367,-90.333753,"745 Westwood Dr, Saint Louis, MO 63105",19,8,6,3,3,0.72,complex,complex_family,0.78,masonry_un,masonry,0.99,brick,undamaged,,none,0.835
149,undergrad,38.641931,-90.332925,"7570 Byron Pl, Saint Louis, MO 63105",19,8,6,3,3,0.87,complex,complex_family,0.86,masonry_un,masonry,1.0,brick,undamaged,,none,0.785
150,undergrad,38.641908,-90.332522,"7558 Byron Pl, Saint Louis, MO 63105",19,8,6,3,3,0.76,complex,complex_family,0.78,masonry_un,masonry,0.995,"brick,stucco,wood,stone",minor_damage,,none,0.685
151,undergrad,38.641947,-90.332075,"7546 Byron Pl, Saint Louis, MO 63105",19,8,6,3,3,0.865,complex,complex_family,0.885,masonry_un,masonry,1.0,"brick,stucco,wood,stone",minor_damage,,none,0.445
152,undergrad,38.641933,-90.331728,"7542 Byron Pl, Saint Louis, MO 63105",19,8,6,3,3,0.85,complex,complex_family,0.865,masonry_un,masonry,1.0,"brick,stucco,wood",decent_damage,,moderate,0.4
153,undergrad,38.641958,-90.331494,"7536 Byron Pl, Saint Louis, MO 63105",19,8,6,3,3,0.82,complex,complex_family,0.85,masonry_un,masonry,0.985,brick,minor_damage,,none,0.485
154,undergrad,38.641939,-90.331253,"7532 Byron Pl, Saint Louis, MO 63105",19,8,6,3,3,0.77,complex,complex_family,0.87,masonry_un,masonry,1.0,brick,undamaged,,none,0.43
155,undergrad,38.641939,-90.331053,"7526 Byron Pl, Saint Louis, MO 63105",19,7,6,2,2,0.835,hip,hip_family,0.63,masonry_un,masonry,1.0,brick,minor_damage,,moderate,0.435
156,undergrad,38.641967,-90.330811,"7520 Byron Pl, Saint Louis, MO 63105",19,8,6,3,3,0.86,complex,complex_family,0.905,masonry_un,masonry,0.985,brick,minor_damage,,none,0.57
157,undergrad,38.641969,-90.330539,"7514 Byron Pl, Saint Louis, MO 63105",19,8,6,3,3,0.71,complex,complex_family,0.765,masonry_un,masonry,1.0,brick,undamaged,,none,0.495
158,undergrad,38.641942,-90.3302,"7506 Byron Pl, Saint Louis, MO 63105",19,8,6,3,3,0.64,flat,flat,0.63,masonry_un,masonry,0.995,brick,undamaged,,none,0.5
159,undergrad,38.641669,-90.332325,"7553 Parkdale Ave, Saint Louis, MO 63105",19,8,6,3,3,0.865,complex,complex_family,0.885,masonry_un,masonry,0.995,brick,undamaged,,none,0.715
160,undergrad,38.641647,-90.331967,"7545 Parkdale Ave, Saint Louis, MO 63105",19,8,6,3,3,0.815,hip,hip_family,0.663,masonry_un,masonry,1.0,brick,minor_damage,,none,0.6
161,undergrad,38.64165,-90.331739,"7541 Parkdale Ave, Saint Louis, MO 63105",19,8,6,3,3,0.755,complex,complex_family,0.78,masonry_un,masonry,0.995,brick,minor_damage,,none,0.435
162,undergrad,38.641628,-90.331511,"7537 Parkdale Ave, Saint Louis, MO 63105",19,8,6,3,3,0.91,complex,complex_family,0.865,masonry_un,masonry,0.995,"brick, stone",undamaged,,none,0.47
163,undergrad,38.641647,-90.331275,"7533 Parkdale Ave, Saint Louis, MO 63105",19,8,6,3,3,0.91,complex,complex_family,0.91,masonry_un,masonry,0.995,"brick, stone",undamaged,,none,0.62
164,undergrad,38.641653,-90.33105,"7525 Parkdale Ave, Saint Louis, MO 63105",19,8,6,3,3,0.895,complex,complex_family,0.87,masonry_un,masonry,1.0,brick,undamaged,,none,0.605
165,undergrad,38.641617,-90.330803,"7519 Parkdale Ave, Saint Louis, MO 63105",19,8,6,3,3,0.925,complex,complex_family,0.84,masonry_un,masonry,0.995,"brick,stone",minor_damage,,none,0.515
166,undergrad,38.641617,-90.330517,"7515 Parkdale Ave, Saint Louis, MO 63105",19,8,6,3,3,0.885,complex,complex_family,0.885,masonry_un,masonry,0.995,"brick,stone,stucco",minor_damage,,none,0.535
167,undergrad,38.641622,-90.330242,"7507 Parkdale Ave, Saint Louis, MO 63105",19,8,6,3,3,0.885,complex,complex_family,0.895,masonry_un,masonry,0.985,"brick,stucco,wood,stone",minor_damage,,none,0.445
168,undergrad,38.641614,-90.329997,"7501 Parkdale Ave, Saint Louis, MO 63105",19,7,6,2,2,0.95,complex,complex_family,0.77,masonry_un,masonry,0.99,"brick,stucco,wood",undamaged,,none,0.555
169,undergrad,38.641197,-90.329989,"7500 Parkdale Ave, Saint Louis, MO 63105",19,7,6,2,2,0.98,complex,complex_family,0.62,masonry_un,masonry,0.995,brick,undamaged,,none,0.5
170,undergrad,38.641183,-90.330253,"7510 Parkdale Ave, Saint Louis, MO 63105",19,8,6,3,3,0.895,complex,complex_family,0.875,masonry_un,masonry,1.0,"brick, stucco",undamaged,,none,0.66
171,undergrad,38.641161,-90.331167,"7528 Parkdale Ave, Saint Louis, MO 63105",19,8,6,3,3,0.905,complex,complex_family,0.86,masonry_un,masonry,0.985,"brick, stone",undamaged,,none,0.55
172,undergrad,38.641136,-90.332322,"7552 Parkdale Ave, Saint Louis, MO 63105",19,8,6,3,3,0.92,complex,complex_family,0.9,masonry_un,masonry,1.0,"brick,stone,stucco",undamaged,,none,0.63
173,undergrad,38.640894,-90.333006,"7571 Buckingham Dr, Saint Louis, MO 63105",19,7,6,2,2,0.794,complex,complex_family,0.815,masonry_un,masonry,0.985,"stone,brick,stucco",minor_damage,,none,0.705
174,undergrad,38.640872,-90.332672,"7563 Buckingham Dr, Saint Louis, MO 63105",19,8,6,3,3,0.86,complex,complex_family,0.9,masonry_un,masonry,0.995,brick,minor_damage,,none,0.72
175,undergrad,38.640878,-90.332406,"7557 Buckingham Dr, Saint Louis, MO 63105",19,8,6,3,3,0.82,complex,complex_family,0.835,masonry_un,masonry,0.99,"brick,stone",undamaged,,none,0.78
176,undergrad,38.640847,-90.331728,"7543 Buckingham Dr, Saint Louis, MO 63105",19,8,6,3,3,0.84,complex,complex_family,0.82,masonry_un,masonry,0.995,"brick,wood",undamaged,,none,0.65
177,undergrad,38.640853,-90.331508,"7537 Buckingham Dr, Saint Louis, MO 63105",19,8,6,3,3,0.835,complex,complex_family,0.9,masonry_un,masonry,1.0,"brick,stone",undamaged,,none,0.44
178,undergrad,38.640844,-90.331281,"7533 Buckingham Dr, Saint Louis, MO 63105",19,8,6,3,3,0.925,complex,complex_family,0.915,masonry_un,masonry,0.995,"brick,stone,stucco",undamaged,,none,0.585
179,undergrad,38.640861,-90.331047,"7527 Buckingham Dr, Saint Louis, MO 63105",19,8,6,3,3,0.775,complex,complex_family,0.87,masonry_un,masonry,0.995,"brick,stucco,wood,stone",undamaged,,none,0.645
180,undergrad,38.640886,-90.330686,"7515 Buckingham Dr, Saint Louis, MO 63105",19,8,6,3,3,0.74,complex,complex_family,0.81,masonry_un,masonry,1.0,"brick, stucco",undamaged,,none,0.59
181,undergrad,38.640872,-90.330236,"7507 Buckingham Dr, Saint Louis, MO 63105",19,8,6,3,3,0.86,complex,complex_family,0.815,masonry_un,masonry,1.0,brick,undamaged,,none,0.555
182,undergrad,38.640861,-90.329956,"7501 Buckingham Dr, Saint Louis, MO 63105",19,7,8,2,2,0.89,gable-hip_combo,gable_family,0.818,masonry_un,masonry,0.995,"brick,stone",undamaged,,none,0.495
183,undergrad,38.640361,-90.329961,"7500 Buckingham Dr, Saint Louis, MO 63105",19,7,6,2,2,0.957,complex,complex_family,0.651,masonry_un,masonry,0.98,"brick,stone,wood",undamaged,,none,0.48
184,undergrad,38.640425,-90.330531,"7514 Buckingham Dr, Saint Louis, MO 63105",19,8,6,3,3,0.875,complex,complex_family,0.878,masonry_un,masonry,0.99,"brick,stone",undamaged,,none,0.485
185,undergrad,38.640403,-90.330808,"7520 Buckingham Dr, Saint Louis, MO 63105",19,8,6,3,3,0.865,complex,complex_family,0.855,masonry_un,masonry,1.0,"brick,stone",undamaged,,none,0.49
186,undergrad,38.640389,-90.331314,"7530 Buckingham Dr, Saint Louis, MO 63105",19,8,6,3,3,0.905,complex,complex_family,0.845,masonry_un,masonry,0.995,brick,undamaged,,none,0.51
187,undergrad,38.640422,-90.331519,"7536 Buckingham Dr, Saint Louis, MO 63105",19,7,6,2,2,0.705,mansard,complex_family,0.835,masonry_un,masonry,1.0,"brick,stone,wood",undamaged,,none,0.545
188,undergrad,38.640422,-90.332175,"7552 Buckingham Dr, Saint Louis, MO 63105",19,7,6,2,2,0.8,complex,complex_family,0.768,masonry_un,masonry,0.995,"brick, stucco",undamaged,,none,0.65
189,undergrad,38.640408,-90.332464,"7558 Buckingham Dr, Saint Louis, MO 63105",19,7,6,2,2,0.765,complex,complex_family,0.875,masonry_un,masonry,1.0,brick,undamaged,,none,0.775
190,undergrad,38.640408,-90.332658,"7564 Buckingham Dr, Saint Louis, MO 63105",19,8,6,3,3,0.845,complex,complex_family,0.83,masonry_un,masonry,0.985,brick,undamaged,,none,0.785
191,undergrad,38.640081,-90.3331,"7575 Oxford Dr, Saint Louis, MO 63105",19,7,8,2,2,0.974,gable-hip_combo,gable_family,0.876,masonry_un,masonry,1.0,"brick,stone,wood",undamaged,,none,0.82
192,undergrad,38.640086,-90.332856,"7569 Oxford Dr, Saint Louis, MO 63105",19,7,8,2,2,0.83,gable,gable_family,0.693,masonry_un,masonry,1.0,"brick,stone,stucco,wood",undamaged,,none,0.83
193,undergrad,38.640108,-90.332542,"7561 Oxford Dr, Saint Louis, MO 63105",19,8,8,3,3,0.865,gable-hip_combo,gable_family,0.614,masonry_un,masonry,1.0,"brick,stone",undamaged,,none,0.85
194,undergrad,38.640081,-90.332217,"7551 Oxford Dr, Saint Louis, MO 63105",19,7,8,2,2,0.84,gable,gable_family,0.785,masonry_un,masonry,1.0,brick,undamaged,,none,0.78
195,undergrad,38.640114,-90.331978,"7545 Oxford Dr, Saint Louis, MO 63105",19,8,6,3,3,0.72,complex,complex_family,0.751,masonry_un,masonry,0.99,"brick,stucco,wood",undamaged,,none,0.73
196,undergrad,38.640114,-90.331739,"7539 Oxford Dr, Saint Louis, MO 63105",19,8,6,3,3,0.719,complex,complex_family,0.72,masonry_un,masonry,0.985,"brick, stucco",undamaged,,none,0.675
197,undergrad,38.640083,-90.331522,"7535 Oxford Dr, Saint Louis, MO 63105",19,7,8,2,2,0.87,gable-hip_combo,gable_family,0.758,masonry_un,masonry,0.995,brick,undamaged,,none,0.675
198,undergrad,38.640072,-90.331067,"7527 Oxford Dr, Saint Louis, MO 63105",19,8,6,3,3,0.81,complex,complex_family,0.74,masonry_un,masonry,0.98,"brick,stucco,wood",undamaged,,moderate,0.415
199,undergrad,38.640147,-90.330664,"7519 Oxford Dr, Saint Louis, MO 63105",19,8,6,3,3,0.796,hip,hip_family,0.685,masonry_un,masonry,0.985,brick,undamaged,,none,0.545
200,undergrad,38.640092,-90.330244,"7507 Oxford Dr, Saint Louis, MO 63105",19,8,6,3,3,0.766,complex,complex_family,0.785,masonry_un,masonry,1.0,"brick,stone",undamaged,,moderate,0.46
201,undergrad,38.640108,-90.329956,"7501 Oxford Dr, Saint Louis, MO 63105",19,7,8,2,2,0.885,gable-hip_combo,gable_family,0.802,masonry_un,masonry,0.985,"brick,stone",undamaged,,none,0.52
202,undergrad,38.642706,-90.329503,"7448 Wydown Blvd, Saint Louis, MO 63105",19,8,8,3,3,0.711,gable,gable_family,0.897,masonry_un,masonry,1.0,"brick,stone",undamaged,,none,0.575
203,undergrad,38.642711,-90.329208,"7444 Wydown Blvd, Saint Louis, MO 63105",19,7,8,2,2,0.965,gable,gable_family,0.888,masonry_un,masonry,0.965,brick,undamaged,,none,0.47
204,undergrad,38.642725,-90.328267,"7420 Wydown Blvd, Saint Louis, MO 63105",19,7,6,2,2,0.945,hip,hip_family,0.677,masonry_un,masonry,0.985,brick,undamaged,,moderate,0.495
205,undergrad,38.642711,-90.328006,"7414 Wydown Blvd, Saint Louis, MO 63105",19,7,8,2,2,0.92,gable,gable_family,0.858,masonry_un,masonry,0.985,brick,undamaged,,none,0.61
206,undergrad,38.642708,-90.327772,"7408 Wydown Blvd, Saint Louis, MO 63105",19,7,8,2,2,0.95,gable,gable_family,0.837,masonry_un,masonry,0.99,"brick,stone,stucco,wood",undamaged,,none,0.51
207,undergrad,38.642708,-90.327444,"7400 Wydown Blvd, Saint Louis, MO 63105",19,7,8,2,2,0.94,gable,gable_family,0.908,masonry_un,masonry,0.995,"brick, stucco",undamaged,,none,0.56
208,undergrad,38.642364,-90.329503,"7451 Byron Pl, Saint Louis, MO 63105",19,7,8,2,2,0.955,gable,gable_family,0.893,masonry_un,masonry,0.995,"brick, wood",undamaged,,none,0.445
209,undergrad,38.642372,-90.329236,"7445 Byron Pl, Saint Louis, MO 63105",19,7,6,2,2,0.95,complex,complex_family,0.676,masonry_un,masonry,0.97,"brick, wood, stucco",undamaged,,moderate,0.43
210,undergrad,38.64235,-90.328922,"7441 Byron Pl, Saint Louis, MO 63105",19,7,8,2,2,0.955,gable,gable_family,0.851,masonry_un,masonry,0.99,"brick, wood, stucco",undamaged,,none,0.68
211,undergrad,38.642367,-90.328678,"7435 Byron Pl, Saint Louis, MO 63105",19,7,8,2,2,0.97,gable,gable_family,0.857,masonry_un,masonry,0.985,brick,undamaged,,none,0.55
212,undergrad,38.642358,-90.328453,"7429 Byron Pl, Saint Louis, MO 63105",19,7,8,2,2,0.974,gable-hip_combo,gable_family,0.803,masonry_un,masonry,1.0,"brick, stucco",undamaged,,none,0.62
213,undergrad,38.642364,-90.328231,"7425 Byron Pl, Saint Louis, MO 63105",19,7,6,2,2,0.985,hip,hip_family,0.634,masonry_un,masonry,1.0,brick,undamaged,,none,0.58
214,undergrad,38.642364,-90.328006,"7417 Byron Pl, Saint Louis, MO 63105",19,7,8,2,2,0.96,gable-hip_combo,gable_family,0.87,masonry_un,masonry,1.0,brick,undamaged,,none,0.51
215,undergrad,38.642375,-90.327767,"7415 Byron Pl, Saint Louis, MO 63105",19,7,8,2,2,0.99,gable-hip_combo,gable_family,0.923,masonry_un,masonry,1.0,"brick, stone, wood",undamaged,,none,0.515
216,undergrad,38.642367,-90.327544,"7411 Byron Pl, Saint Louis, MO 63105",19,7,8,2,2,0.974,gable,gable_family,0.916,masonry_un,masonry,1.0,"brick, wood",undamaged,,none,0.54
217,undergrad,38.641889,-90.327203,"625 Audobon Dr, Saint Louis, MO 63105",19,7,6,2,2,0.95,complex,complex_family,0.646,masonry_un,masonry,0.995,"brick,stone,stucco,wood",undamaged,,none,0.505
218,undergrad,38.641969,-90.327564,"7408 Byron Pl, Saint Louis, MO 63105",19,7,8,2,2,0.949,gable,gable_family,0.892,masonry_un,masonry,0.975,brick,undamaged,,none,0.45
219,undergrad,38.641969,-90.327781,"7414 Byron Pl, Saint Louis, MO 63105",19,7,8,2,2,0.975,gable,gable_family,0.929,masonry_un,masonry,0.995,"brick, wood, stucco",undamaged,,none,0.58
220,undergrad,38.641956,-90.328011,"7418 Byron Pl, Saint Louis, MO 63105",19,7,8,2,2,0.97,gable,gable_family,0.898,masonry_un,masonry,1.0,"brick, wood, stucco",undamaged,,none,0.545
221,undergrad,38.641956,-90.328239,"7424 Byron Pl, Saint Louis, MO 63105",19,7,8,2,2,0.97,gable-hip_combo,gable_family,0.764,masonry_un,masonry,1.0,brick,undamaged,,none,0.565
222,undergrad,38.641956,-90.328944,"7440 Byron Pl, Saint Louis, MO 63105",19,7,6,2,2,0.979,complex,complex_family,0.648,masonry_un,masonry,0.985,brick,undamaged,,none,0.555
223,undergrad,38.641947,-90.329208,"7446 Byron Pl, Saint Louis, MO 63105",19,7,8,2,2,0.97,gable-hip_combo,gable_family,0.872,masonry_un,masonry,1.0,brick,minor_damage,,none,0.51
224,undergrad,38.641589,-90.329517,"7459 Parkdale Ave, Saint Louis, MO 63105",19,7,6,2,2,0.94,hip,hip_family,0.706,masonry_un,masonry,0.99,brick,undamaged,,moderate,0.515
225,undergrad,38.641586,-90.329233,"7451 Parkdale Ave, Saint Louis, MO 63105",19,7,8,2,2,0.995,gable,gable_family,0.902,masonry_un,masonry,0.99,brick,major_damage,,none,0.445
226,undergrad,38.6416,-90.328947,"7445 Parkdale Ave, Saint Louis, MO 63105",19,7,8,2,2,0.994,gable,gable_family,0.912,masonry_un,masonry,0.995,brick,undamaged,,none,0.595
227,undergrad,38.6416,-90.328703,"7439 Parkdale Ave, Saint Louis, MO 63105",19,7,6,2,2,0.964,complex,complex_family,0.642,masonry_un,masonry,1.0,"brick, stucco",undamaged,,none,0.575
228,undergrad,38.641603,-90.328453,"7435 Parkdale Ave, Saint Louis, MO 63105",19,7,8,2,2,0.978,gable,gable_family,0.893,masonry_un,masonry,0.995,"brick, stucco",undamaged,,none,0.565
229,undergrad,38.641575,-90.328233,"7429 Parkdale Ave, Saint Louis, MO 63105",19,7,6,2,2,0.98,complex,complex_family,0.678,masonry_un,masonry,1.0,"brick, stucco",undamaged,,none,0.485
230,undergrad,38.641594,-90.327797,"7419 Parkdale Ave, Saint Louis, MO 63105",19,7,8,2,2,0.954,gable,gable_family,0.834,masonry_un,masonry,0.965,"brick, wood",undamaged,,none,0.51
231,undergrad,38.641589,-90.327472,"7415 Parkdale Ave, Saint Louis, MO 63105",19,7,6,2,2,0.924,hip,hip_family,0.731,masonry_un,masonry,0.995,brick,undamaged,,none,0.57
232,undergrad,38.641583,-90.327258,"7411 Parkdale Ave, Saint Louis, MO 63105",19,7,8,2,2,0.969,gable,gable_family,0.923,masonry_un,masonry,0.99,"brick, wood",major_damage,,none,0.54
233,undergrad,38.641597,-90.327022,"7401 Parkdale Ave, Saint Louis, MO 63105",19,7,8,2,2,0.98,gambred,gable_family,0.833,masonry_un,masonry,0.995,"brick, stucco",undamaged,,none,0.46
234,undergrad,38.641158,-90.326936,"7400 Parkdale Ave, Saint Louis, MO 63105",19,7,8,2,2,0.99,gable,gable_family,0.893,masonry_un,masonry,0.99,"brick, wood",undamaged,,moderate,0.49
235,undergrad,38.641194,-90.327544,"7414 Parkdale Ave, Saint Louis, MO 63105",19,7,8,2,2,0.92,gable,gable_family,0.914,masonry_un,masonry,1.0,brick,undamaged,,none,0.595
236,undergrad,38.641181,-90.328011,"7426 Parkdale Ave, Saint Louis, MO 63105",19,7,6,2,2,0.97,complex,complex_family,0.709,masonry_un,masonry,0.995,"brick, stone, wood, stucco",undamaged,,none,0.6
237,undergrad,38.641183,-90.328467,"7436 Parkdale Ave, Saint Louis, MO 63105",19,7,8,2,2,0.938,gable,gable_family,0.816,masonry_un,masonry,0.99,"brick, stucco",undamaged,,none,0.545
238,undergrad,38.641197,-90.328958,"7446 Parkdale Ave, Saint Louis, MO 63105",19,7,6,2,2,0.989,hip,hip_family,0.716,masonry_un,masonry,0.99,"brick, stone,wood",undamaged,,none,0.56
239,undergrad,38.641192,-90.329256,"7452 Parkdale Ave, Saint Louis, MO 63105",19,7,8,2,2,1.0,gable,gable_family,0.934,masonry_un,masonry,1.0,"brick, stone",undamaged,,none,0.62
240,undergrad,38.640814,-90.329525,"7457 Buckingham Dr, Saint Louis, MO 63105",19,7,6,2,2,0.954,hip,hip_family,0.729,masonry_un,masonry,0.98,"brick, stone",undamaged,,none,0.61
241,undergrad,38.640808,-90.329206,"7451 Buckingham Dr, Saint Louis, MO 63105",19,7,8,2,2,0.939,gable,gable_family,0.863,masonry_un,masonry,0.985,"brick, stucco",major_damage,,none,0.475
242,undergrad,38.640819,-90.328917,"7445 Buckingham Dr, Saint Louis, MO 63105",19,7,8,2,2,0.96,gable,gable_family,0.879,masonry_un,masonry,0.995,"brick, wood",undamaged,,none,0.485
243,undergrad,38.640811,-90.328475,"7435 Buckingham Dr, Saint Louis, MO 63105",19,8,8,3,3,0.605,gable,gable_family,0.838,masonry_un,masonry,0.99,brick,undamaged,,none,0.665
244,undergrad,38.640833,-90.328247,"7429 Buckingham Dr, Saint Louis, MO 63105",19,7,6,2,2,0.97,complex,complex_family,0.608,masonry_un,masonry,0.985,brick,undamaged,,none,0.485
245,undergrad,38.640814,-90.328025,"7425 Buckingham Dr, Saint Louis, MO 63105",19,7,8,2,2,0.929,gable,gable_family,0.877,masonry_un,masonry,0.99,"brick, stone, stucco, wood",undamaged,,none,0.47
246,undergrad,38.640811,-90.327514,"7415 Buckingham Dr, Saint Louis, MO 63105",19,7,6,2,2,0.98,complex,complex_family,0.723,masonry_un,masonry,1.0,"brick, stone",undamaged,,none,0.595
247,undergrad,38.640822,-90.327264,"7407 Buckingham Dr, Saint Louis, MO 63105",19,7,6,2,2,0.94,complex,complex_family,0.656,masonry_un,masonry,0.99,"brick, stucco",undamaged,,moderate,0.46
248,undergrad,38.779064,-90.000108,"1 Country Club Ln, Edwardsville, IL 62025",19,7,6,2,2,0.88,complex,complex_family,0.696,masonry_un,masonry,0.915,stucco,unknown,,none,0.66
249,undergrad,38.778292,-90.000886,"2 Country Club Ln, Edwardsville, IL 62025",19,7,6,2,2,0.859,complex,complex_family,0.765,masonry_un,masonry,0.935,"brick, stucco, wood",unknown,,none,0.8
250,undergrad,38.640394,-90.329508,"7460 Buckingham Dr, Saint Louis, MO 63105",19,7,8,2,2,0.955,gable-hip_combo,gable_family,0.828,masonry_un,masonry,0.995,"brick, stucco",undamaged,,none,0.575
251,undergrad,38.640406,-90.328958,"7442 Buckingham Dr, Saint Louis, MO 63105",19,7,8,2,2,0.975,gable-hip_combo,gable_family,0.909,masonry_un,masonry,0.99,brick,undamaged,,none,0.515
252,undergrad,38.640414,-90.328689,"7438 Buckingham Dr, Saint Louis, MO 63105",19,7,8,2,2,0.985,gable,gable_family,0.817,masonry_un,masonry,0.99,"brick, stone, stucco, wood",undamaged,,none,0.665
253,undergrad,38.640417,-90.328483,"7434 Buckingham Dr, St Louis, MO 63105",19,7,8,2,2,0.894,gable-hip_combo,gable_family,0.84,masonry_un,masonry,1.0,"brick, stone",undamaged,,none,0.595
254,undergrad,38.640425,-90.328019,"7424 Buckingham Dr, St Louis, MO 63105",19,7,8,2,2,0.95,gable,gable_family,0.85,masonry_un,masonry,0.985,brick,undamaged,,none,0.495
255,undergrad,38.640406,-90.327536,"7412 Buckingham Dr, St Louis, MO 63105",19,7,8,2,2,0.99,gable-hip_combo,gable_family,0.805,masonry_un,masonry,0.99,"brick, stone",undamaged,,none,0.61
256,undergrad,38.640422,-90.32725,"7406 Buckingham Dr, St Louis, MO 63105",19,7,8,2,2,0.955,gable-hip_combo,gable_family,0.807,masonry_un,masonry,0.995,"brick, stone, stucco",undamaged,,none,0.49
257,undergrad,38.640036,-90.327006,"7401 Oxford Dr, St Louis, MO 63105",19,7,6,2,2,0.935,complex,complex_family,0.7,masonry_un,masonry,0.995,stucco,undamaged,,none,0.525
258,undergrad,38.640042,-90.327517,"7411 Oxford Dr, St Louis MO 63105",19,7,8,2,2,0.95,gable,gable_family,0.921,masonry_un,masonry,0.99,brick,undamaged,,none,0.605
259,undergrad,38.640028,-90.328231,"7427 Oxford Dr, St Louis MO 63105",19,7,6,2,2,0.935,hip,hip_family,0.741,masonry_un,masonry,1.0,brick,undamaged,,none,0.585
260,undergrad,38.640042,-90.328194,"7435 Oxford dr, St louis, MO 63105",19,7,8,2,2,0.93,gable,gable_family,0.853,masonry_un,masonry,0.99,"brick, wood",undamaged,,none,0.565
261,undergrad,38.640039,-90.328681,"7437 Oxford Dr, St Louis, MO 63105",19,7,8,2,2,0.96,gable-hip_combo,gable_family,0.841,masonry_un,masonry,1.0,"brick, wood",undamaged,,none,0.555
262,undergrad,38.640039,-90.328958,"7445 Oxford Dr, St Louis, MO 63105",19,7,8,2,2,0.935,gable,gable_family,0.823,masonry_un,masonry,0.995,brick,undamaged,,moderate,0.45
263,undergrad,38.640047,-90.329217,"7449 Oxford Dr, St Louis, MO 63105",19,7,8,2,2,0.96,gable,gable_family,0.832,masonry_un,masonry,1.0,"brick, stone",undamaged,,none,0.61
264,undergrad,38.642356,-90.325333,"4 Crestwood Dr, St Louis, MO 63105",19,7,8,2,2,0.945,gable,gable_family,0.843,masonry_un,masonry,0.99,brick,undamaged,,none,0.505
265,undergrad,38.642058,-90.325222,"6 Crestwood Dr, St Louis, MO 63105",19,7,8,2,2,0.97,gable,gable_family,0.848,masonry_un,masonry,0.98,"brick, stucco",undamaged,,none,0.555
266,undergrad,38.641786,-90.325128,"8 Crestwood Dr, St Louis, MO 63105",19,7,8,2,2,0.94,gable,gable_family,0.812,masonry_un,masonry,1.0,"brick, stucco, wood",undamaged,,none,0.505
267,undergrad,38.641539,-90.325061,"10 Crestwood Dr, St Louis, MO 63105",19,7,6,2,2,0.975,hip,hip_family,0.701,masonry_un,masonry,0.985,"brick, stone",undamaged,,none,0.515
268,undergrad,38.641269,-90.324808,"14 Crestwood Dr, St Louis, MO 63105",19,7,8,2,2,0.99,gable,gable_family,0.889,masonry_un,masonry,0.995,stucco,undamaged,,moderate,0.445
269,undergrad,38.641019,-90.324528,"16 Crestwood Dr, St Louis, MO 63105",19,7,8,2,2,0.985,gable,gable_family,0.908,masonry_un,masonry,0.995,"brick, stucco, stone",undamaged,,none,0.595
270,undergrad,38.640433,-90.324119,"26 Crestwood Dr, St Louis, MO 63105",19,7,8,2,2,0.95,gable,gable_family,0.822,masonry_un,masonry,0.995,"brick, stone, stucco, wood",undamaged,,none,0.555
271,undergrad,38.639733,-90.324006,"36 Crestwood Dr, St Louis, MO 63105",19,7,6,2,2,0.97,hip,hip_family,0.69,masonry_un,masonry,0.985,"brick, stone",undamaged,,none,0.485
272,undergrad,38.639633,-90.327792,"7416 Oxford Dr, St Louis, MO 63105",19,7,8,2,2,0.944,gable-hip_combo,gable_family,0.889,masonry_un,masonry,0.99,"brick, stone, stucco, wood",undamaged,,none,0.595
273,undergrad,38.639633,-90.32755,"7410 Oxford Dr, St Louis, MO 63105",19,7,8,2,2,0.955,gable,gable_family,0.894,masonry_un,masonry,0.995,stucco,undamaged,,none,0.55
274,undergrad,38.639647,-90.327253,"7404 Oxford Dr, St Louis, MO 63105",19,7,6,2,2,0.919,complex,complex_family,0.755,masonry_un,masonry,1.0,brick,undamaged,,none,0.47
275,undergrad,38.639608,-90.327244,"7400 Oxford Dr, St Louis, MO 63105",19,7,6,2,2,0.92,complex,complex_family,0.735,masonry_un,masonry,0.995,"brick, stone, wood",undamaged,,none,0.525
276,undergrad,38.63955,-90.326414,"806 Audubon Dr, St Louis, MO 63105",19,7,8,2,2,0.965,gable,gable_family,0.909,masonry_un,masonry,1.0,stucco,undamaged,,none,0.695
277,undergrad,38.639731,-90.326478,"800 Audubon Dr, St Louis, MO 63105",19,7,8,2,2,0.985,gable-hip_combo,gable_family,0.844,masonry_un,masonry,0.99,brick,undamaged,,none,0.595
278,undergrad,38.639928,-90.326511,"736 Audubon Dr, St Louis, MO 63105",19,7,6,2,2,0.965,complex,complex_family,0.696,masonry_un,masonry,1.0,"brick, stucco",undamaged,,none,0.57
279,undergrad,38.640106,-90.326489,"730 Audubon Dr, St Louis, MO 63105",19,7,8,2,2,0.975,gable-hip_combo,gable_family,0.841,masonry_un,masonry,1.0,"brick, stone",undamaged,,none,0.445
280,undergrad,38.640328,-90.326464,"724 Audubon Dr, St Louis, MO 63105",19,7,6,2,2,0.925,complex,complex_family,0.706,masonry_un,masonry,0.985,"brick, stucco",undamaged,,moderate,0.44
281,undergrad,38.640572,-90.326436,"718 Audubon Dr, St Louis, MO 63105",19,7,8,2,2,0.975,gable,gable_family,0.904,masonry_un,masonry,0.985,"brick, stucco",undamaged,,none,0.57
282,undergrad,38.641,-90.326403,"708 Audubon Dr, St Louis, MO 63105",19,7,6,2,2,0.96,complex,complex_family,0.605,masonry_un,masonry,1.0,"brick, stucco, wood",undamaged,,moderate,0.495
283,undergrad,38.641233,-90.326425,"700 Audubon Dr, St Louis, MO 63105",19,7,8,2,2,0.98,gable,gable_family,0.892,masonry_un,masonry,1.0,brick,undamaged,,none,0.535
284,undergrad,38.641675,-90.326539,"632 Audubon Dr, St Louis, MO 63105",19,7,6,2,2,0.935,hip,hip_family,0.675,masonry_un,masonry,0.99,"stucco, wood",minor_damage,,none,0.49
285,undergrad,38.641881,-90.326597,"626 Audubon Dr, St Louis, MO 63105",19,7,8,2,2,0.975,gable,gable_family,0.893,masonry_un,masonry,0.995,"brick, stone, stucco, wood",undamaged,,moderate,0.43
286,undergrad,38.6421,-90.326683,"620 Audubon Dr, St Louis, MO 63105",19,7,8,2,2,0.99,gable,gable_family,0.894,masonry_un,masonry,1.0,"brick, stone, wood",undamaged,,none,0.46
287,undergrad,38.642314,-90.326789,"614 Audubon Dr, St Louis, MO 63105",19,7,8,2,2,0.934,gable,gable_family,0.889,masonry_un,masonry,0.995,brick,undamaged,,moderate,0.485
288,undergrad,38.642297,-90.326111,"3 Crestwood Dr, St Louis, MO 63105",19,7,6,2,2,0.95,hip,hip_family,0.574,masonry_un,masonry,0.985,brick,undamaged,,none,0.455
289,undergrad,38.642008,-90.326022,"5 Crestwood Dr, St Louis, MO 63105",19,8,6,3,3,0.615,complex,complex_family,0.633,masonry_un,masonry,1.0,"stucco, stone, wood",undamaged,,moderate,0.49
290,undergrad,38.641786,-90.325958,"7 Crestwood Dr, St Louis, MO 63105",19,8,6,3,3,0.67,complex,complex_family,0.685,masonry_un,masonry,0.965,brick,minor_damage,,none,0.475
291,undergrad,38.641494,-90.325864,"9 Crestwood Dr, St Louis, MO 63105",19,7,6,2,2,0.965,hip,hip_family,0.687,masonry_un,masonry,1.0,"stucco, stone",undamaged,,none,0.585
292,undergrad,38.641269,-90.325769,"11 Crestwood Dr, St Louis, MO 63105",19,7,6,2,2,0.965,complex,complex_family,0.68,masonry_un,masonry,0.985,brick,minor_damage,,none,0.465
293,undergrad,38.641031,-90.32575,"15 Crestwood Dr, St Louis, MO 63105",19,7,8,2,2,0.95,gable,gable_family,0.808,masonry_un,masonry,0.975,brick,undamaged,,none,0.485
294,undergrad,38.640853,-90.325825,"17 Crestwood Dr, St Louis, MO 63105",19,7,6,2,2,0.99,hip,hip_family,0.645,masonry_un,masonry,1.0,brick,undamaged,,none,0.445
295,undergrad,38.640675,-90.325853,"19 Crestwood Dr, St Louis, MO 63105",19,7,8,2,2,0.97,gable,gable_family,0.895,masonry_un,masonry,0.99,"brick, stucco",undamaged,,none,0.535
296,undergrad,38.640458,-90.325933,"23 Crestwood Dr, St Louis, MO 63105",19,7,8,2,2,0.92,gable,gable_family,0.792,masonry_un,masonry,0.98,"stone, wood, stucco",undamaged,,none,0.63
297,undergrad,38.64025,-90.325975,"27 Crestwood Dr, St Louis, MO 63105",19,7,6,2,2,0.965,complex,complex_family,0.673,masonry_un,masonry,0.995,"stucco, brick, stone",undamaged,,none,0.535
298,undergrad,38.640053,-90.325989,"31 Crestwood Dr, St Louis, MO 63105",19,7,8,2,2,0.99,gable,gable_family,0.88,masonry_un,masonry,0.99,brick,undamaged,,none,0.525
299,undergrad,38.639747,-90.325908,"35 Crestwood Dr, St Louis, MO 63105",19,7,8,2,2,0.974,gable,gable_family,0.911,masonry_un,masonry,1.0,brick,undamaged,,none,0.605
300,undergrad,38.639522,-90.325881,"37 Crestwood Dr, St Louis, MO 63105",19,7,6,2,2,0.985,complex,complex_family,0.69,masonry_un,masonry,1.0,brick,undamaged,,none,0.58
301,undergrad,38.641967,-90.323022,"7 Harcourt Dr, St louis, MO 63105",19,7,8,2,2,0.985,gable,gable_family,0.887,masonry_un,masonry,0.995,brick,undamaged,,none,0.51
302,undergrad,38.641975,-90.322736,"5 Harcourt Dr, St louis, MO 63105",19,7,8,2,2,0.965,gable,gable_family,0.832,masonry_un,masonry,0.995,"brick, stone",minor_damage,,none,0.64
303,undergrad,38.641961,-90.322347,"3 Harcourt Dr, St louis, MO 63105",19,7,6,2,2,0.98,hip,hip_family,0.766,masonry_un,masonry,0.995,brick,undamaged,,none,0.555
304,undergrad,38.641989,-90.322044,"1 Harcourt Dr, St louis, MO 63105",19,7,8,2,2,0.975,gable-hip_combo,gable_family,0.83,masonry_un,masonry,0.995,brick,undamaged,,none,0.63
305,undergrad,38.641381,-90.321967,"9 Ridgemoor Dr, St louis, MO 63105",19,7,6,2,2,0.955,complex,complex_family,0.711,masonry_un,masonry,0.995,"brick, stucco, wood, stone",undamaged,,moderate,0.45
306,undergrad,38.641158,-90.32185,"11 Ridgemoor Dr, St louis, MO 63105",19,7,8,2,2,0.94,gable,gable_family,0.802,masonry_un,masonry,1.0,stucco,undamaged,,none,0.53
307,undergrad,38.640958,-90.321836,"15 Ridgemoor Dr, St louis, MO 63105",19,7,8,2,2,0.96,gable,gable_family,0.852,masonry_un,masonry,1.0,"brick, stone",undamaged,,none,0.745
308,undergrad,38.640572,-90.321808,"19 Ridgemoor Dr, St louis, MO 63105",19,7,8,2,2,0.94,gable,gable_family,0.9,masonry_un,masonry,0.985,"brick, stone",undamaged,,none,0.575
309,undergrad,38.640369,-90.321833,"21 Ridgemoor Dr, St louis, MO 63105",19,7,6,2,2,0.985,complex,complex_family,0.598,masonry_un,masonry,1.0,brick,undamaged,,none,0.51
310,undergrad,38.640272,-90.322331,"22 Hillvale Dr, St louis, MO 63105",19,8,8,3,3,0.662,gable,gable_family,0.853,masonry_un,masonry,1.0,brick,undamaged,,none,0.575
311,undergrad,38.639453,-90.324806,"42 Crestwood Dr, St Louis, MO 63105",19,7,8,2,2,0.95,gable,gable_family,0.869,masonry_un,masonry,0.975,"brick, wood",undamaged,,none,0.555
312,undergrad,38.639703,-90.324742,"38 Crestwood Dr, St Louis, MO 63105",19,7,6,2,2,0.975,complex,complex_family,0.71,masonry_un,masonry,1.0,stucco,undamaged,,none,0.705
313,undergrad,38.640578,-90.32495,"20 Crestwood Dr, St Louis, MO 63105",19,7,6,2,2,0.96,hip,hip_family,0.726,masonry_un,masonry,1.0,brick,undamaged,,none,0.495
314,undergrad,38.640522,-90.325167,"21 Crestwood Dr, St Louis, MO 63105",19,7,8,2,2,0.97,gable,gable_family,0.884,masonry_un,masonry,0.975,brick,undamaged,,none,0.6
315,undergrad,38.640278,-90.32525,"25 Crestwood Dr, St Louis, MO 63105",19,7,8,2,2,0.985,gable,gable_family,0.798,masonry_un,masonry,0.975,stucco,undamaged,,moderate,0.46
316,undergrad,38.639856,-90.325228,"33 Crestwood Dr, St Louis, MO 63105",19,7,8,2,2,0.95,gable,gable_family,0.902,masonry_un,masonry,1.0,brick,undamaged,,none,0.515
317,undergrad,38.639681,-90.325186,"39 Crestwood Dr, St Louis, MO 63105",19,7,8,2,2,0.972,gable,gable_family,0.821,masonry_un,masonry,0.995,brick,undamaged,,none,0.6
318,undergrad,38.639531,-90.323419,"31 Hillvale Dr, St Louis, MO 63105",19,7,6,2,2,0.93,hip,hip_family,0.752,masonry_un,masonry,1.0,brick,undamaged,,none,0.565
319,undergrad,38.639864,-90.323392,"29 Hillvale Dr, St Louis, MO 63105",19,7,6,2,2,0.945,hip,hip_family,0.701,masonry_un,masonry,0.983,brick,undamaged,,none,0.45
320,undergrad,38.641092,-90.322658,"14 Hillvale Dr, St Louis, MO 63105",19,7,8,2,2,0.965,gable,gable_family,0.854,masonry_un,masonry,0.995,"brick, stucco",undamaged,,none,0.56
321,undergrad,38.640694,-90.322519,"18 Hillvale Dr, St Louis, MO 63105",19,7,8,2,2,0.96,gable,gable_family,0.854,masonry_un,masonry,0.99,brick,undamaged,,moderate,0.47
322,undergrad,38.639683,-90.322406,"20 Hillvale Dr, St Louis, MO 63105",19,7,6,2,2,0.98,mansard,complex_family,0.655,masonry_un,masonry,0.99,brick,undamaged,,none,0.535
323,undergrad,38.639108,-38.639108,"34 Ridgemoor Dr, St Louis, MO 63105",19,7,8,2,2,0.812,gable,gable_family,0.706,masonry_un,masonry,0.686,brick,undamaged,,,
324,undergrad,38.639297,-90.321161,"32 Ridgemoor Dr, St Louis, MO 63105",19,7,6,2,2,0.98,hip,hip_family,0.685,masonry_un,masonry,1.0,brick,undamaged,,none,0.56
325,undergrad,38.639469,-90.321153,"30 Ridgemoor Dr, St Louis, MO 63105",19,7,6,2,2,0.99,hip,hip_family,0.66,masonry_un,masonry,1.0,brick,undamaged,,none,0.43
326,undergrad,38.639664,-90.321153,"28 Ridgemoor Dr, St Louis, MO 63105",19,7,8,2,2,0.895,gable,gable_family,0.762,masonry_un,masonry,0.99,brick,undamaged,,none,0.48
327,undergrad,38.641936,-90.310708,"24 Wydown Terrace, Clayton, MO 63105",19,7,6,2,2,0.872,hip,hip_family,0.71,masonry_un,masonry,0.98,stucco,minor_damage,,none,0.535
328,undergrad,38.641522,-90.310867,"81 Aberdeen Pl, Clayton, MO 63105",19,7,6,2,2,0.965,hip,hip_family,0.652,masonry_un,masonry,0.995,stucco,minor_damage,,none,0.555
329,undergrad,38.641611,-90.310478,"79 Aberdeen Pl, Saint Louis, MO 63105",19,7,6,2,2,0.935,hip,hip_family,0.697,masonry_un,masonry,0.995,brick,minor_damage,,none,0.535
330,undergrad,38.639831,-90.321161,"26 Ridgemoor Dr, St louis, MO 63105",19,7,6,2,2,0.985,hip,hip_family,0.655,masonry_un,masonry,0.995,brick,undamaged,,none,0.435
331,undergrad,38.640075,-90.321119,"24 Ridgemoor Dr, St louis, MO 63105",19,7,6,2,2,0.958,hip,hip_family,0.697,masonry_un,masonry,0.995,stucco,undamaged,,none,0.455
332,undergrad,38.640306,-90.321103,"22 Ridgemoor Dr, St Louis, MO 63105",19,7,8,2,2,0.97,gable,gable_family,0.827,masonry_un,masonry,0.985,brick,undamaged,,moderate,0.435
333,undergrad,38.640503,-90.321094,"20 Ridgemoor Dr, St Louis, MO 63105",19,7,8,2,2,0.995,gable,gable_family,0.907,masonry_un,masonry,1.0,brick,undamaged,,none,0.58
334,undergrad,38.642825,-90.310692,"25 Wydown Ter, Saint Louis, MO 63105",19,7,8,2,2,0.9,gable,gable_family,0.773,masonry_un,masonry,0.975,brick,undamaged,,none,0.49
335,undergrad,38.642475,-90.310672,"30 Wydown Ter, Saint Louis, MO 63105",19,7,8,2,2,0.914,gable,gable_family,0.822,masonry_un,masonry,0.98,brick,undamaged,,none,0.585
336,undergrad,38.640928,-90.321064,"16 Ridgemoor Dr, St Louis, MO 63105",19,7,6,2,2,0.97,hip,hip_family,0.732,masonry_un,masonry,0.995,brick,undamaged,,none,0.57
337,undergrad,38.6407,-90.321092,"18 Ridgemoor Dr, St Louis, MO 63105",19,7,6,2,2,0.98,hip,hip_family,0.684,masonry_un,masonry,0.995,brick,undamaged,,none,0.55
338,undergrad,38.641125,-90.321117,"14 Ridgemoor Dr, St Louis, MO 63105",19,7,8,2,2,0.995,gable,gable_family,0.872,masonry_un,masonry,1.0,brick,undamaged,,none,0.56
339,undergrad,38.641669,-90.321147,"10 Ridgemoor Dr, St Louis, MO 63105",19,7,6,2,2,0.94,hip,hip_family,0.727,masonry_un,masonry,0.985,brick,undamaged,,none,0.45
340,undergrad,38.641967,-90.321217,"8 Ridgemoor Dr, St Louis, MO 63105",19,7,6,2,2,0.93,mansard,complex_family,0.68,masonry_un,masonry,0.98,brick,undamaged,,none,0.465
341,undergrad,38.642178,-90.321203,"6 Ridgemoor Dr, St Louis, MO 63105",19,7,8,2,2,0.97,gable,gable_family,0.866,masonry_un,masonry,0.995,brick,undamaged,,none,0.435
342,undergrad,38.642478,-90.321214,"4 Ridgemoor Dr, St Louis, MO 63105",19,7,8,2,2,0.965,gable,gable_family,0.813,masonry_un,masonry,0.995,brick,undamaged,,none,0.695
343,undergrad,38.641536,-90.310375,"77 Aberdeen Pl, Saint Louis, MO 63105",19,8,6,3,3,0.576,hip,hip_family,0.617,masonry_un,masonry,1.0,brick,undamaged,,none,0.53
344,undergrad,38.642092,-90.306125,"6375 Alexander Dr, Clayton, MO 63105",19,7,6,2,2,0.975,hip,hip_family,0.662,masonry_un,masonry,0.975,"brick, stone",minor_damage,,none,0.585
345,undergrad,38.642275,-90.306086,"6363 Alexander Dr, Clayton, MO 63105",19,7,8,2,2,0.915,gable,gable_family,0.826,masonry_un,masonry,0.99,brick,undamaged,,none,0.54
346,undergrad,38.639061,-90.319864,"19 Southmoor Dr, St Louis, MO 63105",19,7,6,2,2,0.954,hip,hip_family,0.756,masonry_un,masonry,0.985,brick,undamaged,,none,0.44
347,undergrad,38.639336,-90.320247,"17 Southmoor Dr, St Louis, MO 63105",19,7,8,2,2,0.95,gable,gable_family,0.814,masonry_un,masonry,0.99,stucco,undamaged,,moderate,0.455
348,undergrad,38.639769,-90.320425,"16 Southmoor Dr, St Louis, MO 63105",19,7,8,2,2,0.929,gable,gable_family,0.82,masonry_un,masonry,0.98,brick,undamaged,,none,0.51
349,undergrad,38.640161,-90.320253,"15 Southmoor Dr, St Louis, MO 63105",19,7,6,2,2,0.97,hip,hip_family,0.691,masonry_un,masonry,1.0,brick,undamaged,,none,0.58
350,undergrad,38.640458,-90.320156,"14 Southmoor Dr, St Louis, MO 63105",19,7,8,2,2,0.95,gable,gable_family,0.775,masonry_un,masonry,0.98,brick,undamaged,,none,0.47
351,undergrad,38.641475,-90.310147,"75 Aberdeen Pl, Saint Louis, MO 63105",19,7,6,2,2,0.96,hip,hip_family,0.694,masonry_un,masonry,1.0,brick,undamaged,,none,0.445
352,undergrad,38.760358,-90.020695,"5207 Chain Of Rocks Rd, Edwardsville, IL 62025",19,7,6,2,2,0.877,hip,hip_family,0.664,masonry_un,masonry,0.955,brick,undamaged,,none,0.685
353,undergrad,38.642483,-90.306042,"6349 Alexander Dr, Clayton, MO 63105",19,7,6,2,2,0.95,mansard,complex_family,0.758,masonry_un,masonry,0.995,"brick, stone",undamaged,,moderate,0.44
354,undergrad,38.640017,-90.323389,"27 Hillvale Dr, St Louis, MO 63105",19,7,8,2,2,0.975,gable,gable_family,0.885,masonry_un,masonry,1.0,brick,undamaged,,none,0.615
355,undergrad,38.640275,-90.323458,"25 Hillvale Dr, St Louis, MO 63105",19,7,8,2,2,0.89,gable,gable_family,0.882,masonry_un,masonry,0.995,brick,undamaged,,none,0.715
356,undergrad,38.640625,-90.323586,"21 Hillvale Dr, St Louis, MO 63105",19,14,8,2,2,0.964,flat,flat,0.671,masonry_un,masonry,0.99,stucco,undamaged,,moderate,0.505
357,undergrad,38.640794,-90.323697,"19 Hillvale Dr, St Louis, MO 63105",19,7,8,2,2,0.945,gable,gable_family,0.881,masonry_un,masonry,0.995,stucco,undamaged,,moderate,0.48
358,undergrad,38.640986,-90.323747,"17 Hillvale Dr, St Louis, MO 63105",19,7,8,2,2,0.97,gable,gable_family,0.85,masonry_un,masonry,0.99,brick,undamaged,,none,0.575
359,undergrad,38.641161,-90.323889,"15 Hillvale Dr, St Louis, MO 63105",19,7,6,2,2,0.91,hip,hip_family,0.691,masonry_un,masonry,0.965,"brick, stone",undamaged,,moderate,0.56
360,undergrad,38.641333,-90.324044,"11 Hillvale Dr, St Louis, MO 63105",19,7,8,2,2,0.915,gable,gable_family,0.767,masonry_un,masonry,0.97,brick,undamaged,,none,0.45
361,undergrad,38.641558,-90.324222,"9 Hillvale Dr, St Louis, MO 63105",19,8,8,3,3,0.695,gable,gable_family,0.807,masonry_un,masonry,0.975,brick,undamaged,,moderate,0.425
362,undergrad,38.640675,-90.319978,"18 Southmoor Dr, St Louis, MO 63105",19,7,8,2,2,0.983,gable,gable_family,0.873,masonry_un,masonry,0.985,brick,minor_damage,,none,0.52
363,undergrad,38.640861,-90.319647,"11 Southmoor Dr, St Louis, MO 63105",19,7,8,2,2,0.98,gable,gable_family,0.892,masonry_un,masonry,1.0,brick,undamaged,,none,0.595
364,undergrad,38.640828,-90.319314,"9 Southmoor Dr, St Louis, MO 63105",19,7,6,2,2,0.93,mansard,complex_family,0.753,masonry_un,masonry,0.99,brick,minor_damage,,none,0.515
365,undergrad,38.640767,-90.318942,"7 Southmoor Dr, St Louis, MO 63105",19,7,6,2,2,0.925,hip,hip_family,0.726,masonry_un,masonry,0.985,brick,undamaged,,none,0.58
366,undergrad,38.640736,-90.318581,"5 Southmoor Dr, St Louis, MO 63105",19,7,6,2,2,0.99,hip,hip_family,0.751,masonry_un,masonry,0.965,brick,undamaged,,none,0.5
367,undergrad,38.640711,-90.318225,"3 Southmoor Dr, St Louis, MO 63105",19,7,8,2,2,0.96,gable,gable_family,0.843,masonry_un,masonry,0.99,"brick, stucco",undamaged,,none,0.485
368,undergrad,38.640825,-90.317789,"1 Southmoor Dr, St Louis, MO 63105",19,7,6,2,2,0.895,hip,hip_family,0.724,masonry_un,masonry,0.99,"brick, stucco, stone",undamaged,,none,0.49
369,undergrad,38.640158,-90.318153,"4 Southmoor Dr, St Louis, MO 63105",19,7,6,2,2,0.954,hip,hip_family,0.715,masonry_un,masonry,0.995,brick,undamaged,,none,0.515
370,undergrad,38.640153,-90.318508,"6 Southmoor Dr, St Louis, MO 63105",19,7,6,2,2,0.96,hip,hip_family,0.803,masonry_un,masonry,1.0,brick,undamaged,,none,0.475
371,undergrad,38.640225,-90.318881,"8 Southmoor Dr, St Louis, MO 63105",19,7,6,2,2,0.989,hip,hip_family,0.756,masonry_un,masonry,0.98,"brick, stucco",undamaged,,none,0.515
372,undergrad,38.640272,-90.319244,"10 Southmoor Dr, St Louis, MO 63105",19,7,8,2,2,0.97,gable,gable_family,0.852,masonry_un,masonry,0.99,stucco,undamaged,,none,0.495
373,undergrad,38.640211,-90.319608,"12 Southmoor Dr, St Louis, MO 63105",19,7,6,2,2,0.954,hip,hip_family,0.641,masonry_un,masonry,0.995,brick,undamaged,,none,0.47
374,undergrad,38.639542,-90.31965,"20 Southmoor Dr, St Louis, MO 63105",19,7,6,2,2,0.955,hip,hip_family,0.692,masonry_un,masonry,0.995,brick,undamaged,,none,0.565
375,undergrad,38.639422,-90.319311,"22 Southmoor Dr, St Louis, MO 63105",19,7,6,2,2,0.925,hip,hip_family,0.659,masonry_un,masonry,0.985,"brick,stone",undamaged,,none,0.62
376,undergrad,38.639383,-90.319022,"24 Southmoor Dr, St Louis, MO 63105",19,7,8,2,2,0.944,gable,gable_family,0.875,masonry_un,masonry,0.995,stucco,undamaged,,none,0.595
377,undergrad,38.641606,-90.318081,"5 Forest Ridge Pl, St Louis, Missouri 63105",19,7,8,2,2,0.844,gable,gable_family,0.775,masonry_un,masonry,0.981,brick,undamaged,,none,0.515
378,undergrad,38.641628,-90.309653,"71 Aberdeen Pl, Saint Louis, MO 63105",19,7,8,2,2,0.965,gambrel,gable_family,0.832,masonry_un,masonry,1.0,brick,undamaged,,none,0.635
379,undergrad,38.641436,-90.309678,"69 Aberdeen Pl, Saint Louis, MO 63105",19,7,6,2,2,0.98,hip,hip_family,0.658,masonry_un,masonry,1.0,brick,undamaged,,none,0.62
380,undergrad,38.641419,-90.309253,"65 Aberdeen Pl, Saint Louis, MO 63105",19,7,8,2,2,0.895,gable,gable_family,0.86,masonry_un,masonry,0.975,brick,undamaged,,none,0.63
381,undergrad,38.641386,-90.309147,"63 Aberdeen Pl, Saint Louis, MO 63105",19,7,8,2,2,0.935,gable,gable_family,0.815,masonry_un,masonry,0.995,brick,,,none,0.52
382,undergrad,38.641839,-90.308414,"15 Wydown Terrace, Saint Louis, MO 63105",19,7,8,2,2,0.721,,gable_family,0.487,,masonry,0.922,,,,none,0.605
383,undergrad,38.643072,-90.307314,"6400 Wydown Blvd, Saint Louis, MO 63105",19,7,8,2,2,0.945,,gable_family,0.799,,masonry,0.995,,,,none,0.57
384,undergrad,38.641794,-90.315822,"6800 Wydown Blvd, Saint Louis, MO 63105 Ryan Hall",19,7,6,4,2,0.544,,complex_family,0.359,,masonry,0.945,,,,none,0.54
385,undergrad,38.642358,-90.316333,"6800 Wydown Blvd, Saint Louis, MO 63105 Anheuser-Busch Hall",19,7,6,3,2,0.47,,complex_family,0.37,,masonry,0.955,,,,none,0.515
386,undergrad,38.642231,-90.3151,"6800 Wydown Blvd, Saint Louis, MO 63105 East Building",19,8,6,3,3,0.46,,complex_family,0.37,,masonry,0.935,,,,none,0.485
387,undergrad,38.642669,-90.315686,"6800 Wydown Blvd, Saint Louis, MO 63105 Jack C. Tylor Library",19,7,8,2,2,0.53,,gable_family,0.335,,masonry,0.935,,,,none,0.455
388,undergrad,38.640614,-90.316567,"6800 Wydown Blvd, Saint Louis, MO 63105 Fine Arts Building",19,7,8,3,2,0.513,,gable_family,0.347,,masonry,0.88,,,,none,0.585
389,undergrad,38.642717,-90.314064,"6800 Wydown Blvd, Saint Louis, MO 63105 Wydown House",19,7,8,2,2,0.705,,gable_family,0.384,,masonry,0.99,,,,none,0.53
390,undergrad,38.642292,-90.314242,"33 Dartford Ave, St Louis, Missouri 63105",19,7,8,2,2,0.669,,gable_family,0.635,,masonry,0.95,,,,none,0.595
391,undergrad,38.642128,-90.307917,"10 Wydown Ter, Saint Louis, MO 63105",19,7,8,2,2,0.717,,gable_family,0.574,,masonry,0.933,,,,moderate,0.45
392,undergrad,38.642097,-90.31425,"31 Draftord Ave, St Louis, Missouri 63105",19,7,8,2,2,0.674,,gable_family,0.64,,masonry,0.91,,,,none,0.545
393,undergrad,38.641986,-90.314244,"29 Draftord Ave, St Louis, Missouri 63105",19,7,8,2,2,0.83,,gable_family,0.602,,masonry,0.975,,,,none,0.49
394,undergrad,38.641864,-90.314272,"27 Draftord Ave, St Louis, Missouri 63105",19,7,8,2,2,0.955,,gable_family,0.73,,masonry,0.995,,,,none,0.5
395,undergrad,38.641036,-90.314406,"15 Draftord Ave, St Louis, Missouri 63105",19,7,8,2,2,0.76,,gable_family,0.55,,masonry,0.965,,,,none,0.59
396,undergrad,38.642717,-90.305956,"6347 Alexander Dr, Clayton, MO 63105",19,7,8,2,2,0.93,,gable_family,0.542,,masonry,0.93,,,,none,0.61
397,undergrad,38.640894,-90.314397,"13 Draftord Ave, St Louis, Missouri 63105",19,7,8,2,2,0.85,,gable_family,0.669,,masonry,0.965,,,,none,0.48
398,undergrad,38.640769,-90.31445,"11 Dartford Ave, Clayton, Missouri 63105",19,7,8,2,2,0.865,,gable_family,0.571,,masonry,0.975,,,,none,0.59
399,undergrad,38.640639,-90.31445,"9 Dartford Ave, Clayton, Missouri 63105",19,7,8,2,2,0.848,,gable_family,0.637,,masonry,0.95,,,,none,0.56
400,undergrad,38.640483,-90.314475,"7 Dartford Ave, Clayton, Missouri 63105",19,7,8,2,2,0.825,,gable_family,0.501,,masonry,0.975,,,,moderate,0.425
401,undergrad,38.640086,-90.314533,"1 Dartford Ave, Clayton, Missouri 63105",19,7,8,2,2,0.708,,gable_family,0.694,,masonry,0.94,,,,none,0.52
402,undergrad,38.640086,-90.314533,"111 Aberdeen Pl, Clayton, Missouri 63105",19,7,8,2,2,0.708,,gable_family,0.694,,masonry,0.94,,,,none,0.52
403,undergrad,38.641778,-90.313417,"109 Aberdeen Pl, Clayton, Missouri 63105",19,7,8,2,2,0.759,,gable_family,0.43,,masonry,0.955,,,,none,0.475
404,undergrad,38.641756,-90.313156,"107 Aberdeen Pl, Clayton, Missouri 63105",19,7,8,2,2,0.78,,gable_family,0.57,,masonry,0.965,,,,moderate,0.455
405,undergrad,38.642903,-90.305864,"6345 Alexander Dr, Clayton, MO 63105",19,7,8,2,2,0.95,,gable_family,0.7,,masonry,0.99,,,,none,0.665
406,undergrad,38.643089,-90.305728,"6343 Alexander Dr, Clayton, MO 63105",19,7,8,2,2,0.874,,gable_family,0.607,,masonry,0.978,,,,none,0.615
407,undergrad,38.643081,-90.305739,"6337 Alexander Dr, Clayton, MO 63105",19,7,8,2,2,0.927,,gable_family,0.613,,masonry,0.99,,,,none,0.605
408,undergrad,38.643092,-90.305733,"6331 Alexander Dr, St. Louis, MO 63105",19,7,8,2,2,0.849,,gable_family,0.557,,masonry,0.975,,,,none,0.555
409,undergrad,38.643589,-90.305183,"6325 Alexander Dr, St. Louis, MO 63105",19,7,8,2,2,0.94,,gable_family,0.591,,masonry,1.0,,,,none,0.71
410,undergrad,38.643703,-90.304919,"6319 Alexander Dr, Clayton, MO 63105",19,7,8,2,2,0.935,,gable_family,0.728,,masonry,0.995,,,,none,0.45
411,undergrad,38.643783,-90.304711,"6315 Alexander Dr, Clayton, MO 63105",19,7,8,2,2,0.894,,gable_family,0.659,,masonry,0.975,,,,none,0.675
412,undergrad,38.643861,-90.304442,"6307 Alexander Dr, Clayton, MO 63105",19,7,8,2,2,0.905,,gable_family,0.62,,masonry,0.965,,,,none,0.545
413,undergrad,38.643922,-90.303958,"6253 Alexander Dr, St. Louis, MO 63105",19,7,8,2,2,0.862,,gable_family,0.492,,masonry,0.99,,,,none,0.485
414,undergrad,38.643889,-90.304206,"6301 Alexander Dr, St. Louis, MO 63105",19,7,8,2,2,0.915,,gable_family,0.808,,masonry,0.98,,,,none,0.515
415,undergrad,38.643992,-90.303453,"6241 Alexander Dr, St. Louis, MO 63105",19,7,8,2,2,0.75,,gable_family,0.468,,masonry,0.935,,,,none,0.43
416,undergrad,38.641697,-90.312808,"103 Aberdeen Pl, Clayton, Missouri 63105",19,7,8,2,2,0.94,,gable_family,0.557,,masonry,1.0,,,,none,0.485
417,undergrad,38.641683,-90.312611,"101 Aberdeen Pl, Clayton, MO 63105",19,7,8,2,2,0.879,,gable_family,0.69,,masonry,0.97,,,,moderate,0.47
418,undergrad,38.641658,-90.31245,"99 Aberdeen Pl, Clayton, MO 63105",19,7,8,2,2,0.935,,gable_family,0.728,,masonry,0.995,,,,none,0.705
419,undergrad,38.641669,-90.312247,"97 Aberdeen Pl, St Louis, MO 63105",19,7,8,2,2,0.945,,gable_family,0.602,,masonry,1.0,,,,none,0.565
420,undergrad,38.641592,-90.311767,"89 Aberdeen Pl, St Louis, MO 63105",19,7,8,2,2,0.935,,gable_family,0.674,,masonry,0.985,,,,none,0.575
421,undergrad,38.641583,-90.31155,"87 Aberdeen Pl, St Louis, MO 63105",19,7,8,2,2,0.835,,gable_family,0.545,,masonry,0.945,,,,none,0.56
422,undergrad,38.641556,-90.311325,"85 Aberdeen Pl, St Louis, MO 63105",19,7,8,2,2,0.925,,gable_family,0.476,,masonry,0.975,,,,none,0.525
423,undergrad,38.641067,-90.311647,"90 Aberdeen Pl, St Louis, MO 63105",19,6,8,2,1,0.475,,gable_family,0.52,,masonry,0.91,,,,none,0.54
424,undergrad,38.641144,-90.312178,"94 Aberdeen Pl, St Louis, MO 63105",19,7,8,2,2,0.895,,gable_family,0.517,,masonry,0.995,,,,none,0.56
425,undergrad,38.644228,-90.302958,"6221 Alexander Dr, St. Louis, MO 63105",19,7,8,2,2,0.547,,gable_family,0.376,,masonry,0.96,,,,none,0.495
426,undergrad,38.644433,-90.303814,"6254 Wydown Blvd, Clayton, MO 63105",19,7,8,2,2,0.887,,gable_family,0.601,,masonry,0.955,,,,none,0.525
427,undergrad,38.64445,-90.304306,"6316 Wydown Blvd, Clayton, MO 63105",19,7,8,2,2,0.915,,gable_family,0.635,,masonry,0.975,,,,moderate,0.43
428,undergrad,38.644422,-90.304522,"6320 Wydown Blvd, Clayton, MO 63105",19,7,8,2,2,0.838,,gable_family,0.506,,masonry,0.945,,,,none,0.6
429,undergrad,38.644369,-90.304767,"6332 Wydown Blvd, Clayton, MO 63105",19,7,8,2,2,0.903,,gable_family,0.619,,masonry,0.99,,,,none,0.555
430,undergrad,38.644267,-90.304986,"6336 Wydown Blvd, Clayton, MO 63105",19,7,8,2,2,0.945,,gable_family,0.727,,masonry,0.98,,,,none,0.445
431,undergrad,38.644183,-90.305178,"6340 Wydown Blvd, Clayton, MO 63105",19,7,8,2,2,0.9,,gable_family,0.532,,masonry,0.95,,,,none,0.575
432,undergrad,38.644067,-90.305375,"6344 Wydown Blvd, Clayton, MO 63105",19,7,8,2,2,0.945,,gable_family,0.646,,masonry,0.99,,,,moderate,0.445
433,undergrad,38.64395,-90.305558,"6348 Wydown Blvd, Clayton, MO 63105",19,7,8,2,2,0.892,,gable_family,0.623,,masonry,1.0,,,,none,0.67
434,undergrad,38.643839,-90.305753,"6354 Wydown Blvd, Clayton, MO 63105",19,7,8,2,2,0.87,,gable_family,0.566,,masonry,0.975,,,,none,0.585
435,undergrad,38.643694,-90.305936,"6360 Wydown Blvd, Clayton, MO 63105",19,7,8,2,2,0.88,,gable_family,0.53,,masonry,0.945,,,,none,0.435
436,undergrad,38.643581,-90.306122,"6366 Wydown Blvd, Clayton, MO 63105",19,7,8,2,2,0.87,,gable_family,0.675,,masonry,0.985,,,,none,0.565
437,undergrad,38.643392,-90.306281,"6370 Wydown Blvd, Clayton, MO 63105",19,7,8,2,2,0.79,,gable_family,0.483,,masonry,0.985,,,,moderate,0.5
438,undergrad,38.641161,-90.312344,"96 Aberdeen Pl, St Louis, MO 63105",19,7,8,2,2,0.885,,gable_family,0.572,,masonry,0.965,,,,none,0.565
439,undergrad,38.641244,-90.313039,"104 Aberdeen Pl, St Louis, MO 63105",19,7,8,2,2,0.897,,gable_family,0.564,,masonry,0.995,,,,none,0.58
440,undergrad,38.64125,-90.313217,"106 Aberdeen Pl, St Louis, MO 63105",19,7,8,2,2,0.8,,gable_family,0.54,,masonry,0.965,,,,none,0.48
441,undergrad,38.641289,-90.313383,"108 Aberdeen Pl, St Louis, MO 63105",19,7,8,2,2,0.825,,gable_family,0.536,,masonry,0.975,,,,none,0.495
442,undergrad,38.641306,-90.313567,"110 Aberdeen Pl, St Louis, MO 63105",19,7,8,2,2,0.819,,gable_family,0.535,,masonry,0.905,,,,none,0.51
443,undergrad,38.641319,-90.31375,"112 Aberdeen Pl, St Louis, MO 63105",19,7,8,2,2,0.88,,gable_family,0.537,,masonry,0.965,,,,none,0.455
444,undergrad,38.640489,-90.311528,"83 Arundel Pl, St Louis, Missouri 63105",19,7,8,2,2,0.82,,gable_family,0.525,,masonry,0.91,,,,moderate,0.455
445,undergrad,38.640539,-90.311928,"85 Arundel Pl, St Louis, Missouri 63105",19,7,8,2,2,0.814,,gable_family,0.464,,masonry,0.975,,,,none,0.55
446,undergrad,38.643231,-90.306414,"306 De Mun Ave, Clayton, MO 63105",19,7,8,2,2,0.91,,gable_family,0.58,,masonry,0.91,,,,none,0.515
447,undergrad,38.643086,-90.306456,"312 De Mun Ave, Clayton, MO 63105",19,7,8,2,2,0.835,,gable_family,0.526,,masonry,0.95,,,,none,0.56
448,undergrad,38.642914,-90.306583,"320 De Mun Ave, Clayton, MO 63105",19,7,8,2,2,0.777,,gable_family,0.452,,masonry,0.935,,,,none,0.575
449,undergrad,38.642058,-90.305417,"6364 Alexander Dr, Clayton, MO 63105",19,7,8,2,2,0.909,,gable_family,0.552,,masonry,0.975,,,,none,0.49
450,undergrad,38.642256,-90.3054,"6358 Alexander Dr, Clayton, MO 63105",19,7,8,2,2,0.89,,gable_family,0.522,,masonry,0.995,,,,none,0.54
451,undergrad,38.642442,-90.305383,"6352 Alexander Dr, Clayton, MO 63105",19,7,8,2,2,0.885,,gable_family,0.51,,masonry,0.98,,,,none,0.515
452,undergrad,38.642961,-90.3051,"6330 Alexander Dr, Clayton, MO 63105",19,7,8,2,2,0.87,,gable_family,0.619,,masonry,0.985,,,,none,0.61
453,undergrad,38.643108,-90.304933,"6326 Alexander Dr, Clayton, MO 63105",19,7,8,2,2,0.91,,gable_family,0.65,,masonry,0.99,,,,none,0.45
454,undergrad,38.643219,-90.304753,"6320 Alexander Dr, Clayton, MO 63105",19,7,8,2,2,0.93,,gable_family,0.744,,masonry,0.985,,,,none,0.52
455,undergrad,38.639708,-90.312092,"89 Arundel Pl, St Louis, Missouri 63105",19,7,8,2,2,0.75,,gable_family,0.452,,masonry,0.965,,,,moderate,0.46
456,undergrad,38.640572,-90.312258,"91 Arundel Pl, St Louis, Missouri 63105",19,7,8,2,2,0.915,,gable_family,0.588,,masonry,0.985,,,,none,0.62
457,undergrad,38.640622,-90.312806,"97 Arundel Pl, St Louis, Missouri 63105",19,7,8,2,2,0.875,,gable_family,0.715,,masonry,0.975,,,,none,0.61
458,undergrad,38.640619,-90.312972,"99 Arundel Pl, St Louis, Missouri 63105",19,7,8,2,2,0.83,,gable_family,0.503,,masonry,0.99,,,,none,0.535
459,undergrad,38.640647,-90.3132,"101 Arundel Pl, St Louis, Missouri 63105",19,7,8,2,2,0.776,,gable_family,0.496,,masonry,0.975,,,,none,0.52
460,undergrad,38.640664,-90.31345,"105 Arundel Pl, St Louis, Missouri 63105",19,7,8,2,2,0.83,,gable_family,0.468,,masonry,1.0,,,,none,0.535
461,undergrad,38.640669,-90.313653,"107 Arundel Pl, St Louis, Missouri 63105",19,7,8,2,2,0.745,,gable_family,0.469,,masonry,1.0,,,,none,0.525
462,undergrad,38.640728,-90.313822,"109 Arundel Pl, St Louis, Missouri 63105",19,7,8,2,2,0.825,,gable_family,0.517,,masonry,0.995,,,,none,0.6
463,undergrad,38.640214,-90.313947,"110 Arundel Pl, St Louis, Missouri 63105",19,7,8,2,2,0.775,,gable_family,0.56,,masonry,0.965,,,,none,0.61
464,undergrad,38.640217,-90.313731,"108 Arundel Pl, St Louis, Missouri 63105",19,7,8,2,2,0.805,,gable_family,0.518,,masonry,0.995,,,,none,0.425
465,undergrad,38.640203,-90.313547,"104 Arundel Pl, St Louis, Missouri 63105",19,7,8,2,2,0.805,,gable_family,0.497,,masonry,0.99,,,,none,0.45
466,undergrad,38.640167,-90.313375,"102 Arundel Pl, St Louis, Missouri 63105",19,7,8,2,2,0.821,,gable_family,0.508,,masonry,0.975,,,,none,0.485
467,undergrad,38.640111,-90.313064,"100 Arundel Pl, St Louis, Missouri 63105",19,7,8,2,2,0.87,,gable_family,0.614,,masonry,0.99,,,,none,0.52
468,undergrad,38.640108,-90.312844,"98 Arundel Pl, St Louis, Missouri 63105",19,7,8,2,2,0.85,,gable_family,0.517,,masonry,0.995,,,,moderate,0.46
469,undergrad,38.6401,-90.312692,"96 Arundel Pl, St Louis, Missouri 63105",19,7,8,2,2,0.845,,gable_family,0.636,,masonry,0.985,,,,none,0.495
470,undergrad,38.640086,-90.312511,"94 Arundel Pl, St Louis, Missouri 63105",19,7,8,2,2,0.895,,gable_family,0.527,,masonry,0.98,,,,none,0.555
471,undergrad,38.640075,-90.312361,"92 Arundel Pl, St Louis, Missouri 63105",19,7,8,2,2,0.92,,gable_family,0.66,,masonry,0.995,,,,none,0.525
472,undergrad,38.640056,-90.312086,"90 Arundel Pl, St Louis, Missouri 63105",19,7,8,2,2,0.845,,gable_family,0.466,,masonry,0.995,,,,none,0.555
473,undergrad,38.640031,-90.311825,"88 Arundel Pl, St Louis, Missouri 63105",19,7,8,2,2,0.795,,gable_family,0.472,,masonry,0.985,,,,none,0.565
474,undergrad,38.639975,-90.311361,"86 Arundel Pl, St Louis, Missouri 63105",19,7,8,2,2,0.785,,gable_family,0.572,,masonry,0.935,,,,none,0.625
475,undergrad,38.641169,-90.307133,"43 Aberdeen Pl, St Louis, MO 63105",19,7,8,2,2,0.87,,gable_family,0.575,,masonry,0.975,,,,none,0.615
476,undergrad,38.641097,-90.306517,"37 Aberdeen Pl, St Louis, MO 63105",19,7,8,2,2,0.845,,gable_family,0.625,,masonry,0.935,,,,none,0.515
477,undergrad,38.641056,-90.306203,"33 Aberdeen Pl, St Louis, MO 63105",19,7,8,2,2,0.845,,gable_family,0.532,,masonry,1.0,,,,none,0.485
478,undergrad,38.643314,-90.304564,"6310 Alexander Dr, St. Louis, MO 63105",19,7,8,2,2,0.955,,gable_family,0.76,,masonry,0.985,,,,none,0.635
479,undergrad,38.643364,-90.304094,"6300 Alexander Dr, St. Louis, MO 63105",19,7,8,2,2,0.775,,gable_family,0.503,,masonry,0.96,,,,none,0.535
480,undergrad,38.643072,-90.304178,"219 Woodbourne Dr, St. Louis, MO 63105",19,7,8,2,2,0.88,,gable_family,0.571,,masonry,0.99,,,,none,0.475
481,undergrad,38.641042,-90.306011,"31 Aberdeen Pl, St Louis, MO 63105",19,7,8,2,2,0.81,,gable_family,0.508,,masonry,0.985,,,,none,0.48
482,undergrad,38.642839,-90.304283,"225 Woodbourne Dr, St. Louis, MO 63105",19,7,8,2,2,0.915,,gable_family,0.639,,masonry,0.97,,,,none,0.675
483,undergrad,38.641025,-90.305844,"29 Aberdeen Pl, St Louis, MO 63105",19,7,8,2,2,0.82,,gable_family,0.528,,masonry,0.98,,,,none,0.51
484,undergrad,38.642639,-90.304378,"233 Woodbourne Dr, St. Louis, MO 63105",19,7,8,2,2,0.96,,gable_family,0.712,,masonry,0.975,,,,none,0.485
485,undergrad,38.642428,-90.304458,"243 Woodbourne Dr, St. Louis, MO 63105",19,7,8,2,2,0.92,,gable_family,0.514,,masonry,0.95,,,,none,0.62
486,undergrad,38.642186,-90.304486,"247 Woodbourne Dr, St. Louis, MO 63105",19,7,8,2,2,0.97,,gable_family,0.723,,masonry,0.945,,,,none,0.645
487,undergrad,38.641006,-90.305664,"27 Aberdeen Pl, St Louis, MO 63105",19,7,8,2,2,0.714,,gable_family,0.397,,masonry,0.935,,,,none,0.565
488,undergrad,38.641011,-90.305483,"25 Aberdeen Pl, St Louis, MO 63105",19,7,8,2,2,0.804,,gable_family,0.562,,masonry,0.995,,,,none,0.535
489,undergrad,38.640964,-90.305128,"21 Aberdeen Pl, St Louis, MO 63105",19,7,8,2,2,0.815,,gable_family,0.517,,masonry,0.93,,,,none,0.55
490,undergrad,38.640956,-90.304861,"17 Aberdeen Pl, St Louis, MO 63105",19,7,8,2,2,0.762,,gable_family,0.394,,masonry,0.99,,,,none,0.535
491,undergrad,38.640922,-90.304633,"15 Aberdeen Pl, St Louis, MO 63105",19,7,8,2,2,0.909,,gable_family,0.597,,masonry,1.0,,,,none,0.515
492,undergrad,38.640969,-90.304458,"13 Aberdeen Pl, St Louis, MO 63105",19,7,8,2,2,0.785,,gable_family,0.49,,masonry,0.975,,,,none,0.5
493,undergrad,38.640875,-90.304283,"11 Aberdeen Pl, St Louis, MO 63105",19,7,8,2,2,0.905,,gable_family,0.574,,masonry,0.97,,,,none,0.525
494,undergrad,38.640861,-90.304114,"9 Aberdeen Pl, St Louis, MO 63105",19,7,8,2,2,0.885,,gable_family,0.553,,masonry,0.97,,,,none,0.585
495,undergrad,38.640828,-90.303581,"3 Aberdeen Pl, St Louis, MO 63105",19,7,8,2,2,0.845,,gable_family,0.513,,masonry,0.99,,,,none,0.43
496,undergrad,38.640878,-90.303297,"1 Aberdeen Pl, St Louis, MO 63105",19,7,8,2,2,0.88,,gable_family,0.527,,masonry,0.92,,,,none,0.565
497,undergrad,38.644619,-90.305992,"201 S Skinker Blvd, St. Louis, MO 63105",19,7,8,2,2,0.887,,gable_family,0.494,,masonry,0.955,,,,none,0.59
498,undergrad,38.641228,-90.30325,"305 S Skinker Blvd, St. Louis, MO 63105",19,7,8,2,2,0.588,,gable_family,0.423,,masonry,0.8,,,,none,0.535
499,undergrad,38.641425,-90.303719,"6222 Fauquier Dr, St. Louis, MO 63105",19,7,8,2,2,0.85,,gable_family,0.62,,masonry,0.965,,,,none,0.565
500,undergrad,38.641458,-90.304189,"6236 Fauquier Dr, St. Louis, MO 63105",19,7,8,2,2,0.855,,gable_family,0.6,,masonry,0.965,,,,none,0.54
501,undergrad,38.641478,-90.304436,"6244 Fauquier Dr, St. Louis, MO 63105",19,7,8,2,2,0.885,,gable_family,0.561,,masonry,0.998,,,,none,0.655
502,undergrad,38.641503,-90.304692,"6250 Fauquier Dr, St. Louis, MO 63105",19,7,8,2,2,0.84,,gable_family,0.607,,masonry,0.965,,,,none,0.545
503,undergrad,38.641539,-90.305181,"6304 Fauquier Dr, Clayton, MO 63105",19,7,8,2,2,0.73,,gable_family,0.383,,masonry,0.945,,,,none,0.545
504,undergrad,38.641572,-90.305417,"6310 Fauquier Dr, Clayton, MO 63105",19,7,8,2,2,0.909,,gable_family,0.634,,masonry,0.995,,,,none,0.56
505,undergrad,38.640658,-90.306964,"42 Aberdeen Pl, St Louis, MO 63105",19,7,8,2,2,0.855,,gable_family,0.62,,masonry,0.985,,,,none,0.595
506,undergrad,38.640633,-90.306797,"40 Aberdeen Pl, St Louis, MO 63105",19,7,8,2,2,0.9,,gable_family,0.688,,masonry,0.98,,,,none,0.53
507,undergrad,38.641594,-90.305667,"6316 Fauquier Dr, Clayton, MO 63105",19,7,8,2,2,0.825,,gable_family,0.6,,masonry,0.975,,,,moderate,0.485
508,undergrad,38.641628,-90.3059,"6322 Fauquier Dr, Clayton, MO 63105",19,7,8,2,2,0.905,,gable_family,0.586,,masonry,0.99,,,,none,0.47
509,undergrad,38.649153,-90.294283,"5956 Pershing Ave, St. Louis, MO 63112",19,7,8,2,2,0.649,,gable_family,0.48,,masonry,0.87,,,,none,0.575
510,undergrad,38.649144,-90.294167,"5952 Pershing Ave, St. Louis, MO 63112",19,7,8,2,2,0.764,,gable_family,0.559,,masonry,0.99,,,,none,0.565
511,undergrad,38.649111,-90.294083,"5950 Pershing Ave, St. Louis, MO 63112",19,7,8,2,2,0.83,,gable_family,0.636,,masonry,0.95,,,,none,0.655
512,undergrad,38.649108,-90.293972,"5948 Pershing Ave, St. Louis, MO 63112",19,7,8,2,2,0.7,,gable_family,0.595,,masonry,0.89,,,,none,0.5
513,undergrad,38.649106,-90.293847,"5944 Pershing Ave, St. Louis, MO 63112",19,7,8,2,2,0.755,,gable_family,0.513,,masonry,0.97,,,,none,0.45
514,undergrad,38.649092,-90.293753,"5940 Pershing Ave, St. Louis, MO 63112",19,7,8,2,2,0.78,,gable_family,0.546,,masonry,0.895,,,,none,0.595
515,undergrad,38.649083,-90.293644,"5938 Pershing Ave, St. Louis, MO 63112",19,7,8,2,2,0.844,,gable_family,0.632,,masonry,0.94,,,,none,0.51
516,undergrad,38.649072,-90.293553,"5936 Pershing Ave, St. Louis, MO 63112",19,7,8,2,2,0.75,,gable_family,0.621,,masonry,0.905,,,,none,0.58
517,undergrad,38.649061,-90.293444,"5932 Pershing Ave, St. Louis, MO 63112",19,7,8,2,2,0.8,,gable_family,0.576,,masonry,0.91,,,,none,0.53
518,undergrad,38.649053,-90.293339,"5930 Pershing Ave, St. Louis, MO 63112",19,7,8,2,2,0.705,,gable_family,0.54,,masonry,0.93,,,,none,0.5
519,undergrad,38.649044,-90.293239,"5928 Pershing Ave, St. Louis, MO 63112",19,7,8,2,2,0.795,,gable_family,0.571,,masonry,0.93,,,,none,0.485
520,undergrad,38.649025,-90.293133,"5924 Pershing Ave, St. Louis, MO 63112",19,7,8,2,2,0.69,,gable_family,0.562,,masonry,0.93,,,,none,0.605
521,undergrad,38.649022,-90.293031,"5920 Pershing Ave, St. Louis, MO 63112",19,7,8,2,2,0.645,,gable_family,0.565,,masonry,0.92,,,,none,0.49
522,undergrad,38.649014,-90.292928,"5918 Pershing Ave, St. Louis, MO 63112",19,7,8,2,2,0.768,,gable_family,0.536,,masonry,0.925,,,,none,0.555
523,undergrad,38.649011,-90.292814,"5914 Pershing Ave, St. Louis, MO 63112",19,7,8,2,2,0.78,,gable_family,0.572,,masonry,0.92,,,,moderate,0.43
524,undergrad,38.648981,-90.292717,"5912 Pershing Ave, St. Louis, MO 63112",19,7,8,2,2,0.686,,gable_family,0.58,,masonry,0.92,,,,none,0.5
525,undergrad,38.648978,-90.292603,"5908 Pershing Ave, St. Louis, MO 63112",19,7,8,2,2,0.7,,gable_family,0.583,,masonry,0.95,,,,none,0.5
526,undergrad,38.648981,-90.292486,"5904 Pershing Ave, St. Louis, MO 63112",19,7,8,2,2,0.747,,gable_family,0.532,,masonry,0.909,,,,none,0.505
527,undergrad,38.648942,-90.292319,"5900 Pershing Ave, St. Louis, MO 63112",19,7,8,2,2,0.68,,gable_family,0.467,,masonry,0.895,,,,none,0.495
528,undergrad,38.648933,-90.292206,"5856 Pershing Ave, St. Louis, MO 63112",19,7,8,2,2,0.646,,gable_family,0.58,,masonry,0.855,,,,none,0.495
529,undergrad,38.648925,-90.292083,"5852 Pershing Ave, St. Louis, MO 63112",19,7,8,2,2,0.735,,gable_family,0.626,,masonry,0.848,,,,none,0.55
530,undergrad,38.648917,-90.291981,"5848 Pershing Ave, St. Louis, MO 63112",19,7,8,2,2,0.83,,gable_family,0.496,,masonry,0.955,,,,none,0.625
531,undergrad,38.648906,-90.291875,"5846 Pershing Ave, St. Louis, MO 63112",19,7,8,2,2,0.854,,gable_family,0.513,,masonry,0.935,,,,none,0.54
532,undergrad,38.6489,-90.291769,"5842 Pershing Ave, St. Louis, MO 63112",19,7,8,2,2,0.76,,gable_family,0.547,,masonry,0.935,,,,none,0.525
533,undergrad,38.648889,-90.291672,"5840 Pershing Ave, St. Louis, MO 63112",19,7,8,2,2,0.775,,gable_family,0.581,,masonry,0.97,,,,moderate,0.465
534,undergrad,38.648878,-90.29165,"5838 Pershing Ave, St. Louis, MO 63112",19,7,8,2,2,0.718,,gable_family,0.426,,masonry,0.938,,,,none,0.65
535,undergrad,38.648867,-90.291461,"5834 Pershing Ave, St. Louis, MO 63112",19,7,8,2,2,0.749,,gable_family,0.477,,masonry,0.935,,,,none,0.6
536,undergrad,38.648861,-90.291356,"5832 Pershing Ave, St. Louis, MO 63112",19,7,8,2,2,0.71,,gable_family,0.557,,masonry,0.915,,,,none,0.61
537,undergrad,38.648847,-90.291256,"5830 Pershing Ave, St. Louis, MO 63112",19,7,8,2,2,0.693,,gable_family,0.454,,masonry,0.905,,,,none,0.43
538,undergrad,38.648842,-90.29115,"5826 Pershing Ave, St. Louis, MO 63112",19,7,8,2,2,0.724,,gable_family,0.566,,masonry,0.9,,,,none,0.455
539,undergrad,38.648833,-90.291047,"5822 Pershing Ave, St. Louis, MO 63112",19,7,8,2,2,0.84,,gable_family,0.581,,masonry,0.93,,,,none,0.63
540,undergrad,38.648822,-90.290942,"5820 Pershing Ave, St. Louis, MO 63112",19,7,8,2,2,0.766,,gable_family,0.581,,masonry,0.975,,,,none,0.56
541,undergrad,38.648806,-90.290842,"5816 Pershing Ave, St. Louis, MO 63112",19,7,8,2,2,0.719,,gable_family,0.514,,masonry,0.93,,,,none,0.61
542,undergrad,38.6488,-90.290733,"5814 Pershing Ave, St. Louis, MO 63112",19,7,8,2,2,0.672,,gable_family,0.482,,masonry,0.96,,,,none,0.475
543,undergrad,38.648792,-90.290622,"5810 Pershing Ave, St. Louis, MO 63112",19,7,8,2,2,0.66,,gable_family,0.51,,masonry,0.92,,,,none,0.515
544,undergrad,38.648778,-90.290517,"5808 Pershing Ave, St. Louis, MO 63112",19,7,8,2,2,0.644,,gable_family,0.339,,masonry,0.955,,,,none,0.51
545,undergrad,38.648769,-90.290414,"5804 Pershing Ave, St. Louis, MO 63112",19,7,8,2,2,0.685,,gable_family,0.465,,masonry,0.985,,,,none,0.605
546,undergrad,38.648739,-90.290308,"5800 Pershing Ave, St. Louis, MO 63112",19,7,6,2,2,0.527,,complex_family,0.43,,masonry,0.99,,,,none,0.45
547,undergrad,38.648689,-90.289928,"5798 Pershing Ave, St. Louis, MO 63112",19,7,6,3,2,0.435,,complex_family,0.44,,masonry,0.975,,,,moderate,0.565
548,undergrad,38.648675,-90.289706,"5788 Pershing Ave, St. Louis, MO 63112",19,7,6,3,2,0.558,,complex_family,0.37,,masonry,0.985,,,,moderate,0.54
549,undergrad,38.648653,-90.289439,"5784 Pershing Ave, St. Louis, MO 63112",19,7,8,3,2,0.542,,gable_family,0.398,,masonry,0.905,,,,moderate,0.44
550,undergrad,38.648617,-90.289333,"5778 Pershing Ave, St. Louis, MO 63112",19,7,8,3,2,0.52,,gable_family,0.395,,masonry,0.935,,,,moderate,0.545
551,undergrad,38.648644,-90.289228,"5776 Pershing Ave, St. Louis, MO 63112",19,7,8,2,2,0.699,,gable_family,0.501,,masonry,0.98,,,,none,0.46
552,undergrad,38.648631,-90.289117,"5774 Pershing Ave, St. Louis, MO 63112",19,7,8,2,2,0.66,,gable_family,0.413,,masonry,0.975,,,,moderate,0.535
553,undergrad,38.648608,-90.289,"5770 Pershing Ave, St. Louis, MO 63112",19,7,8,2,2,0.66,,gable_family,0.59,,masonry,0.945,,,,moderate,0.48
554,undergrad,38.648606,-90.288883,"5768 Pershing Ave, St. Louis, MO 63112",19,7,8,2,2,0.655,,gable_family,0.475,,masonry,0.94,,,,none,0.55
555,undergrad,38.648564,-90.288647,"5760 Pershing Ave, St. Louis, MO 63112",19,7,8,2,2,0.637,,gable_family,0.507,,masonry,0.963,,,,moderate,0.49
556,undergrad,38.640606,-90.30645,"36 Aberdeen Pl, St Louis, MO 63105",19,7,8,2,2,0.755,,gable_family,0.4,,masonry,0.98,,,,none,0.6
557,undergrad,38.648528,-90.288425,"5754 Pershing Ave, St. Louis, MO 63112",19,7,8,2,2,0.642,,gable_family,0.423,,masonry,0.955,,,,moderate,0.49
558,undergrad,38.648544,-90.288292,"5750 Pershing Ave, St. Louis, MO 63112",19,7,8,2,2,0.516,,gable_family,0.357,,masonry,0.835,,,,moderate,0.405
559,undergrad,38.648522,-90.288083,"5744 Pershing Ave, St. Louis, MO 63112",19,7,8,2,2,0.508,,gable_family,0.348,,masonry,0.79,,,,moderate,0.34
560,undergrad,38.649558,-90.294206,"5959 Pershing Ave, St. Louis, MO 63112",19,7,8,2,2,0.724,,gable_family,0.561,,masonry,0.94,,,,none,0.655
561,undergrad,38.649553,-90.294106,"5955 Pershing Ave, St. Louis, MO 63112",19,7,8,2,2,0.73,,gable_family,0.57,,masonry,0.95,,,,none,0.465
562,undergrad,38.649525,-90.294,"5953 Pershing Ave, St. Louis, MO 63112",19,7,8,2,2,0.785,,gable_family,0.534,,masonry,0.97,,,,none,0.55
563,undergrad,38.649514,-90.293894,"5949 Pershing Ave, St. Louis, MO 63112",19,7,8,2,2,0.785,,gable_family,0.648,,masonry,0.915,,,,none,0.565
564,undergrad,38.732219,-90.095617,"4011 Vesci Ave, Granite City, IL 62040",19,7,8,1,2,0.533,,gable_family,0.467,,masonry,0.855,,,,none,0.54
565,steer,38.6562285614,-90.2624403562,1116 N Kingshighway Blvd St. Louis MO 63113 US,,7,8,,2,0.547,,gable_family,0.344,,masonry,0.94,,,Substantial to Heavy,moderate,0.48
566,steer,38.6605576422,-90.2595636743,1383 Aubert Ave St. Louis MO 63113 US,,14,8,,2,0.427,,flat,0.318,,masonry,0.88,,,Destruction,moderate,0.425
567,steer,38.6485176856,-90.2819915904,5585 Pershing Ave St. Louis MO 63112 US,,7,8,,2,0.5,,gable_family,0.295,,masonry,0.915,,,Destruction,moderate,0.51
568,steer,38.6512997515,-90.2870125115,5759 McPherson Ave St. Louis MO 63112 US,,7,8,,2,0.605,,gable_family,0.431,,masonry,0.924,,,Negligible to Slight,none,0.675
569,steer,38.651285964,-90.2871301122,5763 McPherson Ave åœ£è·¯æ˜“æ–¯ MO 63112 US,,7,8,,2,0.656,,gable_family,0.546,,masonry,0.95,,,Moderate,none,0.485
570,steer,38.6512718175,-90.2868680121,5755 McPherson Ave St. Louis MO 63112 US,,7,8,,2,0.83,,gable_family,0.64,,masonry,0.97,,,Negligible to Slight,none,0.56
571,steer,38.6512471563,-90.2867290432,5751 McPherson Ave St. Louis MO 63112 US,,7,8,,2,0.8,,gable_family,0.546,,masonry,0.995,,,Negligible to Slight,none,0.655
572,steer,38.651240362,-90.2865838373,5747 McPherson Ave St. Louis MO 63112 US,,7,8,,2,0.78,,gable_family,0.499,,masonry,0.985,,,Negligible to Slight,none,0.545
573,steer,38.6512133509,-90.2864390627,5743 McPherson Ave St. Louis MO 63112 US,,7,8,,2,0.733,,gable_family,0.623,,masonry,1.0,,,Negligible to Slight,none,0.62
574,steer,38.6512112304,-90.2862815615,5739 McPherson Ave St. Louis MO 63112 US,,7,8,,2,0.8,,gable_family,0.56,,masonry,0.975,,,Negligible to Slight,none,0.57
575,steer,38.651193235,-90.2851749031,5708 Kingsbury Pl St. Louis MO 63112 US,,7,8,,2,0.735,,gable_family,0.408,,masonry,0.975,,,Negligible to Slight,none,0.665
576,steer,38.6505655163,-90.2860547539,5726 McPherson Ave St. Louis MO 63112 US,,7,8,,2,0.53,,gable_family,0.434,,masonry,0.885,,,Moderate,none,0.495
577,steer,38.6507862308,-90.286266682,5736 McPherson Ave St. Louis MO 63112 US,,7,8,,2,0.81,,gable_family,0.629,,masonry,0.99,,,Negligible to Slight,none,0.695
578,steer,38.6507962687,-90.2864932967,5742 McPherson Ave St. Louis MO 63112 US,,7,8,,2,0.691,,gable_family,0.463,,masonry,0.983,,,Moderate,none,0.635
579,steer,38.6507983929,-90.2866295266,5744 McPherson Ave St. Louis MO 63112 US,,7,8,,2,0.73,,gable_family,0.585,,masonry,0.98,,,Negligible to Slight,moderate,0.425
580,steer,38.6508361104,-90.2867279911,5748 McPherson Ave St. Louis MO 63112 US,,7,8,,2,0.7,,gable_family,0.537,,masonry,0.98,,,Negligible to Slight,none,0.545
581,steer,38.6508391417,-90.2868362183,,,7,8,,2,0.71,,gable_family,0.499,,masonry,0.995,,,Negligible to Slight,none,0.585
582,steer,38.6508533644,-90.2869595332,5754 McPherson Ave St. Louis MO 63112 US,,7,8,,2,0.765,,gable_family,0.517,,masonry,0.94,,,Negligible to Slight,none,0.6
583,steer,38.6508523337,-90.2870853788,5760 McPherson Ave St. Louis MO 63112 US,,7,8,,2,0.7,,gable_family,0.59,,masonry,0.985,,,Negligible to Slight,none,0.59
584,steer,38.6508733396,-90.287321279,5764 McPherson Ave St. Louis MO 63112 US,,7,8,,2,0.595,,gable_family,0.455,,masonry,0.865,,,Negligible to Slight,none,0.46
585,steer,38.6508785593,-90.2874224537,5770 McPherson Ave St. Louis MO 63112 US,,7,8,,2,0.565,,gable_family,0.499,,masonry,0.91,,,Negligible to Slight,none,0.57
586,steer,38.6508975921,-90.2875361455,5772 McPherson Ave St. Louis MO 63112 US,,7,8,,2,0.57,,gable_family,0.393,,masonry,0.915,,,Negligible to Slight,none,0.51
587,steer,38.650907325,-90.2876551015,5774 McPherson Ave St. Louis MO 63112 US,,7,8,,2,0.715,,gable_family,0.559,,masonry,1.0,,,Negligible to Slight,none,0.56
588,steer,38.6509402956,-90.2877604288,5776 McPherson Ave St. Louis MO 63112 US,,7,8,,2,0.771,,gable_family,0.625,,masonry,0.94,,,Moderate,none,0.68
589,steer,38.6509288175,-90.2878970522,5778 McPherson Ave St. Louis MO 63112 US,,7,8,,2,0.725,,gable_family,0.546,,masonry,0.995,,,Negligible to Slight,none,0.595
590,steer,38.650953767,-90.2881025066,5782 McPherson Ave St. Louis MO 63112 US,,7,8,,2,0.7,,gable_family,0.538,,masonry,0.96,,,Negligible to Slight,none,0.57
591,steer,38.6509535555,-90.2879998031,5780 McPherson Ave St. Louis MO 63112 US,,7,8,,2,0.76,,gable_family,0.53,,masonry,0.98,,,Negligible to Slight,none,0.57
592,steer,38.6509723989,-90.2882146395,5784 McPherson Ave St. Louis MO 63112 US,,7,8,,2,0.594,,gable_family,0.488,,masonry,0.965,,,Negligible to Slight,none,0.55
593,steer,38.6509821781,-90.2883327754,5786 McPherson Ave St. Louis MO 63112 US,,7,8,,2,0.745,,gable_family,0.624,,masonry,0.975,,,Negligible to Slight,none,0.575
594,steer,38.6510014935,-90.2884592703,5788 McPherson Ave St. Louis MO 63112 US,,7,8,,2,0.789,,gable_family,0.618,,masonry,0.96,,,Negligible to Slight,none,0.615
595,steer,38.6510180868,-90.2885714854,5790 McPherson Ave St. Louis MO 63112 US,,7,8,,2,0.675,,gable_family,0.498,,masonry,0.965,,,Negligible to Slight,none,0.605
596,steer,38.6510274831,-90.2886935407,5792 McPherson Ave St. Louis MO 63112 US,,7,8,,2,0.71,,gable_family,0.56,,masonry,0.97,,,Negligible to Slight,none,0.595
597,steer,38.6510421156,-90.2888082224,5794 McPherson Ave St. Louis MO 63112 US,,7,8,,2,0.77,,gable_family,0.61,,masonry,0.99,,,Negligible to Slight,none,0.5
598,steer,38.6510507394,-90.2889242453,5796 McPherson Ave St. Louis MO 63112 US,,7,8,,2,0.755,,gable_family,0.53,,masonry,0.985,,,Moderate,none,0.59
599,steer,38.6510694215,-90.2890472392,5798 McPherson Ave St. Louis MO 63112 US,,7,8,,2,0.603,,gable_family,0.414,,masonry,0.903,,,Moderate,none,0.51
600,steer,38.6514729313,-90.2889781829,5799 McPherson Ave St. Louis MO 63112 US,,7,8,,2,0.527,,gable_family,0.478,,masonry,0.915,,,Negligible to Slight,none,0.505
601,steer,38.6506134981,-90.2888521367,5797 De Giverville Ave St. Louis MO 63112 US,,6,8,,1,0.46,,gable_family,0.547,,masonry,0.855,,,Substantial to Heavy,none,0.505
602,steer,38.6505298523,-90.2887249848,5795 De Giverville Ave St. Louis MO 63112 US,,7,8,,2,0.7,,gable_family,0.451,,masonry,0.925,,,Negligible to Slight,none,0.565
603,steer,38.6504518062,-90.2885938516,5793 Waterman Blvd St. Louis MO 63112 US,,7,8,,2,0.805,,gable_family,0.621,,masonry,0.95,,,Negligible to Slight,none,0.49
604,steer,38.6504239655,-90.288490929,5791 Waterman Blvd St. Louis MO 63112 US,,7,8,,2,0.732,,gable_family,0.533,,masonry,0.945,,,Substantial to Heavy,moderate,0.435
605,steer,38.6504195114,-90.2883741058,5789 Waterman Blvd St. Louis MO 63112 US,,7,8,,2,0.722,,gable_family,0.455,,masonry,0.98,,,Negligible to Slight,none,0.665
606,steer,38.6503967806,-90.2882243122,5787 Waterman Blvd St. Louis MO 63112 US,,7,8,,2,0.77,,gable_family,0.531,,masonry,0.98,,,Negligible to Slight,none,0.595
607,steer,38.6503896478,-90.2881085441,5785 Waterman Blvd St. Louis MO 63112 US,,7,8,,2,0.8,,gable_family,0.625,,masonry,0.96,,,Negligible to Slight,none,0.63
608,steer,38.6503593569,-90.2877517784,5775 Waterman Blvd St. Louis MO 63112 US,,7,8,,2,0.755,,gable_family,0.496,,masonry,0.965,,,Negligible to Slight,none,0.51
609,steer,38.6503465886,-90.2876331447,5771 Waterman Blvd St. Louis MO 63112 US,,7,8,,2,0.825,,gable_family,0.602,,masonry,0.995,,,Negligible to Slight,none,0.53
610,steer,38.6503390877,-90.2875072386,5767 Waterman Blvd St. Louis MO 63112 US,,7,8,,2,0.825,,gable_family,0.579,,masonry,0.975,,,Negligible to Slight,none,0.46
611,steer,38.6503664594,-90.2878662402,5775 Waterman Blvd St. Louis MO 63112 US,,7,8,,2,0.7,,gable_family,0.502,,masonry,0.945,,,Negligible to Slight,none,0.53
612,steer,38.6503855045,-90.2879723141,5779 Waterman Blvd St. Louis MO 63112 US,,7,8,,2,0.665,,gable_family,0.453,,masonry,0.985,,,Moderate,none,0.59
613,steer,38.6503214301,-90.287217528,5759 Waterman Blvd St. Louis MO 63112 US,,7,8,,2,0.825,,gable_family,0.568,,masonry,0.945,,,Negligible to Slight,none,0.57
614,steer,38.6502896846,-90.2870639831,5755 Waterman Blvd St. Louis MO 63112 US,,7,8,,2,0.8,,gable_family,0.623,,masonry,0.89,,,Negligible to Slight,none,0.465
615,steer,38.6503231997,-90.2873570856,5763 Waterman Blvd St. Louis MO 63112 US,,7,8,,2,0.793,,gable_family,0.601,,masonry,0.965,,,Moderate,none,0.51
616,steer,38.6502746936,-90.2869201116,5751 Waterman Blvd St. Louis MO 63112 US,,7,8,,2,0.765,,gable_family,0.556,,masonry,0.964,,,Negligible to Slight,none,0.52
617,steer,38.650259639,-90.2867694702,5747 Waterman Blvd St. Louis MO 63112 US,,7,8,,2,0.74,,gable_family,0.518,,masonry,0.935,,,Negligible to Slight,none,0.57
618,steer,38.650262485,-90.2866631277,5745 Waterman Blvd St. Louis MO 63112 US,,7,8,,2,0.776,,gable_family,0.593,,masonry,0.94,,,Negligible to Slight,none,0.53
619,steer,38.6502449086,-90.2865363915,5741 Waterman Blvd St. Louis MO 63112 US,,7,8,,2,0.815,,gable_family,0.522,,masonry,0.955,,,Negligible to Slight,none,0.61
620,steer,38.6502336836,-90.2864028222,5737 Waterman Blvd St. Louis MO 63112 US,,7,8,,2,0.784,,gable_family,0.555,,masonry,0.95,,,Negligible to Slight,none,0.545
621,steer,38.6502202223,-90.2862756632,5733 Waterman Blvd St. Louis MO 63112 US,,7,8,,2,0.764,,gable_family,0.633,,masonry,0.975,,,Negligible to Slight,none,0.495
622,steer,38.6502065163,-90.286150555,5731 Waterman Blvd St. Louis MO 63112 US,,7,8,,2,0.71,,gable_family,0.454,,masonry,0.944,,,Negligible to Slight,none,0.445
623,steer,38.6502016863,-90.2860226229,5727 Waterman Blvd St. Louis MO 63112 US,,7,8,,2,0.542,,gable_family,0.443,,masonry,0.9,,,Negligible to Slight,none,0.565
624,steer,38.6501673124,-90.2858032096,5719 Waterman Blvd St. Louis MO 63112 US,,7,6,,2,0.554,,complex_family,0.356,,masonry,0.95,,,Substantial to Heavy,none,0.605
625,steer,38.6501572745,-90.285667375,5715 Waterman Blvd St. Louis MO 63112 US,,7,8,,2,0.528,,gable_family,0.339,,masonry,0.94,,,Negligible to Slight,none,0.54
626,steer,38.6501476466,-90.2853045953,415 Debaliviere Ave St. Louis MO 63112 US,,7,8,,2,0.595,,gable_family,0.287,,masonry,0.955,,,Moderate,none,0.4
627,steer,38.6482774885,-90.2842007803,5630 Pershing Ave St. Louis MO 63112 US,,7,6,,2,0.412,,complex_family,0.413,,masonry,0.905,,,Negligible to Slight,none,0.425
628,steer,38.6480432975,-90.2819985294,5578 Pershing Ave St. Louis MO 63112 US,,14,8,,2,0.542,,flat,0.304,,masonry,0.94,,,Very Heavy,moderate,0.545
629,steer,38.6482771818,-90.2785266199,307 Belt Ave St. Louis MO 63112 US,,7,8,,2,0.558,,gable_family,0.419,,masonry,0.945,,,Negligible to Slight,moderate,0.47
630,steer,38.6483055768,-90.2788772269,5515 Pershing Ave St. Louis MO 63112 US,,7,8,,2,0.605,,gable_family,0.418,,masonry,0.965,,,Negligible to Slight,none,0.435
631,steer,38.6483164933,-90.2790531014,5519 Pershing Ave St. Louis MO 63112 US,,7,8,,2,0.54,,gable_family,0.431,,masonry,0.975,,,Negligible to Slight,none,0.53
632,steer,38.6483332637,-90.2792281744,5521 Pershing Ave St. Louis MO 63112 US,,8,6,,3,0.49,,complex_family,0.455,,masonry,0.99,,,Negligible to Slight,none,0.54
633,steer,38.6483706913,-90.2795737511,5529 Pershing Ave St. Louis MO 63112 US,,7,8,,2,0.56,,gable_family,0.394,,masonry,0.935,,,Negligible to Slight,moderate,0.495
634,steer,38.6484046991,-90.2798749895,5531 Pershing Ave St. Louis MO 63112 US,,7,6,,2,0.425,,complex_family,0.357,,masonry,0.96,,,Moderate,moderate,0.515
635,steer,38.6483936421,-90.2797327131,5531 Pershing Ave St. Louis MO 63112 US,,7,6,,2,0.475,,complex_family,0.412,,masonry,0.975,,,Moderate,none,0.47
636,steer,38.6465474071,-90.274825397,255 Union Blvd St. Louis MO 63108 US,,7,6,,2,0.45,,complex_family,0.37,,masonry,0.975,,,Negligible to Slight,none,0.485
637,steer,38.646620497,-90.2756530548,249 Union Blvd St. Louis MO 63108 US,,7,6,,2,0.423,,complex_family,0.358,,masonry,0.93,,,Negligible to Slight,none,0.405
638,steer,38.6472440983,-90.2752468571,5316 Pershing Ave St. Louis MO 63112 US,,7,8,,2,0.443,,gable_family,0.319,,masonry,0.97,,,Negligible to Slight,none,0.49
639,steer,38.6469794985,-90.2746742189,265 Union Blvd St. Louis MO 63108 US,,7,6,,2,0.5,,complex_family,0.32,,masonry,0.95,,,Negligible to Slight,moderate,0.44
640,steer,38.6473814932,-90.2746005471,275 Union Blvd St. Louis MO 63108 US,,7,8,,2,0.531,,gable_family,0.439,,masonry,0.935,,,Negligible to Slight,none,0.515
641,steer,38.647314831,-90.2757455936,5330 Pershing Ave St. Louis MO 63112 US,,7,8,,2,0.57,,gable_family,0.374,,masonry,0.91,,,Negligible to Slight,none,0.55
642,steer,38.6475300472,-90.2760913855,5360 Berlin Ave St. Louis MO 63112 US,,7,8,,2,0.515,,gable_family,0.393,,masonry,0.975,,,Negligible to Slight,none,0.625
643,steer,38.6474532747,-90.2760945802,5360 Berlin Ave St. Louis MO 63112 US,,7,8,,2,0.55,,gable_family,0.378,,masonry,0.96,,,Negligible to Slight,none,0.63
644,steer,38.6473110299,-90.2761302177,5360 Berlin Ave St. Louis MO 63112 US,,8,6,,3,0.379,,complex_family,0.315,,masonry,0.905,,,Negligible to Slight,none,0.52
645,steer,38.647143597,-90.2761619767,5360 Berlin Ave St. Louis MO 63112 US,,7,6,,2,0.361,,complex_family,0.31,,masonry,0.875,,,Negligible to Slight,none,0.615
646,steer,38.6471578253,-90.2766229328,5360 Pershing Ave St. Louis MO 63112 US,,7,8,,2,0.65,,gable_family,0.514,,masonry,0.98,,,Negligible to Slight,none,0.58
647,steer,38.6472989733,-90.2765926853,5360 Pershing Ave St. Louis MO 63112 US,,7,8,,2,0.547,,gable_family,0.422,,masonry,0.953,,,Negligible to Slight,none,0.58
648,steer,38.6474623871,-90.2765653917,5360 Pershing Ave St. Louis MO 63112 US,,7,8,,2,0.549,,gable_family,0.381,,masonry,0.98,,,Negligible to Slight,none,0.41
649,steer,38.6475694607,-90.2764598357,5360 Pershing Ave St. Louis MO 63112 US,,7,8,,2,0.612,,gable_family,0.409,,masonry,0.97,,,Negligible to Slight,none,0.58
650,steer,38.6475850769,-90.2770349129,5370 Pershing Ave St. Louis MO 63112 US,,7,8,,2,0.595,,gable_family,0.433,,masonry,0.935,,,Moderate,none,0.475
651,steer,38.6476304782,-90.2776909532,5386 Pershing Ave St. Louis MO 63112 US,,7,8,,2,0.54,,gable_family,0.393,,masonry,0.978,,,Negligible to Slight,none,0.475
652,steer,38.6476297773,-90.2778919927,5390 Pershing Ave St. Louis MO 63112 US,,7,6,,2,0.505,,complex_family,0.372,,masonry,0.985,,,Negligible to Slight,none,0.49
653,steer,38.6477322755,-90.2783715009,5398 Pershing Ave St. Louis MO 63112 US,,7,8,,2,0.551,,gable_family,0.407,,masonry,0.938,,,Very Heavy,moderate,0.475
654,steer,38.6476957382,-90.278119832,5394 Pershing Ave St. Louis MO 63112 US,,7,8,,2,0.611,,gable_family,0.528,,masonry,0.985,,,,none,0.48
655,steer,38.6477431891,-90.2785949425,5500 Pershing Ave St. Louis MO 63112 US,,7,8,,2,0.54,,gable_family,0.429,,masonry,0.91,,,Substantial to Heavy,moderate,0.49
656,steer,38.6490068953,-90.2862587543,5727 De Giverville Ave St. Louis MO 63112 US,,7,8,,2,0.5,,gable_family,0.339,,masonry,0.965,,,Negligible to Slight,moderate,0.415
657,steer,38.6486898858,-90.2898787124,5798 Pershing Ave St. Louis MO 63112 US,,7,6,,2,0.47,,complex_family,0.448,,masonry,0.98,,,Very Heavy,moderate,0.41
658,steer,38.6488976405,-90.2823862237,314 Clara Ave St. Louis MO 63112 US,,8,6,,3,0.51,,complex_family,0.46,,masonry,0.995,,,,moderate,0.48
659,steer,38.6492254148,-90.2814937739,5592 Waterman Blvd St. Louis MO 63112 US,,7,8,,2,0.682,,gable_family,0.491,,masonry,0.97,,,,moderate,0.42
660,steer,38.6489547367,-90.2811183723,5578 Waterman Blvd St. Louis MO 63112 US,,7,8,,2,0.658,,gable_family,0.604,,masonry,0.985,,,,moderate,0.455
661,steer,38.6497698661,-90.2820403079,5607 Waterman Blvd St. Louis MO 63112 US,,7,8,,2,0.674,,gable_family,0.553,,masonry,0.97,,,,none,0.605
662,steer,38.6479665072,-90.2809539039,5560 Pershing Ave St. Louis MO 63112 US,,8,6,,3,0.45,,complex_family,0.37,,masonry,0.975,,,Substantial to Heavy,moderate,0.48
663,steer,38.6480300551,-90.2818005879,5576 Pershing Ave St. Louis MO 63112 US,,7,8,,2,0.415,,gable_family,0.333,,masonry,0.975,,,,none,0.43
664,steer,38.6480404991,-90.282217704,5582 Pershing Ave St. Louis MO 63112 US,,7,6,,2,0.519,,complex_family,0.319,,masonry,0.94,,,,moderate,0.48
665,steer,38.6480496105,-90.2824291966,5590 Pershing Ave St. Louis MO 63112 US,,7,6,,2,0.47,,complex_family,0.335,,masonry,0.935,,,Destruction,moderate,0.41
666,steer,38.6490858061,-90.279730891,5542 Waterman Blvd St. Louis MO 63112 US,,7,8,,2,0.559,,gable_family,0.368,,masonry,0.975,,,,moderate,0.415
667,steer,38.6482116221,-90.2827978303,5596 Pershing Avenue St. Louis Missouri 63112 United States,,7,8,,2,0.617,,gable_family,0.409,,masonry,0.965,,,,moderate,0.56
668,steer,38.6567146917,-90.2599418275,,,7,8,,2,0.616,,gable_family,0.408,,masonry,0.94,,,Substantial to Heavy,moderate,0.465
669,steer,38.6696815182,-90.2405961384,3525 N Taylor Ave St. Louis MO 63115 US,,7,8,,2,0.637,,gable_family,0.526,,masonry,0.875,,,Negligible to Slight,none,0.46
670,steer,38.6697457604,-90.2405516978,3527 N Taylor Ave St. Louis MO 63115 US,,7,8,,2,0.55,,gable_family,0.497,,masonry,0.89,,,Negligible to Slight,none,0.675
671,steer,38.6698748023,-90.2404558677,3533 N Taylor Ave St. Louis MO 63115 US,,7,8,,2,0.51,,gable_family,0.489,,masonry,0.945,,,Substantial to Heavy,moderate,0.415
672,steer,38.6702053193,-90.2412837006,4530 Lexington Ave St. Louis MO 63115 US,,7,8,,2,0.57,,gable_family,0.533,,masonry,0.925,,,Destruction,none,0.43
673,steer,38.6697571814,-90.2422644847,4545 Ashland Ave St. Louis MO 63115 US,,7,8,,2,0.614,,gable_family,0.552,,masonry,0.935,,,Substantial to Heavy,moderate,0.46
674,steer,38.6696931684,-90.2420721004,4541 Ashland Ave St. Louis MO 63115 US,,7,8,,2,0.604,,gable_family,0.456,,masonry,0.85,,,Very Heavy,moderate,0.415
675,steer,38.6708290511,-90.2426079491,4608 Lexington Ave St. Louis MO 63115 US,,7,8,,2,0.655,,gable_family,0.493,,masonry,0.91,,,Negligible to Slight,none,0.615
676,steer,38.6693131275,-90.2438349774,4615 Elmbank Ave St. Louis MO 63115 US,,7,8,,2,0.559,,gable_family,0.457,,masonry,0.905,,,Destruction,none,0.42
677,steer,38.6694633123,-90.2427619493,4554 Ashland Ave St. Louis MO 63115 US,,7,8,,2,0.519,,gable_family,0.483,,masonry,0.845,,,Moderate,moderate,0.45
678,steer,38.6690474397,-90.241760353,4520 Ashland Ave St. Louis MO 63115 US,,7,8,,2,0.55,,gable_family,0.461,,masonry,0.895,,,Substantial to Heavy,none,0.535
679,steer,38.6690148388,-90.2416709984,4516 Ashland Ave St. Louis MO 63115 US,,7,8,,2,0.67,,gable_family,0.521,,masonry,0.885,,,Moderate,none,0.55
680,steer,38.6687090289,-90.2423058275,4527 Elmbank Ave St. Louis MO 63115 US,,6,8,,1,0.44,,gable_family,0.408,,masonry,0.685,,,Substantial to Heavy,none,0.485
681,steer,38.6689590476,-90.2415485309,4512 Ashland Ave St. Louis MO 63115 US,,7,8,,2,0.563,,gable_family,0.586,,masonry,0.875,,,Destruction,moderate,0.48
682,steer,38.665334989,-90.238495184,3023 Vine Grove Ave åœ£è·¯æ˜“æ–¯ MO 63115 US,,7,8,,2,0.509,,gable_family,0.541,,masonry,0.83,,,Very Heavy,moderate,0.435
683,steer,38.6648049855,-90.2384655035,3006 Vine Grove Ave åœ£è·¯æ˜“æ–¯ MO 63115 US,,7,8,,2,0.507,,gable_family,0.532,,masonry,0.83,,,Negligible to Slight,none,0.52
684,steer,38.6645963992,-90.238219528,4327 Labadie Ave åœ£è·¯æ˜“æ–¯ MO 63115 US,,7,8,,2,0.594,,gable_family,0.461,,masonry,0.793,,,Substantial to Heavy,none,0.465
685,steer,38.6688196604,-90.2412512333,3225 N Taylor Ave St. Louis MO 63115 US,,7,8,,2,0.46,,gable_family,0.537,,masonry,0.815,,,Negligible to Slight,none,0.5
686,steer,38.6689091643,-90.2411872929,3227 N Taylor Ave St. Louis MO 63115 US,,7,8,,2,0.665,,gable_family,0.58,,masonry,0.84,,,Negligible to Slight,none,0.475
687,steer,38.6685290665,-90.2414500328,3211 N Taylor Ave St. Louis MO 63115 US,,7,8,,2,0.5,,gable_family,0.453,,masonry,0.88,,,Moderate,none,0.555
688,steer,38.6643526878,-90.2375985518,4307 Labadie Ave åœ£è·¯æ˜“æ–¯ MO 63115 US,,7,8,,2,0.495,,gable_family,0.374,,masonry,0.8,,,Very Heavy,moderate,0.55
689,steer,38.6515158821,-90.258117619,,,14,8,,2,0.531,,flat,0.33,,masonry,0.95,,,Negligible to Slight,none,0.52
690,steer,38.6682873198,-90.2424972334,4524 Elmbank Ave St. Louis MO 63115 US,,7,8,,2,0.605,,gable_family,0.527,,masonry,0.9,,,Moderate,none,0.445
691,steer,38.6670067073,-90.2409682427,4463 Greer Ave åœ£è·¯æ˜“æ–¯ MO 63115 US,,7,8,,2,0.645,,gable_family,0.462,,masonry,0.93,,,Substantial to Heavy,none,0.505
692,steer,38.668263389,-90.2411203782,3208 N Taylor Ave åœ£è·¯æ˜“æ–¯ MO 63115 US,,7,8,,2,0.545,,gable_family,0.547,,masonry,0.915,,,Negligible to Slight,none,0.49
693,steer,38.668108519,-90.2412195987,3202 N Taylor Ave åœ£è·¯æ˜“æ–¯ MO 63115 US,,7,8,,2,0.523,,gable_family,0.483,,masonry,0.845,,,Negligible to Slight,none,0.61
694,steer,38.6686895231,-90.2408281646,3224 N Taylor Ave åœ£è·¯æ˜“æ–¯ MO 63115 US,,7,8,,2,0.588,,gable_family,0.481,,masonry,0.89,,,Negligible to Slight,none,0.51
695,steer,38.6682950609,-90.2439354885,4561 Greer Ave St. Louis MO 63115 US,,7,8,,2,0.57,,gable_family,0.512,,masonry,0.9,,,Moderate,none,0.51
696,steer,38.6689830651,-90.2440598018,4614 Elmbank Ave St. Louis MO 63115 US,,7,8,,2,0.554,,gable_family,0.444,,masonry,0.905,,,Moderate,none,0.4
697,steer,38.6679666613,-90.2406627694,4467 Elmbank Ave åœ£è·¯æ˜“æ–¯ MO 63115 US,,7,8,,2,0.615,,gable_family,0.407,,masonry,0.929,,,Negligible to Slight,none,0.57
698,steer,38.6684693611,-90.2443497878,4611 Greer Ave St. Louis MO 63115 US,,7,8,,2,0.487,,gable_family,0.414,,masonry,0.82,,,Substantial to Heavy,moderate,0.475
699,steer,38.6678478251,-90.2404143981,4461 Elmbank Ave åœ£è·¯æ˜“æ–¯ MO 63115 US,,7,8,,2,0.54,,gable_family,0.423,,masonry,0.935,,,Moderate,moderate,0.37
700,steer,38.668170396,-90.2397611473,4448 Ashland Ave åœ£è·¯æ˜“æ–¯ MO 63115 US,,7,8,,2,0.487,,gable_family,0.379,,masonry,0.875,,,Moderate,moderate,0.495
701,steer,38.6676474926,-90.239912904,4445 Elmbank Ave åœ£è·¯æ˜“æ–¯ MO 63115 US,,7,8,,2,0.558,,gable_family,0.501,,masonry,0.93,,,Moderate,moderate,0.535
702,steer,38.6691381769,-90.2443583678,4624 Elmbank Ave St. Louis MO 63115 US,,7,8,,2,0.515,,gable_family,0.439,,masonry,0.895,,,Moderate,none,0.43
703,steer,38.6675252671,-90.2397355548,4439 Elmbank Ave åœ£è·¯æ˜“æ–¯ MO 63115 US,,7,8,,2,0.432,,gable_family,0.429,,masonry,0.875,,,Substantial to Heavy,none,0.63
704,steer,38.6682641575,-90.2399324766,4454 Ashland Ave åœ£è·¯æ˜“æ–¯ MO 63115 US,,7,8,,2,0.507,,gable_family,0.407,,masonry,0.91,,,Moderate,none,0.415
705,steer,38.6686297347,-90.2446736336,4623 Greer Ave St. Louis MO 63115 US,,7,8,,2,0.504,,gable_family,0.389,,masonry,0.815,,,Very Heavy,moderate,0.435
706,steer,38.6681302605,-90.2395965185,4446 Ashland Ave åœ£è·¯æ˜“æ–¯ MO 63115 US,,7,8,,2,0.515,,gable_family,0.462,,masonry,0.865,,,Moderate,moderate,0.505
707,steer,38.6675520636,-90.239807546,4439 Elmbank Ave åœ£è·¯æ˜“æ–¯ MO 63115 US,,7,8,,2,0.527,,gable_family,0.418,,masonry,0.925,,,Substantial to Heavy,moderate,0.45
708,steer,38.6579964907,-90.2567307026,,,7,8,,2,0.54,,gable_family,0.498,,masonry,0.85,,,Substantial to Heavy,moderate,0.465
709,steer,38.6681602103,-90.2447728358,4616 Greer Ave St. Louis MO 63115 US,,7,8,,2,0.54,,gable_family,0.471,,masonry,0.875,,,Moderate,none,0.525
710,steer,38.6674946398,-90.2396057946,4437 Elmbank Ave åœ£è·¯æ˜“æ–¯ MO 63115 US,,7,8,,2,0.53,,gable_family,0.468,,masonry,0.91,,,Moderate,none,0.54
711,steer,38.6678873883,-90.2440581762,4556 Greer Ave St. Louis MO 63115 US,,7,8,,2,0.525,,gable_family,0.421,,masonry,0.885,,,Negligible to Slight,none,0.53
712,steer,38.6673382589,-90.2391887532,4421 Elmbank Ave åœ£è·¯æ˜“æ–¯ MO 63115 US,,7,8,,2,0.57,,gable_family,0.461,,masonry,0.91,,,Moderate,none,0.545
713,steer,38.6570963512,-90.2568192589,,,7,8,,2,0.624,,gable_family,0.466,,masonry,0.91,,,Moderate,none,0.475
714,steer,38.6672293762,-90.2389537821,4415 Elmbank Ave åœ£è·¯æ˜“æ–¯ MO 63115 US,,7,8,,2,0.568,,gable_family,0.493,,masonry,0.86,,,Substantial to Heavy,moderate,0.425
715,steer,38.6677137037,-90.2436582566,4544 Greer Ave St. Louis MO 63115 US,,7,8,,2,0.478,,gable_family,0.478,,masonry,0.935,,,Negligible to Slight,none,0.56
716,steer,38.6676614349,-90.243521418,4538 Greer Ave St. Louis MO 63115 US,,6,8,,1,0.476,,gable_family,0.477,,masonry,0.9,,,Substantial to Heavy,moderate,0.445
717,steer,38.667806073,-90.2387683966,,,7,8,,2,0.447,,gable_family,0.431,,masonry,0.87,,,Very Heavy,moderate,0.49
718,steer,38.6670807076,-90.2437020014,4533 Labadie Ave St. Louis MO 63115 US,,7,8,,2,0.57,,gable_family,0.437,,masonry,0.785,,,Moderate,moderate,0.5
719,steer,38.666276274,-90.23876983,3112 N Newstead Ave åœ£è·¯æ˜“æ–¯ MO 63115 US,,7,8,,2,0.6,,gable_family,0.492,,masonry,0.93,,,Very Heavy,moderate,0.505
720,steer,38.6675187933,-90.2432031,4528 Greer Ave St. Louis MO 63115 US,,7,8,,2,0.478,,gable_family,0.414,,masonry,0.905,,,Moderate,moderate,0.5
721,steer,38.6667890429,-90.2375053389,3129 Vine Grove Ave åœ£è·¯æ˜“æ–¯ MO 63115 US,,6,8,,1,0.475,,gable_family,0.522,,masonry,0.74,,,Very Heavy,moderate,0.645
722,steer,38.6666809947,-90.2376229083,3127 Vine Grove Ave åœ£è·¯æ˜“æ–¯ MO 63115 US,,7,8,,2,0.56,,gable_family,0.57,,masonry,0.755,,,Very Heavy,none,0.48
723,steer,38.6657796774,-90.2376400717,3050 Vine Grove Ave åœ£è·¯æ˜“æ–¯ MO 63115 US,,7,8,,2,0.539,,gable_family,0.45,,masonry,0.8,,,Negligible to Slight,none,0.495
724,steer,38.6663440631,-90.2364489781,3127 Clarence Ave åœ£è·¯æ˜“æ–¯ MO 63115 US,,7,8,,2,0.565,,gable_family,0.412,,masonry,0.86,,,Negligible to Slight,none,0.655
725,steer,38.6560650268,-90.2575860016,,,7,8,,2,0.653,,gable_family,0.552,,masonry,0.888,,,Negligible to Slight,none,0.455
726,steer,38.6664605517,-90.2358283541,4248 W Ashland Ave åœ£è·¯æ˜“æ–¯ MO 63115 US,,7,8,,2,0.561,,gable_family,0.473,,masonry,0.9,,,Moderate,moderate,0.54
727,steer,38.665964253,-90.2357690325,3129 Marnice Pl åœ£è·¯æ˜“æ–¯ MO 63115 US,,7,8,,2,0.455,,gable_family,0.448,,masonry,0.795,,,Substantial to Heavy,none,0.43
728,steer,38.6649274547,-90.2353455624,3101 Lambdin Ave åœ£è·¯æ˜“æ–¯ MO 63115 US,,7,8,,2,0.467,,gable_family,0.355,,masonry,0.885,,,Negligible to Slight,moderate,0.46
729,steer,38.6554842906,-90.2570623989,,,7,8,,2,0.555,,gable_family,0.459,,masonry,0.89,,,Negligible to Slight,none,0.525
730,steer,38.6659840521,-90.2346849219,4208 W Ashland Ave åœ£è·¯æ˜“æ–¯ MO 63115 US,,7,8,,2,0.545,,gable_family,0.491,,masonry,0.87,,,Negligible to Slight,none,0.62
731,steer,38.6550419176,-90.2577631974,,,7,8,,2,0.731,,gable_family,0.555,,masonry,0.935,,,Negligible to Slight,none,0.6
732,steer,38.6674010138,-90.2348182261,4234 W Lexington Ave åœ£è·¯æ˜“æ–¯ MO 63115 US,,6,8,,1,0.475,,gable_family,0.507,,masonry,0.82,,,Negligible to Slight,none,0.645
733,steer,38.6674275188,-90.2348783374,4238 W Lexington Ave åœ£è·¯æ˜“æ–¯ MO 63115 US,,7,8,,2,0.513,,gable_family,0.536,,masonry,0.84,,,Negligible to Slight,none,0.685
734,steer,38.6674641798,-90.2349712776,4240 W Lexington Ave åœ£è·¯æ˜“æ–¯ MO 63115 US,,7,8,,2,0.482,,gable_family,0.434,,masonry,0.84,,,Negligible to Slight,none,0.555
735,steer,38.666736723,-90.2354906457,4241 W Ashland Ave åœ£è·¯æ˜“æ–¯ MO 63115 US,,7,8,,2,0.486,,gable_family,0.503,,masonry,0.765,,,Negligible to Slight,none,0.455
736,steer,38.6686681448,-90.2375230817,3535 N Newstead Ave åœ£è·¯æ˜“æ–¯ MO 63115 US,,7,8,,2,0.572,,gable_family,0.428,,masonry,0.81,,,Moderate,none,0.46
737,steer,38.6541432574,-90.2573148991,,,7,8,,2,0.455,,gable_family,0.382,,masonry,0.905,,,Moderate,moderate,0.48
738,steer,38.6535809521,-90.2574401522,,,7,8,,2,0.525,,gable_family,0.528,,masonry,0.825,,,Negligible to Slight,none,0.56
739,steer,38.6534528519,-90.257447216,,,7,8,,2,0.645,,gable_family,0.534,,masonry,0.885,,,Substantial to Heavy,moderate,0.435
740,steer,38.6533764679,-90.257448099,,,7,8,,2,0.647,,gable_family,0.561,,masonry,0.845,,,Negligible to Slight,moderate,0.455
741,steer,38.6701721091,-90.2431935853,4611 Ashland Ave St. Louis MO 63115 US,,7,8,,2,0.535,,gable_family,0.495,,masonry,0.905,,,Moderate,moderate,0.395
742,steer,38.6529584785,-90.2585882791,,,7,8,,2,0.77,,gable_family,0.584,,masonry,0.95,,,Negligible to Slight,none,0.57
743,steer,38.652732254,-90.2576145101,,,7,8,,2,0.558,,gable_family,0.468,,masonry,0.865,,,Negligible to Slight,none,0.515
744,steer,38.6526552804,-90.2586535191,,,7,8,,2,0.522,,gable_family,0.431,,masonry,0.835,,,Moderate,none,0.58
745,steer,38.6705696365,-90.2435432984,3512 Cora Ave St. Louis MO 63115 US,,7,8,,2,0.534,,gable_family,0.478,,masonry,0.775,,,Moderate,moderate,0.505
746,steer,38.6524450944,-90.257621759,,,7,8,,2,0.783,,gable_family,0.493,,masonry,0.98,,,Moderate,none,0.46
747,steer,38.6522632181,-90.2576809583,,,7,8,,2,0.575,,gable_family,0.404,,masonry,0.945,,,Negligible to Slight,none,0.55
748,steer,38.6673088575,-90.2345737899,4226 W Lexington Ave åœ£è·¯æ˜“æ–¯ MO 63115 US,,7,8,,2,0.588,,gable_family,0.477,,masonry,0.915,,,Moderate,none,0.6
749,steer,38.6673518884,-90.2356272802,,,7,8,,2,0.432,,gable_family,0.384,,masonry,0.925,,,Very Heavy,moderate,0.52
750,steer,38.6684989986,-90.2372454603,3536 N Newstead Ave åœ£è·¯æ˜“æ–¯ MO 63115 US,,7,8,,2,0.48,,gable_family,0.359,,masonry,0.915,,,Destruction,moderate,0.48
751,steer,38.6714242163,-90.2409914487,4542 Natural Bridge Ave åœ£è·¯æ˜“æ–¯ MO 63115 US,,7,8,,2,0.531,,gable_family,0.28,,masonry,0.905,,,Very Heavy,moderate,0.485
752,steer,38.6651428056,-90.2472050172,2709 Cora Ave St. Louis MO 63113 US,,7,8,,2,0.569,,gable_family,0.518,,masonry,0.72,,,Substantial to Heavy,moderate,0.435
753,steer,38.6639837467,-90.2439412575,2719 N Taylor Ave St. Louis MO 63113 US,,7,8,,2,0.48,,gable_family,0.404,,masonry,0.81,,,Destruction,moderate,0.475
754,steer,38.6637512028,-90.2468976913,4571 Cottage Ave St. Louis MO 63113 US,,7,8,,2,0.486,,gable_family,0.453,,masonry,0.865,,,Moderate,moderate,0.5
755,steer,38.6682689534,-90.2388987188,4431 Ashland Ave åœ£è·¯æ˜“æ–¯ MO 63115 US,,7,8,,2,0.57,,gable_family,0.476,,masonry,0.9,,,Negligible to Slight,none,0.525
756,steer,38.6644126636,-90.2471458164,2616 Cora Ave St. Louis MO 63113 US,,7,8,,2,0.493,,gable_family,0.438,,masonry,0.825,,,Substantial to Heavy,moderate,0.415
757,steer,38.6638467582,-90.2494743572,4643 Saint Ferdinand Ave St. Louis MO 63113 US,,7,8,,2,0.566,,gable_family,0.527,,masonry,0.853,,,Moderate,moderate,0.465
758,steer,38.668689352,-90.2397423057,4461 Ashland Ave åœ£è·¯æ˜“æ–¯ MO 63115 US,,7,8,,2,0.625,,gable_family,0.533,,masonry,0.91,,,Substantial to Heavy,moderate,0.51
759,steer,38.6636924922,-90.2491910208,4633 Saint Ferdinand Ave St. Louis MO 63113 US,,7,8,,2,0.434,,gable_family,0.389,,masonry,0.675,,,Substantial to Heavy,moderate,0.435
760,steer,38.6693458704,-90.2408441774,3511 N Taylor Ave St. Louis MO 63115 US,,7,8,,2,0.569,,gable_family,0.538,,masonry,0.875,,,Negligible to Slight,none,0.64
761,steer,38.6687478431,-90.2398689292,4463 Ashland Ave åœ£è·¯æ˜“æ–¯ MO 63115 US,,7,8,,2,0.57,,gable_family,0.521,,masonry,0.895,,,Moderate,none,0.495
762,steer,38.6701306529,-90.2410979985,4524 Lexington Ave St. Louis MO 63115 US,,7,8,,2,0.545,,gable_family,0.522,,masonry,0.905,,,Moderate,moderate,0.455
763,steer,38.6695294318,-90.2396835035,4472 Lexington Ave åœ£è·¯æ˜“æ–¯ MO 63115 US,,7,8,,2,0.455,,gable_family,0.521,,masonry,0.945,,,Moderate,moderate,0.56
764,steer,38.6701694279,-90.2412055733,4526 Lexington Ave St. Louis MO 63115 US,,7,8,,2,0.565,,gable_family,0.524,,masonry,0.93,,,Moderate,moderate,0.445
765,steer,38.6704583202,-90.2405554862,,,7,8,,2,0.532,,gable_family,0.539,,masonry,0.845,,,Substantial to Heavy,moderate,0.5
766,steer,38.6694783632,-90.2415437351,4523 Ashland Ave St. Louis MO 63115 US,,7,8,,2,0.51,,gable_family,0.457,,masonry,0.849,,,Very Heavy,moderate,0.39
767,steer,38.6674444757,-90.2361282431,,,7,6,,2,0.47,,complex_family,0.36,,masonry,0.928,,,Negligible to Slight,none,0.505
768,steer,38.6695639727,-90.2417689653,4531 Ashland Ave St. Louis MO 63115 US,,7,8,,2,0.54,,gable_family,0.404,,masonry,0.86,,,Substantial to Heavy,moderate,0.445
769,steer,38.6629405358,-90.2474678617,4573 Saint Ferdinand Ave St. Louis MO 63113 US,,7,8,,2,0.475,,gable_family,0.552,,masonry,0.7,,,Destruction,moderate,0.4
770,steer,38.6697184537,-90.2421630322,4543 Ashland Ave St. Louis MO 63115 US,,7,8,,2,0.619,,gable_family,0.44,,masonry,0.95,,,Substantial to Heavy,none,0.475
771,steer,38.6689451499,-90.2404201823,4479 Ashland Ave åœ£è·¯æ˜“æ–¯ MO 63115 US,,7,8,,2,0.573,,gable_family,0.496,,masonry,0.92,,,Substantial to Heavy,moderate,0.485
772,steer,38.6701076294,-90.2410134718,4520 Lexington Ave St. Louis MO 63115 US,,7,8,,2,0.516,,gable_family,0.486,,masonry,0.875,,,Negligible to Slight,moderate,0.445
773,steer,38.6674186902,-90.235570488,,,7,8,,2,0.475,,gable_family,0.328,,masonry,0.915,,,Negligible to Slight,none,0.465
774,steer,38.6708663476,-90.2426939386,4610 Lexington Ave St. Louis MO 63115 US,,7,8,,2,0.68,,gable_family,0.556,,masonry,0.895,,,Negligible to Slight,none,0.595
775,steer,38.6700977549,-90.2430203915,4607 Ashland Ave St. Louis MO 63115 US,,7,8,,2,0.555,,gable_family,0.418,,masonry,0.895,,,Negligible to Slight,none,0.65
776,steer,38.6627708569,-90.2470313519,4561 Saint Ferdinand Ave St. Louis MO 63113 US,,7,8,,2,0.555,,gable_family,0.556,,masonry,0.78,,,Negligible to Slight,none,0.505
777,steer,38.6699158698,-90.2437639568,4620 Ashland Ave St. Louis MO 63115 US,,7,8,,2,0.528,,gable_family,0.44,,masonry,0.82,,,Negligible to Slight,none,0.505
778,steer,38.6696709823,-90.2400319381,3530 N Taylor Ave åœ£è·¯æ˜“æ–¯ MO 63115 US,,7,8,,2,0.567,,gable_family,0.487,,masonry,0.86,,,Negligible to Slight,moderate,0.505
779,steer,38.6698185512,-90.2434857105,4614 Ashland Ave St. Louis MO 63115 US,,7,8,,2,0.62,,gable_family,0.483,,masonry,0.94,,,Moderate,none,0.51
780,steer,38.6696027122,-90.240119557,3528 N Taylor Ave åœ£è·¯æ˜“æ–¯ MO 63115 US,,7,8,,2,0.531,,gable_family,0.519,,masonry,0.94,,,Negligible to Slight,none,0.5
781,steer,38.6690703512,-90.2433696455,4601 Elmbank Ave St. Louis MO 63115 US,,7,8,,2,0.51,,gable_family,0.544,,masonry,0.86,,,Negligible to Slight,none,0.43
782,steer,38.6631998959,-90.2466613882,4556 Cottage Ave St. Louis MO 63113 US,,7,8,,2,0.49,,gable_family,0.424,,masonry,0.59,,,Negligible to Slight,moderate,0.45
783,steer,38.6695953743,-90.2430140048,4562 Ashland Ave St. Louis MO 63115 US,,7,8,,2,0.59,,gable_family,0.56,,masonry,0.92,,,Negligible to Slight,none,0.43
784,steer,38.6695205258,-90.2428897269,4558 Ashland Ave St. Louis MO 63115 US,,7,8,,2,0.479,,gable_family,0.428,,masonry,0.83,,,Negligible to Slight,none,0.5
785,steer,38.6683214171,-90.2340579948,,,7,8,,2,0.5,,gable_family,0.448,,masonry,0.798,,,Negligible to Slight,moderate,0.43
786,steer,38.6692365235,-90.2422126009,4536 Ashland Ave St. Louis MO 63115 US,,7,8,,2,0.461,,gable_family,0.405,,masonry,0.9,,,Substantial to Heavy,none,0.43
787,steer,38.6692027469,-90.2420830973,4534 Ashland Ave St. Louis MO 63115 US,,7,8,,2,0.51,,gable_family,0.436,,masonry,0.905,,,Substantial to Heavy,moderate,0.435
788,steer,38.662356073,-90.246085459,4529 Saint Ferdinand Ave St. Louis MO 63113 US,,7,8,,2,0.515,,gable_family,0.568,,masonry,0.87,,,Negligible to Slight,none,0.58
789,steer,38.6686368427,-90.2421948857,4525 Elmbank Ave St. Louis MO 63115 US,,7,8,,2,0.54,,gable_family,0.453,,masonry,0.965,,,Very Heavy,none,0.53
790,steer,38.668424886,-90.2340668676,,,6,8,,1,0.495,,gable_family,0.31,,masonry,0.85,,,Negligible to Slight,none,0.545
791,steer,38.6616154715,-90.2469620459,4535 N Market St St. Louis MO 63113 US,,7,8,,2,0.562,,gable_family,0.466,,masonry,0.78,,,Negligible to Slight,moderate,0.49
792,steer,38.6687518128,-90.2424592591,4531 Elmbank Ave St. Louis MO 63115 US,,7,8,,2,0.539,,gable_family,0.503,,masonry,0.895,,,Moderate,moderate,0.435
793,steer,38.668591884,-90.2420964561,4521 Elmbank Ave St. Louis MO 63115 US,,7,8,,2,0.498,,gable_family,0.448,,masonry,0.925,,,Moderate,none,0.455
794,steer,38.6637896884,-90.255045161,4822 Leduc St åœ£è·¯æ˜“æ–¯ MO 63113 US,,7,8,,2,0.557,,gable_family,0.434,,masonry,0.825,,,Substantial to Heavy,moderate,0.43
795,steer,38.6619586588,-90.2475828461,4559 N Market St St. Louis MO 63113 US,,7,8,,2,0.552,,gable_family,0.497,,masonry,0.845,,,Negligible to Slight,none,0.475
796,steer,38.6687161933,-90.2413292812,3221 N Taylor Ave St. Louis MO 63115 US,,7,8,,2,0.55,,gable_family,0.537,,masonry,0.85,,,Negligible to Slight,none,0.635
797,steer,38.6621519384,-90.2481160142,4579 N Market St St. Louis MO 63113 US,,7,8,,2,0.59,,gable_family,0.502,,masonry,0.81,,,Negligible to Slight,none,0.55
798,steer,38.6684719593,-90.2415028469,3209 N Taylor Ave St. Louis MO 63115 US,,7,8,,2,0.48,,gable_family,0.493,,masonry,0.89,,,Moderate,none,0.55
799,steer,38.662931988,-90.2461175101,4538 Cottage Ave St. Louis MO 63113 US,,7,8,,2,0.477,,gable_family,0.454,,masonry,0.59,,,Destruction,moderate,0.515
800,steer,38.6637896734,-90.2362846423,4227 W Labadie Ave åœ£è·¯æ˜“æ–¯ MO 63115 US,,7,8,,2,0.565,,gable_family,0.482,,masonry,0.895,,,Negligible to Slight,none,0.605
801,steer,38.6640894921,-90.2556988617,4844 Leduc St åœ£è·¯æ˜“æ–¯ MO 63113 US,,7,8,,2,0.506,,gable_family,0.473,,masonry,0.77,,,Negligible to Slight,moderate,0.475
802,steer,38.6684047188,-90.2415385853,3207 N Taylor Ave St. Louis MO 63115 US,,7,8,,2,0.55,,gable_family,0.585,,masonry,0.905,,,Negligible to Slight,none,0.585
803,steer,38.662772789,-90.2481929651,4588 Saint Ferdinand Ave St. Louis MO 63113 US,,7,8,,2,0.445,,gable_family,0.528,,masonry,0.81,,,Destruction,moderate,0.44
804,steer,38.6643230346,-90.2365094965,3018 Marnice Pl åœ£è·¯æ˜“æ–¯ MO 63115 US,,7,8,,2,0.663,,gable_family,0.545,,masonry,0.93,,,Very Heavy,moderate,0.465
805,steer,38.6689906717,-90.240562003,4483 Ashland Ave åœ£è·¯æ˜“æ–¯ MO 63115 US,,7,8,,2,0.74,,gable_family,0.404,,masonry,0.91,,,Negligible to Slight,moderate,0.435
806,steer,38.6683742951,-90.2427215624,4532 Elmbank Ave St. Louis MO 63115 US,,7,8,,2,0.575,,gable_family,0.483,,masonry,0.89,,,Negligible to Slight,none,0.495
807,steer,38.66681281,-90.2405079541,4447 Greer Ave åœ£è·¯æ˜“æ–¯ MO 63115 US,,7,8,,2,0.487,,gable_family,0.402,,masonry,0.895,,,Very Heavy,moderate,0.43
808,steer,38.6634693027,-90.2496608132,4638 Saint Ferdinand Ave St. Louis MO 63113 US,,7,8,,2,0.543,,gable_family,0.552,,masonry,0.778,,,Moderate,none,0.535
809,steer,38.6677118924,-90.2400277668,4449 Elmbank Ave åœ£è·¯æ˜“æ–¯ MO 63115 US,,7,8,,2,0.585,,gable_family,0.53,,masonry,0.89,,,Substantial to Heavy,none,0.405
810,steer,38.6635733604,-90.2498721144,4644 Saint Ferdinand Ave St. Louis MO 63113 US,,7,8,,2,0.53,,gable_family,0.454,,masonry,0.66,,,Substantial to Heavy,none,0.425
811,steer,38.6680855175,-90.2395336419,4440 Ashland Ave åœ£è·¯æ˜“æ–¯ MO 63115 US,,7,8,,2,0.55,,gable_family,0.466,,masonry,0.885,,,Negligible to Slight,none,0.555
812,steer,38.6680460224,-90.2443502992,4604 Greer Ave St. Louis MO 63115 US,,7,8,,2,0.55,,gable_family,0.527,,masonry,0.908,,,Moderate,moderate,0.475
813,steer,38.6629876556,-90.2499571265,4639 N Market St St. Louis MO 63113 US,,7,8,,2,0.5,,gable_family,0.41,,masonry,0.728,,,Very Heavy,none,0.44
814,steer,38.6649573312,-90.2590701491,4960 Cote Brilliante Ave åœ£è·¯æ˜“æ–¯ MO 63113 US,,7,8,,2,0.598,,gable_family,0.481,,masonry,0.935,,,Negligible to Slight,moderate,0.445
815,steer,38.6669909635,-90.2394876874,4420 Elmbank Ave åœ£è·¯æ˜“æ–¯ MO 63115 US,,7,8,,2,0.652,,gable_family,0.567,,masonry,0.94,,,Very Heavy,moderate,0.5
816,steer,38.6647934853,-90.2598330052,1706 N Kingshighway Blvd åœ£è·¯æ˜“æ–¯ MO 63113 US,,7,8,,2,0.525,,gable_family,0.487,,masonry,0.854,,,Negligible to Slight,none,0.45
817,steer,38.6677673397,-90.2438031215,4548 Greer Ave St. Louis MO 63115 US,,7,8,,2,0.53,,gable_family,0.522,,masonry,0.85,,,Negligible to Slight,moderate,0.43
818,steer,38.6636310985,-90.2583982189,4920 Warwick Ave åœ£è·¯æ˜“æ–¯ MO 63113 US,,7,8,,2,0.577,,gable_family,0.359,,masonry,0.905,,,Negligible to Slight,none,0.535
819,steer,38.6570076433,-90.2568229092,,,7,8,,2,0.58,,gable_family,0.583,,masonry,0.945,,,Substantial to Heavy,none,0.465
820,steer,38.6568672807,-90.2572735346,,,7,8,,2,0.435,,gable_family,0.441,,masonry,0.778,,,Moderate,moderate,0.48
821,steer,38.6631082381,-90.25818563,1605 N Euclid Ave åœ£è·¯æ˜“æ–¯ MO 63113 US,,7,8,,2,0.65,,gable_family,0.486,,masonry,0.95,,,Substantial to Heavy,none,0.565
822,steer,38.6693166473,-90.235972758,,,14,8,,2,0.534,,flat,0.331,,masonry,0.96,,,Substantial to Heavy,moderate,0.46
823,steer,38.6667370219,-90.2427866866,3007 N Taylor Ave St. Louis MO 63115 US,,7,8,,2,0.507,,gable_family,0.451,,masonry,0.775,,,Negligible to Slight,moderate,0.465
824,steer,38.6658641572,-90.2375893625,3100 Vine Grove Ave åœ£è·¯æ˜“æ–¯ MO 63115 US,,7,8,,2,0.517,,gable_family,0.472,,masonry,0.785,,,Negligible to Slight,none,0.62
825,steer,38.6608841118,-90.2474514053,4535 Garfield Ave St. Louis MO 63113 US,,7,8,,2,0.615,,gable_family,0.646,,masonry,0.865,,,Moderate,none,0.61
826,steer,38.6623006752,-90.2493905576,1922 Cora Ave St. Louis MO 63113 US,,7,8,,2,0.621,,gable_family,0.51,,masonry,0.84,,,Moderate,none,0.455
827,steer,38.6569792384,-90.2577385387,,,7,8,,2,0.843,,gable_family,0.512,,masonry,0.925,,,Substantial to Heavy,moderate,0.435
828,steer,38.662454747,-90.2498308532,1921 Cora Ave St. Louis MO 63113 US,,7,8,,2,0.575,,gable_family,0.343,,masonry,0.855,,,Substantial to Heavy,moderate,0.485
829,steer,38.6656411434,-90.2377462837,3042 Vine Grove Ave åœ£è·¯æ˜“æ–¯ MO 63115 US,,7,8,,2,0.57,,gable_family,0.444,,masonry,0.855,,,Very Heavy,moderate,0.455
830,steer,38.6564395946,-90.2579400463,,,7,8,,2,0.592,,gable_family,0.501,,masonry,0.96,,,Substantial to Heavy,moderate,0.48
831,steer,38.6626806006,-90.2515371214,4649 Leduc St St. Louis MO 63113 US,,7,8,,2,0.575,,gable_family,0.446,,masonry,0.855,,,Substantial to Heavy,moderate,0.445
832,steer,38.6621438243,-90.2513189626,4634 Leduc St St. Louis MO 63113 US,,7,8,,2,0.632,,gable_family,0.477,,masonry,0.915,,,Destruction,moderate,0.465
833,steer,38.665774094,-90.2363661617,3114 Clarence Ave åœ£è·¯æ˜“æ–¯ MO 63115 US,,7,8,,2,0.515,,gable_family,0.438,,masonry,0.845,,,Negligible to Slight,none,0.54
834,steer,38.6617055301,-90.2539786385,4734 Cote Brilliante Ave åœ£è·¯æ˜“æ–¯ MO 63113 US,,7,8,,2,0.48,,gable_family,0.468,,masonry,0.735,,,Negligible to Slight,none,0.45
835,steer,38.6560703604,-90.2579700558,,,7,8,,2,0.425,,gable_family,0.409,,masonry,0.905,,,Moderate,moderate,0.445
836,steer,38.6660588671,-90.2361816915,3122 Clarence Ave åœ£è·¯æ˜“æ–¯ MO 63115 US,,7,8,,2,0.552,,gable_family,0.472,,masonry,0.85,,,Negligible to Slight,none,0.515
837,steer,38.6623371105,-90.250725639,1904 Dick Gregory Pl St. Louis MO 63113 US,,7,8,,2,0.605,,gable_family,0.415,,masonry,0.84,,,Substantial to Heavy,moderate,0.42
838,steer,38.6664942565,-90.2359557531,4246 W Ashland Ave åœ£è·¯æ˜“æ–¯ MO 63115 US,,7,8,,2,0.586,,gable_family,0.422,,masonry,0.87,,,Negligible to Slight,none,0.44
839,steer,38.6606355173,-90.2536143937,4711 Dr Martin Luther King Dr åœ£è·¯æ˜“æ–¯ MO 63113 US,,7,8,,2,0.468,,gable_family,0.384,,masonry,0.885,,,Moderate,none,0.6
840,steer,38.6549950629,-90.2574622016,,,7,8,,2,0.742,,gable_family,0.48,,masonry,0.925,,,Negligible to Slight,none,0.58
841,steer,38.6616665377,-90.2564637305,4821 Dr Martin Luther King Dr åœ£è·¯æ˜“æ–¯ MO 63113 US,,9,8,,1,0.44,,flat,0.366,,masonry,0.875,,,Very Heavy,moderate,0.48
842,steer,38.6542976124,-90.2573548056,,,7,8,,2,0.585,,gable_family,0.58,,masonry,0.835,,,Moderate,none,0.46
843,steer,38.6703267612,-90.2416086095,4540 Lexington Ave St. Louis MO 63115 US,,7,8,,2,0.501,,gable_family,0.518,,masonry,0.905,,,Substantial to Heavy,moderate,0.555
844,steer,38.6618026065,-90.2503086852,1823 Cora Ave St. Louis MO 63113 US,,7,8,,2,0.663,,gable_family,0.493,,masonry,0.87,,,Very Heavy,moderate,0.445
845,steer,38.6671141658,-90.2363753488,3501 Clarence Ave åœ£è·¯æ˜“æ–¯ MO 63115 US,,7,6,,2,0.472,,complex_family,0.345,,masonry,0.915,,,Moderate,moderate,0.44
846,steer,38.6618587564,-90.2574639087,4851 Dr Martin Luther King Dr åœ£è·¯æ˜“æ–¯ MO 63113 US,,7,8,,2,0.435,,gable_family,0.409,,masonry,0.89,,,Moderate,none,0.425
847,steer,38.6700467931,-90.2429477527,4603 Ashland Ave St. Louis MO 63115 US,,7,8,,2,0.6,,gable_family,0.513,,masonry,0.915,,,Negligible to Slight,none,0.49
848,steer,38.6582144059,-90.2591328345,,,7,8,,2,0.629,,gable_family,0.401,,masonry,0.93,,,Moderate,none,0.43
849,steer,38.6710028826,-90.243193408,3532 Cora Ave St. Louis MO 63115 US,,7,8,,2,0.548,,gable_family,0.567,,masonry,0.88,,,Negligible to Slight,moderate,0.475
850,steer,38.6619362607,-90.2501621106,1901 Cora Ave St. Louis MO 63113 US,,7,8,,2,0.675,,gable_family,0.529,,masonry,0.935,,,Negligible to Slight,none,0.61
851,steer,38.6707732211,-90.2434273144,3520 Cora Ave St. Louis MO 63115 US,,7,8,,2,0.575,,gable_family,0.527,,masonry,0.805,,,Moderate,none,0.5
852,steer,38.6626495758,-90.2579253513,1524 N Euclid Ave åœ£è·¯æ˜“æ–¯ MO 63113 US,,7,8,,2,0.518,,gable_family,0.472,,masonry,0.805,,,Substantial to Heavy,none,0.455
853,steer,38.6661245003,-90.2352589134,3142 Marnice Pl åœ£è·¯æ˜“æ–¯ MO 63115 US,,7,8,,2,0.507,,gable_family,0.48,,masonry,0.87,,,Moderate,moderate,0.455
854,steer,38.6616401917,-90.2503988233,1819 Cora Ave St. Louis MO 63113 US,,7,8,,2,0.681,,gable_family,0.482,,masonry,0.96,,,Negligible to Slight,none,0.615
855,steer,38.6665650225,-90.2350262581,4225 W Ashland Ave åœ£è·¯æ˜“æ–¯ MO 63115 US,,7,8,,2,0.532,,gable_family,0.599,,masonry,0.94,,,Moderate,none,0.55
856,steer,38.6623338583,-90.2588616459,4909 Dr Martin Luther King Dr åœ£è·¯æ˜“æ–¯ MO 63113 US,,7,8,,2,0.547,,gable_family,0.355,,masonry,0.905,,,Moderate,none,0.54
857,steer,38.6672134315,-90.2344359948,4222 W Lexington Ave åœ£è·¯æ˜“æ–¯ MO 63115 US,,7,8,,2,0.54,,gable_family,0.545,,masonry,0.895,,,Moderate,moderate,0.44
858,steer,38.6626824976,-90.2593079103,4925 Dr Martin Luther King Dr åœ£è·¯æ˜“æ–¯ MO 63113 US,,7,8,,2,0.485,,gable_family,0.442,,masonry,0.87,,,Negligible to Slight,moderate,0.395
859,steer,38.6682521059,-90.2367863957,4332 Lexington Ave åœ£è·¯æ˜“æ–¯ MO 63115 US,,7,8,,2,0.505,,gable_family,0.397,,masonry,0.885,,,Moderate,moderate,0.51
860,steer,38.6613640607,-90.2500498902,1816 Cora Ave St. Louis MO 63113 US,,7,8,,2,0.64,,gable_family,0.483,,masonry,0.89,,,Destruction,moderate,0.485
861,steer,38.6684071934,-90.2370368319,4342 Lexington Ave åœ£è·¯æ˜“æ–¯ MO 63115 US,,7,8,,2,0.546,,gable_family,0.459,,masonry,0.915,,,Substantial to Heavy,moderate,0.485
862,steer,38.6608948011,-90.2498684213,4595 Cote Brilliante Ave St. Louis MO 63113 US,,7,8,,2,0.628,,gable_family,0.446,,masonry,0.89,,,Destruction,moderate,0.47
863,steer,38.6716563012,-90.2427841566,3614 Cora Ave åœ£è·¯æ˜“æ–¯ MO 63115 US,,7,8,,2,0.477,,gable_family,0.518,,masonry,0.785,,,Negligible to Slight,none,0.475
864,steer,38.6608056584,-90.2496062156,4589 Cote Brilliante Ave St. Louis MO 63113 US,,7,8,,2,0.446,,gable_family,0.409,,masonry,0.735,,,Destruction,moderate,0.425
865,steer,38.67124317,-90.2424276357,4611 Lexington Ave åœ£è·¯æ˜“æ–¯ MO 63115 US,,7,8,,2,0.625,,gable_family,0.46,,masonry,0.885,,,Negligible to Slight,none,0.44
866,steer,38.6627260539,-90.2583409398,4902 Aldine Pl åœ£è·¯æ˜“æ–¯ MO 63113 US,,7,8,,2,0.56,,gable_family,0.389,,masonry,0.875,,,Moderate,none,0.51
867,steer,38.6716966172,-90.2418041014,4600 Natural Bridge Ave åœ£è·¯æ˜“æ–¯ MO 63115 US,,7,8,,2,0.567,,gable_family,0.34,,masonry,0.92,,,Moderate,moderate,0.5
868,steer,38.6607414824,-90.2494463111,4585 Cote Brilliante Ave St. Louis MO 63113 US,,7,8,,2,0.451,,gable_family,0.448,,masonry,0.77,,,Substantial to Heavy,moderate,0.435
869,steer,38.6710982917,-90.2421577057,4605 Lexington Ave åœ£è·¯æ˜“æ–¯ MO 63115 US,,7,8,,2,0.62,,gable_family,0.564,,masonry,0.89,,,Negligible to Slight,none,0.45
870,steer,38.6605405419,-90.2490628085,4569 Cote Brilliante Ave St. Louis MO 63113 US,,7,8,,2,0.6,,gable_family,0.484,,masonry,0.79,,,Negligible to Slight,none,0.5
871,steer,38.6710401921,-90.2420198865,4561 Lexington Ave åœ£è·¯æ˜“æ–¯ MO 63115 US,,7,8,,2,0.475,,gable_family,0.468,,masonry,0.86,,,Negligible to Slight,moderate,0.485
872,steer,38.6605378738,-90.2459092035,1914 N Taylor Ave St. Louis MO 63113 US,,7,8,,2,0.515,,gable_family,0.382,,masonry,0.89,,,Negligible to Slight,moderate,0.485
873,steer,38.6715815914,-90.2413072157,4554 Natural Bridge Ave åœ£è·¯æ˜“æ–¯ MO 63115 US,,7,8,,2,0.504,,gable_family,0.408,,masonry,0.925,,,Moderate,none,0.475
874,steer,38.6661202242,-90.2482165471,4644 Maffitt Ave St. Louis MO 63113 US,,7,8,,2,0.472,,gable_family,0.422,,masonry,0.88,,,Negligible to Slight,none,0.43
875,steer,38.6610750747,-90.2466450572,4516 N Market St St. Louis MO 63113 US,,7,8,,2,0.455,,gable_family,0.384,,masonry,0.68,,,Negligible to Slight,none,0.52
876,steer,38.6715121845,-90.2412427287,4550 Natural Bridge Ave åœ£è·¯æ˜“æ–¯ MO 63115 US,,7,8,,2,0.586,,gable_family,0.333,,masonry,0.97,,,Moderate,none,0.54
877,steer,38.6546120674,-90.2554622966,4712 Lewis Pl åœ£è·¯æ˜“æ–¯ MO 63113 US,,7,8,,2,0.92,,gable_family,0.753,,masonry,0.985,,,Negligible to Slight,none,0.77
878,steer,38.6548650668,-90.2586907088,,,7,8,,2,0.74,,gable_family,0.454,,masonry,0.96,,,Moderate,none,0.575
879,steer,38.6715002424,-90.2410539999,4546 Natural Bridge Ave åœ£è·¯æ˜“æ–¯ MO 63115 US,,7,8,,2,0.527,,gable_family,0.309,,masonry,0.96,,,Moderate,none,0.51
880,steer,38.6651152513,-90.2475422838,4611 Kennerly Ave St. Louis MO 63113 US,,7,8,,2,0.605,,gable_family,0.432,,masonry,0.774,,,Very Heavy,moderate,0.48
881,steer,38.6536129624,-90.2598870255,,,7,8,,2,0.704,,gable_family,0.547,,masonry,0.835,,,Negligible to Slight,none,0.52
882,steer,38.6535262904,-90.2599082112,,,7,8,,2,0.696,,gable_family,0.54,,masonry,0.845,,,Negligible to Slight,none,0.58
883,steer,38.6712613421,-90.240545744,4530 Natural Bridge Ave åœ£è·¯æ˜“æ–¯ MO 63115 US,,7,8,,2,0.487,,gable_family,0.379,,masonry,0.92,,,Negligible to Slight,none,0.475
884,steer,38.6674668138,-90.237924125,,,7,8,,2,0.472,,gable_family,0.369,,masonry,0.89,,,Negligible to Slight,moderate,0.49
885,steer,38.6546961894,-90.2564453959,4740 Lewis Pl åœ£è·¯æ˜“æ–¯ MO 63113 US,,7,8,,2,0.692,,gable_family,0.557,,masonry,0.91,,,Substantial to Heavy,none,0.49
886,steer,38.6532048735,-90.2599272784,,,7,8,,2,0.753,,gable_family,0.501,,masonry,0.945,,,Negligible to Slight,none,0.52
887,steer,38.6672504972,-90.2380134029,,,7,8,,2,0.478,,gable_family,0.335,,masonry,0.84,,,Destruction,moderate,0.455
888,steer,38.6528720397,-90.2599684261,,,7,8,,2,0.525,,gable_family,0.379,,masonry,0.9,,,Negligible to Slight,moderate,0.455
889,steer,38.6708353967,-90.2415462688,4551 Lexington Ave åœ£è·¯æ˜“æ–¯ MO 63115 US,,7,8,,2,0.483,,gable_family,0.591,,masonry,0.845,,,Substantial to Heavy,none,0.45
890,steer,38.6542321198,-90.2567410026,4747 McMillan Ave åœ£è·¯æ˜“æ–¯ MO 63108 US,,6,8,,1,0.545,,gable_family,0.485,,masonry,0.82,,,Moderate,none,0.495
891,steer,38.6706968846,-90.2412016784,4539 Lexington Ave åœ£è·¯æ˜“æ–¯ MO 63115 US,,7,8,,2,0.513,,gable_family,0.551,,masonry,0.91,,,Moderate,none,0.465
892,steer,38.6526573113,-90.2599720266,,,7,8,,2,0.68,,gable_family,0.452,,masonry,0.84,,,Negligible to Slight,moderate,0.52
893,steer,38.6672774449,-90.236697984,,,7,8,,2,0.583,,gable_family,0.402,,masonry,0.92,,,Negligible to Slight,moderate,0.44
894,steer,38.6676222155,-90.2353913234,,,7,8,,2,0.495,,gable_family,0.409,,masonry,0.81,,,Negligible to Slight,none,0.615
895,steer,38.6547039654,-90.256582734,4744 Lewis Pl åœ£è·¯æ˜“æ–¯ MO 63113 US,,7,8,,2,0.735,,gable_family,0.51,,masonry,0.955,,,Substantial to Heavy,none,0.455
896,steer,38.6682950442,-90.2390238741,4435 Ashland Ave åœ£è·¯æ˜“æ–¯ MO 63115 US,,7,8,,2,0.532,,gable_family,0.468,,masonry,0.9,,,Moderate,none,0.45
897,steer,38.6525887027,-90.25996894,,,7,8,,2,0.571,,gable_family,0.382,,masonry,0.923,,,Negligible to Slight,moderate,0.415
898,steer,38.6675744143,-90.2360579995,,,7,8,,2,0.432,,gable_family,0.379,,masonry,0.953,,,Negligible to Slight,none,0.44
899,steer,38.6676762869,-90.2359501978,,,7,8,,2,0.68,,gable_family,0.453,,masonry,0.955,,,Negligible to Slight,none,0.475
900,steer,38.6552275801,-90.2556383198,4717 Lewis Pl åœ£è·¯æ˜“æ–¯ MO 63113 US,,7,8,,2,0.747,,gable_family,0.634,,masonry,0.98,,,Negligible to Slight,none,0.58
901,steer,38.6676687796,-90.2345049712,,,7,8,,2,0.48,,gable_family,0.591,,masonry,0.83,,,Negligible to Slight,none,0.65
902,steer,38.6552933717,-90.2563700456,4741 Lewis Pl åœ£è·¯æ˜“æ–¯ MO 63113 US,,7,8,,2,0.691,,gable_family,0.605,,masonry,0.885,,,Negligible to Slight,none,0.625
903,steer,38.6694106188,-90.2407993472,3513 N Taylor Ave St. Louis MO 63115 US,,7,8,,2,0.609,,gable_family,0.651,,masonry,0.95,,,Negligible to Slight,none,0.455
904,steer,38.6596805756,-90.2480457816,4528 Cote Brilliante Ave St. Louis MO 63113 US,,7,8,,2,0.48,,gable_family,0.413,,masonry,0.835,,,Moderate,none,0.47
905,steer,38.6699377367,-90.2404301334,3537 N Taylor Ave St. Louis MO 63115 US,,7,8,,2,0.505,,gable_family,0.501,,masonry,0.935,,,Moderate,moderate,0.44
906,steer,38.6673207445,-90.2362022722,,,7,8,,2,0.467,,gable_family,0.369,,masonry,0.95,,,Negligible to Slight,none,0.535
907,steer,38.6557603489,-90.2558574456,4728 Newberry Terr åœ£è·¯æ˜“æ–¯ MO 63113 US,,7,8,,2,0.54,,gable_family,0.492,,masonry,0.805,,,Moderate,none,0.55
908,steer,38.6702809496,-90.2414781845,4534 Lexington Ave St. Louis MO 63115 US,,7,8,,2,0.443,,gable_family,0.437,,masonry,0.87,,,Negligible to Slight,moderate,0.535
909,steer,38.6525842433,-90.2615854,,,7,8,,2,0.548,,gable_family,0.438,,masonry,0.933,,,Negligible to Slight,none,0.565
910,steer,38.6637982659,-90.2493313965,4637 Saint Ferdinand Ave St. Louis MO 63113 US,,7,8,,2,0.52,,gable_family,0.389,,masonry,0.78,,,Moderate,moderate,0.44
911,steer,38.6705780013,-90.2421763136,4560 Lexington Ave St. Louis MO 63115 US,,7,8,,2,0.426,,gable_family,0.534,,masonry,0.845,,,Very Heavy,none,0.415
912,steer,38.6557354702,-90.2553907991,4714 Newberry Terr åœ£è·¯æ˜“æ–¯ MO 63113 US,,7,8,,2,0.62,,gable_family,0.416,,masonry,0.97,,,Substantial to Heavy,moderate,0.425
913,steer,38.6677791858,-90.2359184187,,,7,8,,2,0.607,,gable_family,0.462,,masonry,0.935,,,Negligible to Slight,none,0.415
914,steer,38.6698474474,-90.2424481429,4553 Ashland Ave St. Louis MO 63115 US,,7,8,,2,0.512,,gable_family,0.408,,masonry,0.905,,,Moderate,moderate,0.435
915,steer,38.6679446048,-90.2349779022,,,6,8,,1,0.43,,gable_family,0.38,,masonry,0.84,,,Substantial to Heavy,none,0.47
916,steer,38.6702876447,-90.2437264159,3500 Cora Ave St. Louis MO 63115 US,,7,8,,2,0.478,,gable_family,0.481,,masonry,0.79,,,Negligible to Slight,moderate,0.47
917,steer,38.6528359788,-90.2615470794,,,7,8,,2,0.76,,gable_family,0.634,,masonry,0.94,,,Negligible to Slight,none,0.4
918,steer,38.6698718012,-90.2436850216,4618 Ashland Ave St. Louis MO 63115 US,,7,8,,2,0.527,,gable_family,0.389,,masonry,0.85,,,Negligible to Slight,none,0.57
919,steer,38.6678842061,-90.2357840286,,,7,8,,2,0.54,,gable_family,0.389,,masonry,0.925,,,Negligible to Slight,moderate,0.385
920,steer,38.6550781565,-90.2544933696,47 Lewis Pl åœ£è·¯æ˜“æ–¯ MO 63113 US,,7,8,,2,0.85,,gable_family,0.543,,masonry,0.915,,,Negligible to Slight,none,0.555
921,steer,38.6694294189,-90.2441041418,4621 Elmbank Ave St. Louis MO 63115 US,,7,8,,2,0.46,,gable_family,0.483,,masonry,0.895,,,Negligible to Slight,none,0.55
922,steer,38.662472729,-90.2464282545,4537 Saint Ferdinand Ave St. Louis MO 63113 US,,6,8,,1,0.48,,gable_family,0.389,,masonry,0.65,,,Very Heavy,severe,0.45
923,steer,38.6596548404,-90.2493360804,4559 Aldine Ave St. Louis MO 63113 US,,7,8,,2,0.475,,gable_family,0.417,,masonry,0.84,,,Substantial to Heavy,moderate,0.46
924,steer,38.6694101721,-90.2440356856,4619 Elmbank Ave St. Louis MO 63115 US,,7,8,,2,0.448,,gable_family,0.501,,masonry,0.9,,,Moderate,none,0.52
925,steer,38.6618556243,-90.2460104862,4518 Saint Ferdinand Ave St. Louis MO 63113 US,,7,8,,2,0.583,,gable_family,0.502,,masonry,0.895,,,Negligible to Slight,none,0.465
926,steer,38.6604444278,-90.2497870604,4586 Cote Brilliante Ave St. Louis MO 63113 US,,6,8,,1,0.44,,gable_family,0.483,,masonry,0.795,,,Moderate,moderate,0.505
927,steer,38.6637031026,-90.2548378549,4814 Leduc St åœ£è·¯æ˜“æ–¯ MO 63113 US,,7,8,,2,0.52,,gable_family,0.489,,masonry,0.825,,,Moderate,moderate,0.47
928,steer,38.6690501936,-90.2432186539,4561 Elmbank Ave St. Louis MO 63115 US,,7,8,,2,0.529,,gable_family,0.483,,masonry,0.855,,,Negligible to Slight,moderate,0.42
929,steer,38.6515760263,-90.2593351451,,,7,8,,2,0.513,,gable_family,0.294,,masonry,0.94,,,Negligible to Slight,none,0.465
930,steer,38.6692634321,-90.2437014186,4611 Elmbank Ave St. Louis MO 63115 US,,7,8,,2,0.49,,gable_family,0.439,,masonry,0.88,,,Negligible to Slight,moderate,0.48
931,steer,38.6620145062,-90.2462665387,4526 Saint Ferdinand Ave St. Louis MO 63113 US,,7,8,,2,0.47,,gable_family,0.383,,masonry,0.83,,,Moderate,moderate,0.36
932,steer,38.6553238387,-90.2567046272,4753 Lewis Pl åœ£è·¯æ˜“æ–¯ MO 63113 US,,7,8,,2,0.575,,gable_family,0.412,,masonry,0.935,,,Negligible to Slight,moderate,0.485
933,steer,38.6643302063,-90.2562214839,4860 Leduc St åœ£è·¯æ˜“æ–¯ MO 63113 US,,7,8,,2,0.441,,gable_family,0.493,,masonry,0.92,,,Negligible to Slight,none,0.6
934,steer,38.6694182631,-90.242629448,4550 Ashland Ave St. Louis MO 63115 US,,7,8,,2,0.542,,gable_family,0.419,,masonry,0.85,,,Moderate,none,0.455
935,steer,38.6609231639,-90.2522445985,4635 Aldine Ave St. Louis MO 63113 US,,7,8,,2,0.622,,gable_family,0.389,,masonry,0.905,,,Negligible to Slight,none,0.595
936,steer,38.6683291117,-90.2360290473,,,7,8,,2,0.547,,gable_family,0.484,,masonry,0.815,,,Moderate,moderate,0.435
937,steer,38.6693577594,-90.2425073894,4546 Ashland Ave St. Louis MO 63115 US,,7,8,,2,0.604,,gable_family,0.477,,masonry,0.905,,,Moderate,moderate,0.495
938,steer,38.6620794469,-90.2478951106,4569 N Market St St. Louis MO 63113 US,,7,8,,2,0.444,,gable_family,0.449,,masonry,0.78,,,Destruction,severe,0.44
939,steer,38.6691271443,-90.2419698618,4528 Ashland Ave St. Louis MO 63115 US,,7,8,,2,0.51,,gable_family,0.394,,masonry,0.895,,,Very Heavy,moderate,0.515
940,steer,38.6534476413,-90.2604734296,,,7,8,,2,0.75,,gable_family,0.493,,masonry,0.975,,,Negligible to Slight,none,0.545
941,steer,38.6678817985,-90.2467019423,4656 Labadie Ave St. Louis MO 63115 US,,7,8,,2,0.492,,gable_family,0.422,,masonry,0.955,,,Substantial to Heavy,moderate,0.55
942,steer,38.6624540556,-90.2487655119,4595 N Market St St. Louis MO 63113 US,,7,8,,2,0.45,,gable_family,0.423,,masonry,0.8,,,Substantial to Heavy,moderate,0.485
943,steer,38.6649187204,-90.2383475432,3012 Vine Grove Ave åœ£è·¯æ˜“æ–¯ MO 63115 US,,7,8,,2,0.48,,gable_family,0.482,,masonry,0.79,,,Negligible to Slight,none,0.585
944,steer,38.6606737792,-90.2527478533,4642 Aldine Ave St. Louis MO 63113 US,,7,8,,2,0.736,,gable_family,0.545,,masonry,0.93,,,Negligible to Slight,none,0.585
945,steer,38.6652340388,-90.23809727,3024 Vine Grove Ave åœ£è·¯æ˜“æ–¯ MO 63115 US,,7,8,,2,0.534,,gable_family,0.565,,masonry,0.855,,,Very Heavy,moderate,0.405
946,steer,38.6662895033,-90.2474905344,4633 Maffitt Ave St. Louis MO 63113 US,,7,8,,2,0.62,,gable_family,0.526,,masonry,0.845,,,Moderate,none,0.435
947,steer,38.6688150479,-90.2352523108,,,7,8,,2,0.57,,gable_family,0.36,,masonry,0.785,,,Substantial to Heavy,none,0.47
948,steer,38.6638027046,-90.2363428897,4227 W Labadie Ave åœ£è·¯æ˜“æ–¯ MO 63115 US,,7,8,,2,0.57,,gable_family,0.517,,masonry,0.9,,,Moderate,none,0.595
949,steer,38.6610009511,-90.25167181,1714 Dick Gregory Pl St. Louis MO 63113 US,,7,8,,2,0.77,,gable_family,0.535,,masonry,0.94,,,Negligible to Slight,none,0.465
950,steer,38.6628678889,-90.2460086663,4534 Cottage Ave St. Louis MO 63113 US,,7,8,,2,0.45,,gable_family,0.343,,masonry,0.675,,,Substantial to Heavy,moderate,0.47
951,steer,38.6638363876,-90.2364436457,4229 W Labadie Ave åœ£è·¯æ˜“æ–¯ MO 63115 US,,7,8,,2,0.542,,gable_family,0.549,,masonry,0.8,,,Very Heavy,moderate,0.445
952,steer,38.6647478848,-90.2585436275,4944 Cote Brilliante Ave åœ£è·¯æ˜“æ–¯ MO 63113 US,,7,8,,2,0.64,,gable_family,0.463,,masonry,0.87,,,Negligible to Slight,none,0.555
953,steer,38.6680529465,-90.2432777379,4539 Greer Ave St. Louis MO 63115 US,,7,8,,2,0.499,,gable_family,0.423,,masonry,0.825,,,Destruction,none,0.455
954,steer,38.6671727898,-90.2460519955,2914 Cora Ave St. Louis MO 63115 US,,7,8,,2,0.535,,gable_family,0.505,,masonry,0.775,,,Negligible to Slight,none,0.565
955,steer,38.663516177,-90.2497539321,4642 Saint Ferdinand Ave St. Louis MO 63113 US,,7,8,,2,0.511,,gable_family,0.5,,masonry,0.785,,,Negligible to Slight,none,0.58
956,steer,38.6685426261,-90.2431071957,4544 Elmbank Ave St. Louis MO 63115 US,,7,8,,2,0.618,,gable_family,0.6,,masonry,0.92,,,Negligible to Slight,none,0.575
957,steer,38.6606991247,-90.2518908537,1700 Dick Gregory Pl St. Louis MO 63113 US,,7,8,,2,0.63,,gable_family,0.413,,masonry,0.865,,,Negligible to Slight,none,0.505
958,steer,38.6637212774,-90.2502954099,4660 Saint Ferdinand Ave St. Louis MO 63113 US,,7,8,,2,0.584,,gable_family,0.532,,masonry,0.84,,,Moderate,moderate,0.425
959,steer,38.668599888,-90.243227521,4548 Elmbank Ave St. Louis MO 63115 US,,7,8,,2,0.6,,gable_family,0.562,,masonry,0.875,,,Negligible to Slight,none,0.505
960,steer,38.6691924789,-90.2409556555,3505 N Taylor Ave St. Louis MO 63115 US,,7,8,,2,0.713,,gable_family,0.537,,masonry,0.89,,,Negligible to Slight,none,0.48
961,steer,38.6633383221,-90.2586600038,4921 Aldine Pl åœ£è·¯æ˜“æ–¯ MO 63113 US,,7,8,,2,0.593,,gable_family,0.495,,masonry,0.76,,,Negligible to Slight,moderate,0.485
962,steer,38.6604916299,-90.2520454101,1524 Dick Gregory Pl St. Louis MO 63113 US,,7,8,,2,0.58,,gable_family,0.398,,masonry,0.935,,,Negligible to Slight,none,0.585
963,steer,38.6686518332,-90.243360121,4552 Elmbank Ave St. Louis MO 63115 US,,7,8,,2,0.8,,gable_family,0.638,,masonry,0.905,,,Negligible to Slight,none,0.54
964,steer,38.6649152531,-90.2589755493,4956 Cote Brilliante Ave åœ£è·¯æ˜“æ–¯ MO 63113 US,,7,6,,2,0.634,,hip_family,0.375,,masonry,0.865,,,Negligible to Slight,moderate,0.48
965,steer,38.6687088551,-90.2434939958,4556 Elmbank Ave St. Louis MO 63115 US,,7,8,,2,0.54,,gable_family,0.497,,masonry,0.885,,,Negligible to Slight,moderate,0.48
966,steer,38.6669467547,-90.2444940371,4548 Labadie Ave St. Louis MO 63115 US,,7,8,,2,0.65,,gable_family,0.513,,masonry,0.845,,,Moderate,none,0.48
967,steer,38.6698141256,-90.2405033683,3531 N Taylor Ave St. Louis MO 63115 US,,7,8,,2,0.618,,gable_family,0.585,,masonry,0.905,,,Moderate,none,0.525
968,steer,38.663570402,-90.258158079,4912 Warwick Ave åœ£è·¯æ˜“æ–¯ MO 63113 US,,7,6,,2,0.553,,complex_family,0.29,,masonry,0.95,,,Negligible to Slight,none,0.675
969,steer,38.6647163116,-90.237083897,3022 Clarence Ave åœ£è·¯æ˜“æ–¯ MO 63115 US,,7,8,,2,0.615,,gable_family,0.49,,masonry,0.84,,,Negligible to Slight,moderate,0.425
970,steer,38.6700220786,-90.2408424022,4514 Lexington Ave St. Louis MO 63115 US,,7,8,,2,0.595,,gable_family,0.535,,masonry,0.81,,,Moderate,moderate,0.455
971,steer,38.6599177918,-90.2523495304,4619 Dr Martin Luther King Dr St. Louis MO 63113 US,,7,8,,2,0.496,,gable_family,0.304,,masonry,0.93,,,Moderate,moderate,0.46
972,steer,38.6633832634,-90.2588501214,4931 Aldine Pl åœ£è·¯æ˜“æ–¯ MO 63113 US,,7,8,,2,0.575,,gable_family,0.398,,masonry,0.714,,,Negligible to Slight,moderate,0.435
973,steer,38.6664261537,-90.2396716104,4417 Greer Ave åœ£è·¯æ˜“æ–¯ MO 63115 US,,7,8,,2,0.625,,gable_family,0.487,,masonry,0.815,,,Negligible to Slight,none,0.505
974,steer,38.6695918687,-90.2418612867,4533 Ashland Ave St. Louis MO 63115 US,,7,8,,2,0.49,,gable_family,0.456,,masonry,0.87,,,Destruction,moderate,0.49
975,steer,38.6575145203,-90.2592503641,,,7,8,,2,0.65,,gable_family,0.506,,masonry,0.92,,,Moderate,moderate,0.435
976,steer,38.6665902615,-90.2400439781,4429 Greer Ave åœ£è·¯æ˜“æ–¯ MO 63115 US,,7,8,,2,0.677,,gable_family,0.52,,masonry,0.905,,,Negligible to Slight,none,0.585
977,steer,38.6631155835,-90.2490296359,2420 Cora Ave St. Louis MO 63113 US,,7,8,,2,0.505,,gable_family,0.369,,masonry,0.815,,,Destruction,none,0.465
978,steer,38.6617010259,-90.2511693447,1814 Dick Gregory Pl St. Louis MO 63113 US,,7,8,,2,0.6,,gable_family,0.463,,masonry,0.885,,,Very Heavy,none,0.465
979,steer,38.6704913067,-90.2419033331,4550 Lexington Ave St. Louis MO 63115 US,,7,8,,2,0.528,,gable_family,0.501,,masonry,0.84,,,Destruction,moderate,0.555
980,steer,38.6633910058,-90.2580310833,1617 N Euclid Ave åœ£è·¯æ˜“æ–¯ MO 63113 US,,7,8,,2,0.561,,gable_family,0.478,,masonry,0.94,,,Moderate,moderate,0.455
981,steer,38.6545060673,-90.2613350977,,,7,8,,2,0.468,,gable_family,0.384,,masonry,0.935,,,Negligible to Slight,moderate,0.4
982,steer,38.6698900757,-90.2425530503,4555 Ashland Ave St. Louis MO 63115 US,,7,8,,2,0.527,,gable_family,0.398,,masonry,0.84,,,Moderate,none,0.505
983,steer,38.6668859295,-90.2406519922,4449 Greer Ave åœ£è·¯æ˜“æ–¯ MO 63115 US,,7,8,,2,0.574,,gable_family,0.446,,masonry,0.905,,,Substantial to Heavy,moderate,0.425
984,steer,38.6630091587,-90.2582236137,1601 N Euclid Ave åœ£è·¯æ˜“æ–¯ MO 63113 US,,7,8,,2,0.715,,gable_family,0.512,,masonry,0.945,,,Negligible to Slight,none,0.525
985,steer,38.6670773333,-90.2410949877,4465 Greer Ave åœ£è·¯æ˜“æ–¯ MO 63115 US,,7,8,,2,0.656,,gable_family,0.54,,masonry,0.95,,,Negligible to Slight,moderate,0.38
986,steer,38.670790657,-90.2425128235,4606 Lexington Ave St. Louis MO 63115 US,,7,8,,2,0.553,,gable_family,0.53,,masonry,0.86,,,Moderate,moderate,0.42
987,steer,38.6621492633,-90.2489614198,4596 N Market St St. Louis MO 63113 US,,7,8,,2,0.536,,gable_family,0.464,,masonry,0.884,,,Substantial to Heavy,none,0.455
988,steer,38.6667486978,-90.2442008861,4540 Labadie Ave St. Louis MO 63115 US,,7,8,,2,0.455,,gable_family,0.408,,masonry,0.73,,,Substantial to Heavy,moderate,0.43
989,steer,38.6684047048,-90.240980627,3214 N Taylor Ave åœ£è·¯æ˜“æ–¯ MO 63115 US,,7,8,,2,0.492,,gable_family,0.502,,masonry,0.895,,,Negligible to Slight,none,0.675
990,steer,38.6697583333,-90.243400696,4612 Ashland Ave St. Louis MO 63115 US,,7,8,,2,0.568,,gable_family,0.528,,masonry,0.885,,,Substantial to Heavy,none,0.475
991,steer,38.6643040653,-90.2580001889,4908 Cote Brilliante Ave åœ£è·¯æ˜“æ–¯ MO 63113 US,,7,8,,2,0.68,,gable_family,0.457,,masonry,0.925,,,Moderate,none,0.55
992,steer,38.6600290494,-90.2501969963,4587 Aldine Ave St. Louis MO 63113 US,,7,8,,2,0.525,,gable_family,0.439,,masonry,0.88,,,Moderate,moderate,0.445
993,steer,38.6699593034,-90.2438335183,4624 Ashland Ave St. Louis MO 63115 US,,7,8,,2,0.558,,gable_family,0.55,,masonry,0.81,,,Negligible to Slight,none,0.62
994,steer,38.6684840345,-90.2409555248,3216 N Taylor Ave åœ£è·¯æ˜“æ–¯ MO 63115 US,,7,8,,2,0.577,,gable_family,0.468,,masonry,0.889,,,Negligible to Slight,none,0.565
995,steer,38.667323324,-90.2455167826,4618 Labadie Ave St. Louis MO 63115 US,,7,8,,2,0.633,,gable_family,0.439,,masonry,0.81,,,Negligible to Slight,none,0.555
996,steer,38.662117444,-90.2500101451,1907 Cora Ave St. Louis MO 63113 US,,7,8,,2,0.595,,gable_family,0.492,,masonry,0.895,,,Very Heavy,moderate,0.49
997,steer,38.668314502,-90.2400885856,4460 Ashland Ave åœ£è·¯æ˜“æ–¯ MO 63115 US,,7,8,,2,0.55,,gable_family,0.453,,masonry,0.935,,,Moderate,none,0.515
998,steer,38.6658244156,-90.2437649646,2901 N Taylor Ave St. Louis MO 63115 US,,7,8,,2,0.43,,gable_family,0.398,,masonry,0.77,,,Moderate,moderate,0.485
999,steer,38.6632119145,-90.2504005314,4655 N Market St St. Louis MO 63113 US,,7,8,,2,0.535,,gable_family,0.39,,masonry,0.8,,,Very Heavy,moderate,0.45
1000,steer,38.6683851916,-90.2401415311,4462 Ashland Ave åœ£è·¯æ˜“æ–¯ MO 63115 US,,7,8,,2,0.545,,gable_family,0.441,,masonry,0.865,,,Moderate,none,0.51
1001,steer,38.6695530443,-90.2443635823,4629 Elmbank Ave St. Louis MO 63115 US,,7,8,,2,0.462,,gable_family,0.409,,masonry,0.885,,,Substantial to Heavy,none,0.51
1002,steer,38.6653048042,-90.2452555336,4559 Maffitt Ave St. Louis MO 63113 US,,6,8,,1,0.45,,gable_family,0.364,,masonry,0.665,,,Very Heavy,moderate,0.51
1003,steer,38.6645387482,-90.2565534926,1744 N Euclid Ave åœ£è·¯æ˜“æ–¯ MO 63113 US,,7,8,,2,0.55,,gable_family,0.378,,masonry,0.76,,,Moderate,moderate,0.505
1004,steer,38.6684190148,-90.2403332939,4466 Ashland Ave åœ£è·¯æ˜“æ–¯ MO 63115 US,,7,8,,2,0.66,,gable_family,0.56,,masonry,0.86,,,Moderate,none,0.49
1005,steer,38.6694984137,-90.2442906952,4627 Elmbank Ave St. Louis MO 63115 US,,7,8,,2,0.522,,gable_family,0.595,,masonry,0.855,,,Moderate,none,0.445
1006,steer,38.6653415391,-90.2453497943,4561 Maffitt Ave St. Louis MO 63113 US,,7,8,,2,0.43,,gable_family,0.389,,masonry,0.705,,,Substantial to Heavy,moderate,0.505
1007,steer,38.6643057723,-90.2567666215,1734 N Euclid Ave åœ£è·¯æ˜“æ–¯ MO 63113 US,,7,8,,2,0.49,,gable_family,0.545,,masonry,0.92,,,Moderate,none,0.51
1008,steer,38.6694698914,-90.2441611874,4623 Elmbank Ave St. Louis MO 63115 US,,7,8,,2,0.47,,gable_family,0.531,,masonry,0.87,,,Substantial to Heavy,none,0.465
1009,steer,38.6690743183,-90.2442021217,4618 Elmbank Ave St. Louis MO 63115 US,,7,8,,2,0.55,,gable_family,0.467,,masonry,0.88,,,Moderate,severe,0.4
1010,steer,38.6660990306,-90.2453281664,4574 St Louis Ave St. Louis MO 63115 US,,6,8,,1,0.482,,gable_family,0.469,,masonry,0.785,,,Very Heavy,moderate,0.51
1011,steer,38.6635739775,-90.2571687799,4875 Cote Brilliante Ave åœ£è·¯æ˜“æ–¯ MO 63113 US,,7,8,,2,0.545,,gable_family,0.51,,masonry,0.87,,,Moderate,none,0.485
1012,steer,38.6696748857,-90.2431954901,4604 Ashland Ave St. Louis MO 63115 US,,7,8,,2,0.537,,gable_family,0.442,,masonry,0.885,,,Very Heavy,moderate,0.425
1013,steer,38.6584261344,-90.2565535022,,,6,8,,1,0.458,,gable_family,0.378,,masonry,0.85,,,Negligible to Slight,none,0.515
1014,steer,38.6666529483,-90.2454582107,4601 St Louis Ave St. Louis MO 63115 US,,7,8,,2,0.557,,gable_family,0.454,,masonry,0.835,,,Negligible to Slight,none,0.5
1015,steer,38.6634852844,-90.256970207,4865 Cote Brilliante Ave åœ£è·¯æ˜“æ–¯ MO 63113 US,,7,8,,2,0.555,,gable_family,0.483,,masonry,0.94,,,Substantial to Heavy,none,0.445
1016,steer,38.6692175324,-90.2435909942,4607 Elmbank Ave St. Louis MO 63115 US,,7,8,,2,0.675,,gable_family,0.521,,masonry,0.935,,,Negligible to Slight,none,0.545
1017,steer,38.6683927981,-90.2452036641,4628 Greer Ave St. Louis MO 63115 US,,7,8,,2,0.526,,gable_family,0.369,,masonry,0.88,,,Moderate,moderate,0.445
1018,steer,38.6691043986,-90.2418883245,4524 Ashland Ave St. Louis MO 63115 US,,7,8,,2,0.455,,gable_family,0.418,,masonry,0.754,,,Substantial to Heavy,moderate,0.435
1019,steer,38.6621158509,-90.2538395626,4739 Cote Brilliante Ave åœ£è·¯æ˜“æ–¯ MO 63113 US,,7,8,,2,0.635,,gable_family,0.392,,masonry,0.83,,,Very Heavy,moderate,0.395
1020,steer,38.6665046647,-90.2462356762,4620 St Louis Ave St. Louis MO 63115 US,,7,8,,2,0.465,,gable_family,0.422,,masonry,0.765,,,Moderate,moderate,0.45
1021,steer,38.6683664819,-90.2451115426,4626 Greer Ave St. Louis MO 63115 US,,7,8,,2,0.472,,gable_family,0.344,,masonry,0.9,,,Moderate,moderate,0.475
1022,steer,38.6657548919,-90.2396315893,3021 N Newstead Ave åœ£è·¯æ˜“æ–¯ MO 63115 US,,7,8,,2,0.499,,gable_family,0.427,,masonry,0.71,,,Destruction,moderate,0.46
1023,steer,38.6621934334,-90.2539552914,4743 Cote Brilliante Ave åœ£è·¯æ˜“æ–¯ MO 63113 US,,7,8,,2,0.495,,gable_family,0.508,,masonry,0.77,,,Substantial to Heavy,none,0.475
1024,steer,38.6683084213,-90.2449302426,4622 Greer Ave St. Louis MO 63115 US,,7,8,,2,0.575,,gable_family,0.457,,masonry,0.82,,,Negligible to Slight,none,0.535
1025,steer,38.6680204759,-90.2486072947,4715 St Louis Ave St. Louis MO 63115 US,,7,8,,2,0.588,,gable_family,0.417,,masonry,0.89,,,Moderate,moderate,0.445
1026,steer,38.6685419859,-90.2420291415,4519 Elmbank Ave St. Louis MO 63115 US,,7,8,,2,0.515,,gable_family,0.482,,masonry,0.835,,,Substantial to Heavy,moderate,0.42
1027,steer,38.6622457363,-90.2540746377,4747 Cote Brilliante Ave åœ£è·¯æ˜“æ–¯ MO 63113 US,,7,8,,2,0.44,,gable_family,0.378,,masonry,0.815,,,Destruction,none,0.535
1028,steer,38.667613075,-90.2450786826,4613 Labadie Ave St. Louis MO 63115 US,,7,8,,2,0.448,,gable_family,0.448,,masonry,0.815,,,Substantial to Heavy,moderate,0.515
1029,steer,38.6684992627,-90.2419629957,4519 Elmbank Ave St. Louis MO 63115 US,,7,8,,2,0.485,,gable_family,0.403,,masonry,0.855,,,Substantial to Heavy,moderate,0.425
1030,steer,38.6672747532,-90.2497182131,4729 Maffitt Ave St. Louis MO 63113 US,,7,8,,2,0.68,,gable_family,0.504,,masonry,0.96,,,Negligible to Slight,none,0.49
1031,steer,38.6679646944,-90.2393823106,4434 Ashland Ave åœ£è·¯æ˜“æ–¯ MO 63115 US,,7,8,,2,0.49,,gable_family,0.368,,masonry,0.768,,,Very Heavy,moderate,0.42
1032,steer,38.6623750124,-90.2543930859,4757 Cote Brilliante Ave åœ£è·¯æ˜“æ–¯ MO 63113 US,,7,8,,2,0.54,,gable_family,0.473,,masonry,0.72,,,Destruction,moderate,0.46
1033,steer,38.664733419,-90.2385115162,3004 Vine Grove Ave åœ£è·¯æ˜“æ–¯ MO 63115 US,,7,8,,2,0.475,,gable_family,0.423,,masonry,0.87,,,Negligible to Slight,none,0.57
1034,steer,38.6622799023,-90.2552977586,4772 Cote Brilliante Ave åœ£è·¯æ˜“æ–¯ MO 63113 US,,7,8,,2,0.603,,gable_family,0.453,,masonry,0.735,,,Negligible to Slight,none,0.485
1035,steer,38.6676132864,-90.2484973462,4706 St Louis Ave St. Louis MO 63115 US,,7,8,,2,0.533,,gable_family,0.414,,masonry,0.945,,,Substantial to Heavy,moderate,0.395
1036,steer,38.6575880359,-90.2577915106,,,7,8,,2,0.633,,gable_family,0.454,,masonry,0.91,,,Moderate,none,0.45
1037,steer,38.6645725045,-90.2381435668,4327 Labadie Ave åœ£è·¯æ˜“æ–¯ MO 63115 US,,7,8,,2,0.55,,gable_family,0.547,,masonry,0.795,,,Very Heavy,moderate,0.43
1038,steer,38.661993254,-90.2546990123,4756 Cote Brilliante Ave åœ£è·¯æ˜“æ–¯ MO 63113 US,,7,8,,2,0.515,,gable_family,0.379,,masonry,0.685,,,Substantial to Heavy,moderate,0.465
1039,steer,38.6579137791,-90.2567181379,1225 Walton Ave St. Louis MO 63113 US,,7,8,,2,0.53,,gable_family,0.457,,masonry,0.875,,,Negligible to Slight,moderate,0.41
1040,steer,38.6674336129,-90.2488895816,2823 Marcus Ave St. Louis MO 63115 US,,7,8,,2,0.448,,gable_family,0.446,,masonry,0.88,,,Negligible to Slight,none,0.435
1041,steer,38.6686607317,-90.2413601963,3221 N Taylor Ave St. Louis MO 63115 US,,7,8,,2,0.533,,gable_family,0.503,,masonry,0.865,,,Negligible to Slight,none,0.615
1042,steer,38.6672128624,-90.2441645042,4549 Labadie Ave St. Louis MO 63115 US,,7,8,,2,0.538,,gable_family,0.482,,masonry,0.84,,,Negligible to Slight,none,0.485
1043,steer,38.6624964742,-90.251058901,1905 Dick Gregory Pl St. Louis MO 63113 US,,7,8,,2,0.565,,gable_family,0.393,,masonry,0.85,,,Very Heavy,none,0.6
1044,steer,38.6678553159,-90.2483387416,4703 St Louis Ave St. Louis MO 63115 US,,7,8,,2,0.508,,gable_family,0.512,,masonry,0.92,,,Very Heavy,none,0.43
1045,steer,38.6685983493,-90.241402956,3219 N Taylor Ave St. Louis MO 63115 US,,7,8,,2,0.587,,gable_family,0.514,,masonry,0.865,,,Moderate,none,0.51
1046,steer,38.6661848578,-90.2387231326,3110 N Newstead Ave åœ£è·¯æ˜“æ–¯ MO 63115 US,,7,8,,2,0.572,,gable_family,0.442,,masonry,0.945,,,Substantial to Heavy,moderate,0.425
1047,steer,38.661592951,-90.2537423611,4726 Cote Brilliante Ave åœ£è·¯æ˜“æ–¯ MO 63113 US,,7,8,,2,0.509,,gable_family,0.511,,masonry,0.77,,,Substantial to Heavy,none,0.625
1048,steer,38.6696845684,-90.236914642,,,14,8,,2,0.511,,flat,0.352,,masonry,0.915,,,Negligible to Slight,moderate,0.47
1049,steer,38.6683414704,-90.2415944598,3203 N Taylor Ave St. Louis MO 63115 US,,7,8,,2,0.637,,gable_family,0.552,,masonry,0.92,,,Moderate,none,0.545
1050,steer,38.6695485422,-90.2375766946,,,7,6,,2,0.495,,complex_family,0.295,,masonry,0.935,,,Negligible to Slight,none,0.55
1051,steer,38.6689019216,-90.2369041148,,,7,8,,2,0.54,,gable_family,0.427,,masonry,0.93,,,Negligible to Slight,moderate,0.47
1052,steer,38.6683287087,-90.2426151696,4528 Elmbank Ave St. Louis MO 63115 US,,7,8,,2,0.578,,gable_family,0.468,,masonry,0.95,,,Moderate,none,0.635
1053,steer,38.6669265152,-90.2435006528,4527 Labadie Ave St. Louis MO 63115 US,,7,8,,2,0.528,,gable_family,0.452,,masonry,0.865,,,Negligible to Slight,none,0.53
1054,steer,38.6621617209,-90.2508220314,1832 Dick Gregory Pl St. Louis MO 63113 US,,7,8,,2,0.626,,gable_family,0.438,,masonry,0.965,,,Negligible to Slight,moderate,0.455
1055,steer,38.6568129527,-90.2568358226,,,7,8,,2,0.67,,gable_family,0.441,,masonry,0.955,,,Moderate,moderate,0.505
1056,steer,38.6562578068,-90.255830057,4733 Newberry Terr åœ£è·¯æ˜“æ–¯ MO 63113 US,,7,8,,2,0.497,,gable_family,0.345,,masonry,0.945,,,Negligible to Slight,moderate,0.405
1057,steer,38.6566883057,-90.256922388,,,7,8,,2,0.668,,gable_family,0.463,,masonry,0.92,,,Moderate,none,0.475
1058,steer,38.6682374083,-90.2423789748,4520 Elmbank Ave St. Louis MO 63115 US,,7,8,,2,0.602,,gable_family,0.491,,masonry,0.885,,,Moderate,moderate,0.495
1059,steer,38.6589306845,-90.2590017699,,,7,8,,2,0.583,,gable_family,0.382,,masonry,0.965,,,Negligible to Slight,none,0.45
1060,steer,38.6563148772,-90.2563993051,4751 Newberry Terr åœ£è·¯æ˜“æ–¯ MO 63113 US,,7,8,,2,0.636,,gable_family,0.454,,masonry,0.945,,,Negligible to Slight,none,0.535
1061,steer,38.6590071276,-90.2589594627,,,7,8,,2,0.601,,gable_family,0.547,,masonry,0.925,,,Negligible to Slight,none,0.43
1062,steer,38.6560018819,-90.2570677407,,,7,8,,2,0.514,,gable_family,0.419,,masonry,0.814,,,Negligible to Slight,none,0.635
1063,steer,38.6684243326,-90.242813987,4538 Elmbank Ave St. Louis MO 63115 US,,7,8,,2,0.562,,gable_family,0.487,,masonry,0.915,,,Negligible to Slight,none,0.59
1064,steer,38.6555845454,-90.253375789,4608 Newberry Terr åœ£è·¯æ˜“æ–¯ MO 63113 US,,7,8,,2,0.669,,gable_family,0.423,,masonry,0.98,,,Negligible to Slight,none,0.53
1065,steer,38.6651626346,-90.2367322233,3044 Clarence Ave åœ£è·¯æ˜“æ–¯ MO 63115 US,,7,8,,2,0.572,,gable_family,0.55,,masonry,0.87,,,Negligible to Slight,none,0.565
1066,steer,38.6578774773,-90.2582024127,,,7,8,,2,0.71,,gable_family,0.675,,masonry,0.923,,,Destruction,moderate,0.465
1067,steer,38.6555647945,-90.2534702471,4612 Newberry Terr åœ£è·¯æ˜“æ–¯ MO 63113 US,,7,8,,2,0.599,,gable_family,0.384,,masonry,0.98,,,Moderate,none,0.49
1068,steer,38.665551191,-90.2360717502,3111 Marnice Pl åœ£è·¯æ˜“æ–¯ MO 63115 US,,7,8,,2,0.465,,gable_family,0.522,,masonry,0.73,,,Negligible to Slight,none,0.54
1069,steer,38.6617641427,-90.2568377885,4829 Dr Martin Luther King Dr åœ£è·¯æ˜“æ–¯ MO 63113 US,,6,8,,1,0.475,,gable_family,0.35,,masonry,0.805,,,Very Heavy,moderate,0.46
1070,steer,38.6656520971,-90.2364432685,3110 Clarence Ave åœ£è·¯æ˜“æ–¯ MO 63115 US,,7,8,,2,0.535,,gable_family,0.396,,masonry,0.77,,,Negligible to Slight,moderate,0.46
1071,steer,38.6670349639,-90.2410582196,4463 Greer Ave åœ£è·¯æ˜“æ–¯ MO 63115 US,,7,8,,2,0.669,,gable_family,0.536,,masonry,0.95,,,Very Heavy,moderate,0.43
1072,steer,38.6632526806,-90.265411037,,,7,8,,2,0.49,,gable_family,0.354,,masonry,0.895,,,Moderate,moderate,0.42
1073,steer,38.6577350975,-90.2581959368,,,7,8,,2,0.715,,gable_family,0.58,,masonry,0.845,,,Moderate,moderate,0.5
1074,steer,38.666257548,-90.2355564063,3141 Marnice Pl åœ£è·¯æ˜“æ–¯ MO 63115 US,,7,8,,2,0.492,,gable_family,0.465,,masonry,0.86,,,Negligible to Slight,none,0.525
1075,steer,38.6685521897,-90.2408655844,3220 N Taylor Ave åœ£è·¯æ˜“æ–¯ MO 63115 US,,7,8,,2,0.57,,gable_family,0.502,,masonry,0.84,,,Moderate,none,0.425
1076,steer,38.6682455265,-90.2438019494,4557 Greer Ave St. Louis MO 63115 US,,7,8,,2,0.645,,gable_family,0.521,,masonry,0.9,,,Negligible to Slight,moderate,0.435
1077,steer,38.6639435248,-90.2675864861,,,7,8,,2,0.48,,gable_family,0.407,,masonry,0.87,,,Negligible to Slight,none,0.57
1078,steer,38.6661689097,-90.2360309627,3126 Clarence Ave åœ£è·¯æ˜“æ–¯ MO 63115 US,,7,8,,2,0.615,,gable_family,0.374,,masonry,0.87,,,Negligible to Slight,none,0.5
1079,steer,38.6560976509,-90.2584545417,,,7,8,,2,0.596,,gable_family,0.372,,masonry,0.96,,,Moderate,none,0.43
1080,steer,38.6624235968,-90.2648844466,,,7,8,,2,0.664,,gable_family,0.453,,masonry,0.935,,,Negligible to Slight,none,0.53
1081,steer,38.667798744,-90.2402590528,4457 Elmbank Ave åœ£è·¯æ˜“æ–¯ MO 63115 US,,7,8,,2,0.547,,gable_family,0.439,,masonry,0.938,,,Moderate,moderate,0.53
1082,steer,38.6631775596,-90.2606641157,4965 Dr Martin Luther King Dr åœ£è·¯æ˜“æ–¯ MO 63113 US,,7,8,,2,0.552,,gable_family,0.473,,masonry,0.84,,,Negligible to Slight,none,0.605
1083,steer,38.6556002759,-90.2580983039,,,7,8,,2,0.476,,gable_family,0.35,,masonry,0.88,,,Destruction,moderate,0.395
1084,steer,38.6689181818,-90.2438987757,4608 Elmbank Ave St. Louis MO 63115 US,,7,8,,2,0.515,,gable_family,0.424,,masonry,0.905,,,Very Heavy,moderate,0.435
1085,steer,38.6655724445,-90.2356975879,3118 Marnice Pl åœ£è·¯æ˜“æ–¯ MO 63115 US,,7,8,,2,0.549,,gable_family,0.496,,masonry,0.705,,,Negligible to Slight,none,0.485
1086,steer,38.6617806416,-90.2620189381,,,14,8,,2,0.482,,flat,0.351,,masonry,0.909,,,Negligible to Slight,none,0.535
1087,steer,38.6583185266,-90.2566402898,,,6,8,,1,0.47,,gable_family,0.388,,masonry,0.855,,,Moderate,moderate,0.515
1088,steer,38.6561283322,-90.2587982993,,,7,8,,2,0.541,,gable_family,0.369,,masonry,0.885,,,Negligible to Slight,moderate,0.42
1089,steer,38.6662818591,-90.2344157019,4207 W Ashland Ave åœ£è·¯æ˜“æ–¯ MO 63115 US,,7,8,,2,0.502,,gable_family,0.53,,masonry,0.875,,,Negligible to Slight,none,0.51
1090,steer,38.6581911372,-90.2576183583,,,7,8,,2,0.597,,gable_family,0.463,,masonry,0.97,,,Substantial to Heavy,moderate,0.51
1091,steer,38.6673387826,-90.2346675772,4230 W Lexington Ave åœ£è·¯æ˜“æ–¯ MO 63115 US,,7,8,,2,0.615,,gable_family,0.57,,masonry,0.8,,,Negligible to Slight,none,0.59
1092,steer,38.6562169732,-90.2594417553,,,7,8,,2,0.62,,gable_family,0.441,,masonry,0.9,,,Negligible to Slight,none,0.565
1093,steer,38.6620869978,-90.2634260099,,,7,8,,2,0.695,,gable_family,0.462,,masonry,0.89,,,Negligible to Slight,moderate,0.52
1094,steer,38.6580865064,-90.2576696145,,,7,8,,2,0.625,,gable_family,0.525,,masonry,0.938,,,Moderate,moderate,0.52
1095,steer,38.654345614,-90.2572863495,,,7,8,,2,0.578,,gable_family,0.549,,masonry,0.89,,,Negligible to Slight,none,0.54
1096,steer,38.6606570811,-90.2492630416,4577 Cote Brilliante Ave St. Louis MO 63113 US,,7,8,,2,0.495,,gable_family,0.483,,masonry,0.855,,,Substantial to Heavy,moderate,0.495
1097,steer,38.6579907365,-90.2576982227,,,7,8,,2,0.678,,gable_family,0.487,,masonry,0.905,,,Moderate,moderate,0.45
1098,steer,38.6697718982,-90.2378884645,,,7,8,,2,0.549,,gable_family,0.432,,masonry,0.89,,,Very Heavy,moderate,0.435
1099,steer,38.6666546066,-90.2352834515,4237 W Ashland Ave åœ£è·¯æ˜“æ–¯ MO 63115 US,,7,8,,2,0.485,,gable_family,0.563,,masonry,0.875,,,Negligible to Slight,none,0.555
1100,steer,38.6615825142,-90.249881948,1826 Cora Ave St. Louis MO 63113 US,,7,8,,2,0.51,,gable_family,0.418,,masonry,0.9,,,Moderate,moderate,0.42
1101,steer,38.6629909213,-90.2673523889,,,7,8,,2,0.684,,gable_family,0.529,,masonry,0.87,,,Negligible to Slight,none,0.47
1102,steer,38.6581615043,-90.2567089934,,,6,8,,1,0.5,,gable_family,0.458,,masonry,0.76,,,Moderate,moderate,0.425
1103,steer,38.6536505629,-90.2574268237,,,6,8,,1,0.46,,gable_family,0.544,,masonry,0.89,,,Negligible to Slight,none,0.61
1104,steer,38.6676767153,-90.2451830387,4617 Labadie Ave St. Louis MO 63115 US,,7,8,,2,0.492,,gable_family,0.467,,masonry,0.893,,,Substantial to Heavy,moderate,0.47
1105,steer,38.6558866375,-90.2588622717,,,7,8,,2,0.725,,gable_family,0.453,,masonry,0.905,,,Moderate,moderate,0.41
1106,steer,38.6621817274,-90.2698447109,,,7,8,,2,0.645,,gable_family,0.556,,masonry,0.81,,,Negligible to Slight,none,0.59
1107,steer,38.6548260511,-90.2583018884,,,7,8,,2,0.66,,gable_family,0.485,,masonry,0.955,,,Moderate,moderate,0.575
1108,steer,38.6671241485,-90.2398068083,4432 Elmbank Ave åœ£è·¯æ˜“æ–¯ MO 63115 US,,7,8,,2,0.464,,gable_family,0.452,,masonry,0.92,,,Negligible to Slight,none,0.465
1109,steer,38.6604679772,-90.2488709216,4565 Cote Brilliante Ave St. Louis MO 63113 US,,7,8,,2,0.485,,gable_family,0.443,,masonry,0.83,,,Destruction,moderate,0.515
1110,steer,38.6621281983,-90.2695005716,,,7,8,,2,0.77,,gable_family,0.533,,masonry,1.0,,,Negligible to Slight,none,0.54
1111,steer,38.6530818615,-90.2585000841,,,7,8,,2,0.707,,gable_family,0.611,,masonry,0.925,,,Negligible to Slight,moderate,0.42
1112,steer,38.6670525384,-90.2395854724,4422 Elmbank Ave åœ£è·¯æ˜“æ–¯ MO 63115 US,,7,8,,2,0.515,,gable_family,0.413,,masonry,0.9,,,Moderate,none,0.46
1113,steer,38.6629326973,-90.2689650978,,,7,8,,2,0.675,,gable_family,0.507,,masonry,0.874,,,Negligible to Slight,none,0.54
1114,steer,38.670364371,-90.2437118564,3502 Cora Ave St. Louis MO 63115 US,,7,8,,2,0.607,,gable_family,0.452,,masonry,0.905,,,Negligible to Slight,none,0.46
1115,steer,38.655900946,-90.2590627194,,,7,8,,2,0.865,,gable_family,0.616,,masonry,0.97,,,Negligible to Slight,none,0.61
1116,steer,38.6681119054,-90.2445187918,4608 Greer Ave St. Louis MO 63115 US,,7,8,,2,0.505,,gable_family,0.429,,masonry,0.845,,,Moderate,moderate,0.44
1117,steer,38.6628534188,-90.2685712088,,,7,8,,2,0.538,,gable_family,0.423,,masonry,0.85,,,Moderate,none,0.515
1118,steer,38.6673740509,-90.2347257856,4232 W Lexington Ave åœ£è·¯æ˜“æ–¯ MO 63115 US,,7,8,,2,0.49,,gable_family,0.63,,masonry,0.82,,,Moderate,none,0.525
1119,steer,38.6559144386,-90.2592646934,,,7,8,,2,0.66,,gable_family,0.438,,masonry,0.865,,,Moderate,none,0.54
1120,steer,38.6669452218,-90.2393091012,4418 Elmbank Ave åœ£è·¯æ˜“æ–¯ MO 63115 US,,7,8,,2,0.634,,gable_family,0.488,,masonry,0.905,,,Moderate,none,0.555
1121,steer,38.6617995744,-90.2674034165,,,7,8,,2,0.582,,gable_family,0.503,,masonry,0.908,,,Negligible to Slight,moderate,0.425
1122,steer,38.6668592066,-90.2357269643,4249 W Ashland Ave åœ£è·¯æ˜“æ–¯ MO 63115 US,,7,8,,2,0.652,,gable_family,0.521,,masonry,0.88,,,Negligible to Slight,moderate,0.485
1123,steer,38.6559564914,-90.2594830619,,,7,8,,2,0.715,,gable_family,0.448,,masonry,0.87,,,Moderate,none,0.45
1124,steer,38.6668684279,-90.2392337005,4414 Elmbank Ave åœ£è·¯æ˜“æ–¯ MO 63115 US,,7,8,,2,0.617,,gable_family,0.497,,masonry,0.905,,,Very Heavy,moderate,0.465
1125,steer,38.666967767,-90.2359722101,4257 W Ashland Ave åœ£è·¯æ˜“æ–¯ MO 63115 US,,7,8,,2,0.545,,gable_family,0.469,,masonry,0.935,,,Moderate,moderate,0.48
1126,steer,38.6624726937,-90.2669509135,,,7,8,,2,0.533,,gable_family,0.467,,masonry,0.795,,,Moderate,none,0.48
1127,steer,38.655977347,-90.2595960842,,,7,8,,2,0.635,,gable_family,0.449,,masonry,0.955,,,Moderate,none,0.455
1128,steer,38.6675242397,-90.2448488329,4607 Labadie Ave St. Louis MO 63115 US,,7,8,,2,0.448,,gable_family,0.477,,masonry,0.905,,,Substantial to Heavy,moderate,0.52
1129,steer,38.6619830179,-90.2686011774,,,7,8,,2,0.578,,gable_family,0.488,,masonry,0.89,,,Moderate,moderate,0.46
1130,steer,38.6606267022,-90.2457730111,1918 N Taylor Ave St. Louis MO 63113 US,,7,8,,2,0.515,,gable_family,0.36,,masonry,0.765,,,Negligible to Slight,moderate,0.47
1131,steer,38.6710732652,-90.2421121115,4601 Lexington Ave åœ£è·¯æ˜“æ–¯ MO 63115 US,,7,8,,2,0.562,,gable_family,0.546,,masonry,0.845,,,Negligible to Slight,none,0.47
1132,steer,38.6674467642,-90.2395098176,4429 Elmbank Ave åœ£è·¯æ˜“æ–¯ MO 63115 US,,7,8,,2,0.515,,gable_family,0.413,,masonry,0.855,,,Moderate,none,0.4
1133,steer,38.660719673,-90.2463544398,1911 N Taylor Ave St. Louis MO 63113 US,,7,8,,2,0.545,,gable_family,0.422,,masonry,0.9,,,Negligible to Slight,none,0.535
1134,steer,38.6617376643,-90.266712153,,,7,8,,2,0.772,,gable_family,0.557,,masonry,0.885,,,Negligible to Slight,none,0.495
1135,steer,38.6709311646,-90.2418475491,4557 Lexington Ave åœ£è·¯æ˜“æ–¯ MO 63115 US,,7,8,,2,0.501,,gable_family,0.573,,masonry,0.825,,,Moderate,none,0.48
1136,steer,38.6674418091,-90.2446061585,4565 Labadie Ave St. Louis MO 63115 US,,7,8,,2,0.452,,gable_family,0.482,,masonry,0.85,,,Substantial to Heavy,moderate,0.47
1137,steer,38.6544972493,-90.2538370075,32 Lewis Pl åœ£è·¯æ˜“æ–¯ MO 63113 US,,7,8,,2,0.82,,gable_family,0.51,,masonry,0.94,,,Negligible to Slight,none,0.54
1138,steer,38.6716143567,-90.2414002252,4556 Natural Bridge Ave åœ£è·¯æ˜“æ–¯ MO 63115 US,,7,8,,2,0.515,,gable_family,0.347,,masonry,0.91,,,Moderate,none,0.49
1139,steer,38.6616357065,-90.2663375183,,,7,8,,2,0.64,,gable_family,0.587,,masonry,0.955,,,Negligible to Slight,none,0.58
1140,steer,38.657551511,-90.2573639261,,,7,8,,2,0.49,,gable_family,0.508,,masonry,0.795,,,Moderate,moderate,0.48
1141,steer,38.670921467,-90.2417409581,4555 Lexington Ave åœ£è·¯æ˜“æ–¯ MO 63115 US,,7,8,,2,0.581,,gable_family,0.547,,masonry,0.885,,,Substantial to Heavy,none,0.425
1142,steer,38.6679509148,-90.2441794214,4560 Greer Ave St. Louis MO 63115 US,,7,8,,2,0.544,,gable_family,0.423,,masonry,0.905,,,Negligible to Slight,none,0.425
1143,steer,38.661974062,-90.2685035869,,,7,8,,2,0.655,,gable_family,0.606,,masonry,0.91,,,Negligible to Slight,none,0.53
1144,steer,38.6544838451,-90.2540397624,46 Lewis Pl åœ£è·¯æ˜“æ–¯ MO 63113 US,,7,8,,2,0.73,,gable_family,0.548,,masonry,0.93,,,Negligible to Slight,none,0.51
1145,steer,38.6655034775,-90.2484639584,4641 Kennerly Ave St. Louis MO 63113 US,,7,8,,2,0.582,,gable_family,0.536,,masonry,0.795,,,Negligible to Slight,none,0.49
1146,steer,38.6545717973,-90.2552126093,4706 Lewis Pl åœ£è·¯æ˜“æ–¯ MO 63113 US,,7,8,,2,0.725,,gable_family,0.418,,masonry,0.93,,,Negligible to Slight,none,0.555
1147,steer,38.6625899822,-90.2674798481,,,7,8,,2,0.563,,gable_family,0.455,,masonry,0.82,,,Negligible to Slight,none,0.47
1148,steer,38.6678247151,-90.2439263664,4552 Greer Ave St. Louis MO 63115 US,,7,8,,2,0.47,,gable_family,0.508,,masonry,0.895,,,Negligible to Slight,none,0.67
1149,steer,38.6655454914,-90.248522374,4643 Kennerly Ave St. Louis MO 63113 US,,7,8,,2,0.542,,gable_family,0.559,,masonry,0.874,,,Moderate,none,0.495
1150,steer,38.6605455551,-90.2476106094,4534 Garfield Ave St. Louis MO 63113 US,,7,8,,2,0.597,,gable_family,0.472,,masonry,0.86,,,Moderate,none,0.405
1151,steer,38.6572435005,-90.2568303797,,,7,8,,2,0.624,,gable_family,0.495,,masonry,0.945,,,Moderate,moderate,0.51
1152,steer,38.662636045,-90.26105009,,,7,8,,2,0.517,,gable_family,0.359,,masonry,0.85,,,Moderate,moderate,0.395
1153,steer,38.6708948657,-90.2416442946,4553 Lexington Ave åœ£è·¯æ˜“æ–¯ MO 63115 US,,7,8,,2,0.558,,gable_family,0.443,,masonry,0.81,,,Moderate,moderate,0.49
1154,steer,38.6672663826,-90.2390601122,4415 Elmbank Ave åœ£è·¯æ˜“æ–¯ MO 63115 US,,7,8,,2,0.567,,gable_family,0.373,,masonry,0.85,,,Moderate,none,0.495
1155,steer,38.6548527708,-90.2590319664,,,7,8,,2,0.8,,gable_family,0.64,,masonry,0.94,,,Moderate,none,0.53
1156,steer,38.66582315,-90.24759328,4624 Maffitt Ave St. Louis MO 63113 US,,7,8,,2,0.622,,gable_family,0.587,,masonry,0.86,,,Negligible to Slight,none,0.455
1157,steer,38.6574139908,-90.256798011,,,7,8,,2,0.566,,gable_family,0.475,,masonry,0.88,,,Moderate,none,0.525
1158,steer,38.6617000071,-90.270995164,,,7,8,,2,0.736,,gable_family,0.412,,masonry,0.905,,,Negligible to Slight,none,0.545
1159,steer,38.6546358847,-90.2559622473,4728 Lewis Pl åœ£è·¯æ˜“æ–¯ MO 63113 US,,7,8,,2,0.73,,gable_family,0.587,,masonry,0.93,,,Negligible to Slight,none,0.495
1160,steer,38.6713736453,-90.2408050284,4538 Natural Bridge Ave åœ£è·¯æ˜“æ–¯ MO 63115 US,,7,8,,2,0.52,,gable_family,0.359,,masonry,0.895,,,Moderate,none,0.555
1161,steer,38.6680745211,-90.2444496326,4606 Greer Ave St. Louis MO 63115 US,,7,8,,2,0.44,,gable_family,0.469,,masonry,0.875,,,Substantial to Heavy,none,0.48
1162,steer,38.654096216,-90.2552649861,4705 McMillan Ave åœ£è·¯æ˜“æ–¯ MO 63108 US,,7,8,,2,0.55,,gable_family,0.348,,masonry,0.905,,,Moderate,none,0.47
1163,steer,38.6713506709,-90.2407287068,4534 Natural Bridge Ave åœ£è·¯æ˜“æ–¯ MO 63115 US,,7,8,,2,0.618,,gable_family,0.442,,masonry,0.905,,,Negligible to Slight,none,0.48
1164,steer,38.6674737686,-90.2431045227,4526 Greer Ave St. Louis MO 63115 US,,7,8,,2,0.62,,gable_family,0.512,,masonry,0.96,,,Very Heavy,none,0.455
1165,steer,38.6614613075,-90.2711899692,,,7,8,,2,0.647,,gable_family,0.392,,masonry,0.91,,,Negligible to Slight,none,0.475
1166,steer,38.6653273647,-90.2463752519,4586 Maffitt Ave St. Louis MO 63113 US,,7,8,,2,0.463,,gable_family,0.518,,masonry,0.75,,,Negligible to Slight,none,0.465
1167,steer,38.6669062264,-90.2433998805,4527 Labadie Ave St. Louis MO 63115 US,,7,8,,2,0.46,,gable_family,0.396,,masonry,0.84,,,Moderate,moderate,0.43
1168,steer,38.6543996542,-90.2587744474,,,7,8,,2,0.453,,gable_family,0.349,,masonry,0.92,,,Substantial to Heavy,moderate,0.465
1169,steer,38.6705671057,-90.2389219859,4472 Natural Bridge Avenue St. Louis Missouri 63115 United States,,7,8,,2,0.401,,gable_family,0.419,,masonry,0.92,,,Negligible to Slight,moderate,0.465
1170,steer,38.6645383743,-90.2462718131,4571 Kennerly Ave St. Louis MO 63113 US,,7,8,,2,0.58,,gable_family,0.494,,masonry,0.775,,,Negligible to Slight,moderate,0.43
1171,steer,38.6667885423,-90.2427287298,3009 N Taylor Ave St. Louis MO 63115 US,,7,8,,2,0.493,,gable_family,0.464,,masonry,0.77,,,Moderate,moderate,0.42
1172,steer,38.6541652198,-90.2559411771,4727 McMillan Ave åœ£è·¯æ˜“æ–¯ MO 63108 US,,6,8,,1,0.47,,gable_family,0.36,,masonry,0.775,,,Very Heavy,none,0.455
1173,steer,38.6616956422,-90.2694006723,,,7,8,,2,0.731,,gable_family,0.63,,masonry,0.835,,,Negligible to Slight,none,0.575
1174,steer,38.6541948543,-90.2562700886,4735 McMillan Ave åœ£è·¯æ˜“æ–¯ MO 63108 US,,7,8,,2,0.464,,gable_family,0.479,,masonry,0.77,,,Very Heavy,none,0.565
1175,steer,38.665258465,-90.2462109905,4584 Maffitt Ave St. Louis MO 63113 US,,7,8,,2,0.438,,gable_family,0.389,,masonry,0.635,,,Very Heavy,moderate,0.465
1176,steer,38.6697598213,-90.2393423592,,,7,8,,2,0.525,,gable_family,0.609,,masonry,0.895,,,Negligible to Slight,none,0.56
1177,steer,38.6665869206,-90.2428989644,3001 N Taylor Ave St. Louis MO 63115 US,,7,8,,2,0.551,,gable_family,0.446,,masonry,0.87,,,Negligible to Slight,none,0.475
1178,steer,38.6707557315,-90.2413897204,4547 Lexington Ave åœ£è·¯æ˜“æ–¯ MO 63115 US,,7,8,,2,0.538,,gable_family,0.518,,masonry,0.9,,,Negligible to Slight,moderate,0.5
1179,steer,38.6691188421,-90.2410049177,3501 N Taylor Ave St. Louis MO 63115 US,,7,8,,2,0.638,,gable_family,0.577,,masonry,0.939,,,Negligible to Slight,none,0.595
1180,steer,38.6566362683,-90.2577608544,,,7,8,,2,0.525,,gable_family,0.493,,masonry,0.775,,,Moderate,none,0.465
1181,steer,38.6542804371,-90.2569094006,4755 McMillan Ave åœ£è·¯æ˜“æ–¯ MO 63108 US,,7,8,,2,0.57,,gable_family,0.413,,masonry,0.955,,,Very Heavy,none,0.435
1182,steer,38.661595754,-90.2686524408,,,7,8,,2,0.648,,gable_family,0.563,,masonry,0.905,,,Negligible to Slight,none,0.455
1183,steer,38.669483936,-90.2407666227,3517 N Taylor Ave St. Louis MO 63115 US,,7,8,,2,0.49,,gable_family,0.478,,masonry,0.845,,,Negligible to Slight,none,0.48
1184,steer,38.670704312,-90.2413032703,4545 Lexington Ave åœ£è·¯æ˜“æ–¯ MO 63115 US,,7,8,,2,0.612,,gable_family,0.504,,masonry,0.92,,,Moderate,none,0.48
1185,steer,38.6669942311,-90.2368847055,4328 Ashland Ave åœ£è·¯æ˜“æ–¯ MO 63115 US,,7,8,,2,0.5,,gable_family,0.369,,masonry,0.86,,,Very Heavy,moderate,0.405
1186,steer,38.6613680389,-90.2672993872,,,7,8,,2,0.62,,gable_family,0.368,,masonry,0.945,,,Negligible to Slight,none,0.53
1187,steer,38.6696125456,-90.2406551075,3523 N Taylor Ave St. Louis MO 63115 US,,7,8,,2,0.546,,gable_family,0.513,,masonry,0.875,,,Negligible to Slight,none,0.55
1188,steer,38.6599440153,-90.2468380087,1815 N Taylor Ave St. Louis MO 63113 US,,7,8,,2,0.507,,gable_family,0.433,,masonry,0.898,,,Negligible to Slight,none,0.465
1189,steer,38.6657270558,-90.2491649728,2700 Marcus Ave St. Louis MO 63113 US,,7,8,,2,0.59,,gable_family,0.444,,masonry,0.79,,,Very Heavy,moderate,0.515
1190,steer,38.6705442377,-90.241995062,4554 Lexington Ave St. Louis MO 63115 US,,7,8,,2,0.553,,gable_family,0.495,,masonry,0.87,,,Substantial to Heavy,moderate,0.53
1191,steer,38.6607082209,-90.2673925785,,,7,8,,2,0.594,,gable_family,0.443,,masonry,0.885,,,Negligible to Slight,none,0.465
1192,steer,38.6562202658,-90.2570404888,,,7,8,,2,0.525,,gable_family,0.408,,masonry,0.915,,,Moderate,moderate,0.465
1193,steer,38.6528744294,-90.259006697,,,7,8,,2,0.672,,gable_family,0.56,,masonry,0.925,,,Negligible to Slight,none,0.635
1194,steer,38.6706277311,-90.2423130335,4562 Lexington Ave St. Louis MO 63115 US,,7,8,,2,0.495,,gable_family,0.488,,masonry,0.85,,,Substantial to Heavy,moderate,0.45
1195,steer,38.664202657,-90.2464901068,4570 Kennerly Ave St. Louis MO 63113 US,,7,8,,2,0.52,,gable_family,0.508,,masonry,0.78,,,Destruction,moderate,0.52
1196,steer,38.6606970411,-90.2672054512,,,7,8,,2,0.598,,gable_family,0.524,,masonry,0.935,,,Negligible to Slight,none,0.645
1197,steer,38.6698096139,-90.2423589494,4549 Ashland Ave St. Louis MO 63115 US,,7,8,,2,0.532,,gable_family,0.369,,masonry,0.925,,,Moderate,moderate,0.44
1198,steer,38.6672090563,-90.2356817844,,,7,8,,2,0.489,,gable_family,0.344,,masonry,0.935,,,Negligible to Slight,none,0.535
1199,steer,38.6523795815,-90.2591168822,,,7,8,,2,0.612,,gable_family,0.453,,masonry,0.96,,,Negligible to Slight,none,0.6
1200,steer,38.6657940741,-90.2368053792,3111 Clarence Ave åœ£è·¯æ˜“æ–¯ MO 63115 US,,7,8,,2,0.445,,gable_family,0.448,,masonry,0.81,,,Negligible to Slight,none,0.415
1201,steer,38.6611983451,-90.2664911605,,,7,8,,2,0.565,,gable_family,0.446,,masonry,0.94,,,Negligible to Slight,none,0.605
1202,steer,38.6699359183,-90.2426488704,4559 Ashland Ave St. Louis MO 63115 US,,7,8,,2,0.527,,gable_family,0.429,,masonry,0.835,,,Moderate,none,0.455
1203,steer,38.6672453944,-90.2362883617,,,7,8,,2,0.65,,gable_family,0.448,,masonry,0.955,,,Negligible to Slight,moderate,0.51
1204,steer,38.666626314,-90.2384843314,3126 N Newstead Ave åœ£è·¯æ˜“æ–¯ MO 63115 US,,7,8,,2,0.745,,gable_family,0.57,,masonry,0.955,,,Substantial to Heavy,moderate,0.545
1205,steer,38.669980777,-90.2427670805,4561 Ashland Ave St. Louis MO 63115 US,,7,8,,2,0.665,,gable_family,0.483,,masonry,0.915,,,Substantial to Heavy,moderate,0.47
1206,steer,38.6524458832,-90.2599987642,,,7,8,,2,0.518,,gable_family,0.399,,masonry,0.908,,,Moderate,moderate,0.5
1207,steer,38.6561149043,-90.2570241377,,,7,8,,2,0.691,,gable_family,0.457,,masonry,0.93,,,Negligible to Slight,none,0.55
1208,steer,38.6702023756,-90.2432869473,4615 Ashland Ave St. Louis MO 63115 US,,7,8,,2,0.575,,gable_family,0.477,,masonry,0.865,,,Negligible to Slight,moderate,0.535
1209,steer,38.664735189,-90.24929286,4653 Cottage Ave St. Louis MO 63113 US,,7,8,,2,0.46,,gable_family,0.513,,masonry,0.808,,,Moderate,none,0.44
1210,steer,38.6522581995,-90.26190987,,,7,8,,2,0.61,,gable_family,0.399,,masonry,0.87,,,Negligible to Slight,none,0.575
1211,steer,38.6643918945,-90.2674480565,,,7,8,,2,0.574,,gable_family,0.461,,masonry,0.905,,,Negligible to Slight,none,0.465
1212,steer,38.6700203301,-90.242851819,4601 Ashland Ave St. Louis MO 63115 US,,7,8,,2,0.56,,gable_family,0.471,,masonry,0.87,,,Moderate,moderate,0.44
1213,steer,38.6659319629,-90.2362896307,3118 Clarence Ave åœ£è·¯æ˜“æ–¯ MO 63115 US,,7,8,,2,0.6,,gable_family,0.408,,masonry,0.83,,,Moderate,moderate,0.41
1214,steer,38.6551594661,-90.2551267275,4707 Lewis Pl åœ£è·¯æ˜“æ–¯ MO 63113 US,,7,8,,2,0.755,,gable_family,0.617,,masonry,0.93,,,Negligible to Slight,none,0.62
1215,steer,38.6709468068,-90.2428667028,4616 Lexington Ave St. Louis MO 63115 US,,7,8,,2,0.59,,gable_family,0.539,,masonry,0.85,,,Negligible to Slight,moderate,0.445
1216,steer,38.6557616587,-90.2580812028,,,7,8,,2,0.458,,gable_family,0.309,,masonry,0.87,,,Substantial to Heavy,moderate,0.545
1217,steer,38.6642839579,-90.2671061659,,,7,8,,2,0.627,,gable_family,0.489,,masonry,0.905,,,Destruction,moderate,0.435
1218,steer,38.6683432676,-90.2391260829,4439 Ashland Ave åœ£è·¯æ˜“æ–¯ MO 63115 US,,7,8,,2,0.484,,gable_family,0.397,,masonry,0.825,,,Moderate,none,0.56
1219,steer,38.6557442466,-90.2557207422,4724 Newberry Terr åœ£è·¯æ˜“æ–¯ MO 63113 US,,7,8,,2,0.479,,gable_family,0.393,,masonry,0.725,,,Substantial to Heavy,moderate,0.575
1220,steer,38.6698378943,-90.2435817942,4616 Ashland Ave St. Louis MO 63115 US,,7,8,,2,0.618,,gable_family,0.509,,masonry,0.89,,,Negligible to Slight,none,0.615
1221,steer,38.6684838439,-90.2393091274,4445 Ashland Ave åœ£è·¯æ˜“æ–¯ MO 63115 US,,7,8,,2,0.505,,gable_family,0.395,,masonry,0.89,,,Moderate,moderate,0.465
1222,steer,38.6593451388,-90.2474378539,1723 N Taylor Ave St. Louis MO 63113 US,,7,8,,2,0.424,,gable_family,0.378,,masonry,0.789,,,Destruction,moderate,0.41
1223,steer,38.6660456097,-90.2357665338,3131 Marnice Pl åœ£è·¯æ˜“æ–¯ MO 63115 US,,7,8,,2,0.472,,gable_family,0.408,,masonry,0.87,,,Moderate,none,0.55
1224,steer,38.6646825805,-90.2666975881,,,7,8,,2,0.403,,gable_family,0.355,,masonry,0.79,,,Negligible to Slight,none,0.51
1225,steer,38.6697358428,-90.2432986372,4608 Ashland Ave St. Louis MO 63115 US,,7,8,,2,0.58,,gable_family,0.557,,masonry,0.92,,,Very Heavy,moderate,0.525
1226,steer,38.6685099354,-90.2394566146,4451 Ashland Ave åœ£è·¯æ˜“æ–¯ MO 63115 US,,7,8,,2,0.499,,gable_family,0.399,,masonry,0.86,,,Moderate,moderate,0.45
1227,steer,38.6693736439,-90.2439246167,4619 Elmbank Ave St. Louis MO 63115 US,,7,8,,2,0.46,,gable_family,0.354,,masonry,0.87,,,Substantial to Heavy,moderate,0.465
1228,steer,38.6652662573,-90.2358848606,3104 Marnice Pl åœ£è·¯æ˜“æ–¯ MO 63115 US,,7,8,,2,0.492,,gable_family,0.472,,masonry,0.86,,,Negligible to Slight,none,0.575
1229,steer,38.6704839118,-90.2406480515,,,6,8,,1,0.446,,gable_family,0.44,,masonry,0.875,,,Very Heavy,none,0.43
1230,steer,38.664176379,-90.2667983315,,,7,8,,2,0.658,,gable_family,0.53,,masonry,0.915,,,Negligible to Slight,none,0.43
1231,steer,38.6557370083,-90.255613516,4722 Newberry Terr åœ£è·¯æ˜“æ–¯ MO 63113 US,,7,8,,2,0.559,,gable_family,0.398,,masonry,0.9,,,Substantial to Heavy,moderate,0.46
1232,steer,38.6659198708,-90.2354277874,3134 Marnice Pl åœ£è·¯æ˜“æ–¯ MO 63115 US,,7,8,,2,0.472,,gable_family,0.408,,masonry,0.875,,,Very Heavy,none,0.545
1233,steer,38.6696324694,-90.2431113213,4600 Ashland Ave St. Louis MO 63115 US,,7,8,,2,0.544,,gable_family,0.468,,masonry,0.8,,,Very Heavy,moderate,0.475
1234,steer,38.6677011495,-90.2346067759,,,7,8,,2,0.505,,gable_family,0.635,,masonry,0.82,,,Negligible to Slight,none,0.59
1235,steer,38.6593326822,-90.2487249315,4539 Aldine Ave St. Louis MO 63113 US,,7,8,,2,0.551,,gable_family,0.478,,masonry,0.785,,,Negligible to Slight,none,0.49
1236,steer,38.6636825204,-90.2638334344,,,7,8,,2,0.477,,gable_family,0.313,,masonry,0.8,,,Moderate,moderate,0.47
1237,steer,38.6550259435,-90.2576015961,,,7,8,,2,0.708,,gable_family,0.485,,masonry,0.948,,,Negligible to Slight,none,0.485
1238,steer,38.6590639001,-90.2481121358,4519 Aldine Ave St. Louis MO 63113 US,,7,8,,2,0.434,,gable_family,0.497,,masonry,0.76,,,Substantial to Heavy,none,0.41
1239,steer,38.6669873739,-90.2339105601,4204 W Lexington Ave åœ£è·¯æ˜“æ–¯ MO 63115 US,,7,8,,2,0.6,,gable_family,0.566,,masonry,0.93,,,Negligible to Slight,moderate,0.49
1240,steer,38.6643247212,-90.2477542418,2616 Cora Ave St. Louis MO 63113 US,,7,8,,2,0.567,,gable_family,0.335,,masonry,0.79,,,Substantial to Heavy,moderate,0.545
1241,steer,38.6689973947,-90.2425838063,4545 Elmbank Ave St. Louis MO 63115 US,,7,8,,2,0.59,,gable_family,0.462,,masonry,0.685,,,Negligible to Slight,none,0.545
1242,steer,38.6705910829,-90.2390207013,,,7,8,,2,0.436,,gable_family,0.364,,masonry,0.919,,,Very Heavy,moderate,0.51
1243,steer,38.6557396994,-90.2552695277,4710 Newberry Terr åœ£è·¯æ˜“æ–¯ MO 63113 US,,7,8,,2,0.655,,gable_family,0.536,,masonry,0.948,,,Substantial to Heavy,none,0.44
1244,steer,38.6684786584,-90.2419015189,4517 Elmbank Ave St. Louis MO 63115 US,,7,8,,2,0.435,,gable_family,0.387,,masonry,0.86,,,Moderate,moderate,0.525
1245,steer,38.6697426125,-90.2399874389,3532 N Taylor Ave åœ£è·¯æ˜“æ–¯ MO 63115 US,,7,8,,2,0.562,,gable_family,0.448,,masonry,0.875,,,Negligible to Slight,moderate,0.37
1246,steer,38.6550727901,-90.2580100882,,,7,8,,2,0.615,,gable_family,0.503,,masonry,0.91,,,Negligible to Slight,moderate,0.485
1247,steer,38.6682795295,-90.2416396067,3201 N Taylor Ave St. Louis MO 63115 US,,7,8,,2,0.458,,gable_family,0.445,,masonry,0.885,,,Substantial to Heavy,none,0.44
1248,steer,38.6557305147,-90.2551509147,4706 Newberry Terr åœ£è·¯æ˜“æ–¯ MO 63113 US,,7,8,,2,0.652,,gable_family,0.511,,masonry,0.955,,,Moderate,none,0.44
1249,steer,38.6707269874,-90.239093327,,,7,6,,2,0.445,,complex_family,0.306,,masonry,0.915,,,Moderate,moderate,0.44
1250,steer,38.6674789602,-90.2355080246,,,7,8,,2,0.72,,gable_family,0.532,,masonry,0.955,,,Negligible to Slight,moderate,0.455
1251,steer,38.6592714121,-90.2484663519,4531 Aldine Ave St. Louis MO 63113 US,,7,8,,2,0.483,,gable_family,0.437,,masonry,0.86,,,Substantial to Heavy,moderate,0.46
1252,steer,38.6546765555,-90.2582738326,,,7,8,,2,0.47,,gable_family,0.363,,masonry,0.855,,,Negligible to Slight,moderate,0.48
1253,steer,38.6611295516,-90.2654879233,,,7,8,,2,0.58,,gable_family,0.572,,masonry,0.875,,,Negligible to Slight,none,0.555
1254,steer,38.6515765025,-90.2587215343,,,7,8,,2,0.537,,gable_family,0.349,,masonry,0.96,,,Negligible to Slight,none,0.55
1255,steer,38.6695299626,-90.2402213379,3526 N Taylor Ave åœ£è·¯æ˜“æ–¯ MO 63115 US,,7,8,,2,0.627,,gable_family,0.507,,masonry,0.875,,,Substantial to Heavy,none,0.43
1256,steer,38.6667176764,-90.2353953242,4239 W Ashland Ave åœ£è·¯æ˜“æ–¯ MO 63115 US,,7,8,,2,0.635,,gable_family,0.54,,masonry,0.915,,,Negligible to Slight,none,0.51
1257,steer,38.6550772901,-90.2546747905,51 Lewis Pl åœ£è·¯æ˜“æ–¯ MO 63113 US,,7,8,,2,0.636,,gable_family,0.478,,masonry,0.93,,,Negligible to Slight,none,0.505
1258,steer,38.6637464042,-90.2362237359,4223 W Labadie Ave åœ£è·¯æ˜“æ–¯ MO 63115 US,,7,8,,2,0.565,,gable_family,0.547,,masonry,0.885,,,Negligible to Slight,none,0.485
1259,steer,38.6702644551,-90.2414102709,4532 Lexington Ave St. Louis MO 63115 US,,7,8,,2,0.487,,gable_family,0.448,,masonry,0.845,,,Substantial to Heavy,moderate,0.54
1260,steer,38.6694619932,-90.2402371992,3524 N Taylor Ave åœ£è·¯æ˜“æ–¯ MO 63115 US,,7,8,,2,0.615,,gable_family,0.463,,masonry,0.91,,,Very Heavy,none,0.515
1261,steer,38.6604126621,-90.2647241358,,,7,8,,2,0.661,,gable_family,0.471,,masonry,0.85,,,Negligible to Slight,moderate,0.47
1262,steer,38.6684791454,-90.2429324989,4540 Elmbank Ave St. Louis MO 63115 US,,7,8,,2,0.499,,gable_family,0.438,,masonry,0.94,,,Negligible to Slight,none,0.455
1263,steer,38.6547320795,-90.2572705581,,,7,8,,2,0.66,,gable_family,0.447,,masonry,0.95,,,Substantial to Heavy,none,0.5
1264,steer,38.6527462401,-90.2606642446,,,7,8,,2,0.572,,gable_family,0.434,,masonry,0.95,,,Moderate,none,0.495
1265,steer,38.6608512902,-90.2637166124,,,7,8,,2,0.602,,gable_family,0.54,,masonry,0.845,,,Negligible to Slight,none,0.64
1266,steer,38.6649072049,-90.2369694871,3030 Clarence Ave åœ£è·¯æ˜“æ–¯ MO 63115 US,,7,8,,2,0.545,,gable_family,0.501,,masonry,0.82,,,Negligible to Slight,none,0.58
1267,steer,38.6675640384,-90.2354749436,,,7,8,,2,0.602,,gable_family,0.528,,masonry,0.905,,,Negligible to Slight,moderate,0.46
1268,steer,38.6552861826,-90.2562408573,4739 Lewis Pl åœ£è·¯æ˜“æ–¯ MO 63113 US,,7,8,,2,0.792,,gable_family,0.673,,masonry,0.935,,,Negligible to Slight,none,0.46
1269,steer,38.6653585523,-90.2371004633,3043 Clarence Ave åœ£è·¯æ˜“æ–¯ MO 63115 US,,7,8,,2,0.535,,gable_family,0.396,,masonry,0.855,,,Negligible to Slight,none,0.57
1270,steer,38.6602915563,-90.2636125078,,,7,8,,2,0.7,,gable_family,0.508,,masonry,0.895,,,Negligible to Slight,none,0.615
1271,steer,38.6622978552,-90.2460162618,4525 Saint Ferdinand Ave St. Louis MO 63113 US,,6,8,,1,0.5,,gable_family,0.344,,masonry,0.805,,,Negligible to Slight,moderate,0.51
1272,steer,38.6685140684,-90.2376283193,3531 N Newstead Ave åœ£è·¯æ˜“æ–¯ MO 63115 US,,7,8,,2,0.612,,gable_family,0.467,,masonry,0.875,,,Substantial to Heavy,none,0.48
1273,steer,38.6669397212,-90.2408462832,4455 Greer Ave åœ£è·¯æ˜“æ–¯ MO 63115 US,,7,8,,2,0.591,,gable_family,0.468,,masonry,0.885,,,Very Heavy,moderate,0.465
1274,steer,38.6552663854,-90.2560908671,4735 Lewis Pl åœ£è·¯æ˜“æ–¯ MO 63113 US,,7,8,,2,0.83,,gable_family,0.633,,masonry,0.94,,,Negligible to Slight,none,0.625
1275,steer,38.6610862631,-90.2628233444,,,7,8,,2,0.557,,gable_family,0.438,,masonry,0.91,,,Negligible to Slight,none,0.625
1276,steer,38.662730049,-90.2456344245,4524 Cottage Ave St. Louis MO 63113 US,,6,8,,1,0.475,,gable_family,0.414,,masonry,0.755,,,Moderate,moderate,0.465
1277,steer,38.6532359553,-90.2574666416,,,7,8,,2,0.565,,gable_family,0.606,,masonry,0.92,,,Negligible to Slight,none,0.48
1278,steer,38.6531472865,-90.2605284423,,,7,8,,2,0.755,,gable_family,0.491,,masonry,0.92,,,Negligible to Slight,none,0.6
1279,steer,38.6619105551,-90.2461563886,4524 Saint Ferdinand Ave St. Louis MO 63113 US,,7,8,,2,0.49,,gable_family,0.434,,masonry,0.79,,,Negligible to Slight,none,0.54
1280,steer,38.6592843806,-90.2563818801,,,7,8,,2,0.591,,gable_family,0.487,,masonry,0.975,,,Substantial to Heavy,none,0.435
1281,steer,38.6681935071,-90.2411704995,3204 N Taylor Ave åœ£è·¯æ˜“æ–¯ MO 63115 US,,7,8,,2,0.592,,gable_family,0.474,,masonry,0.945,,,Negligible to Slight,none,0.63
1282,steer,38.6702369836,-90.2433696148,4617 Ashland Ave St. Louis MO 63115 US,,7,8,,2,0.532,,gable_family,0.508,,masonry,0.815,,,Moderate,moderate,0.555
1283,steer,38.6531408773,-90.2614750508,,,7,8,,2,0.69,,gable_family,0.596,,masonry,0.885,,,Moderate,none,0.46
1284,steer,38.6680452973,-90.2379618326,,,7,8,,2,0.66,,gable_family,0.364,,masonry,0.89,,,Negligible to Slight,none,0.545
1285,steer,38.6683387018,-90.2410549375,3210 N Taylor Ave åœ£è·¯æ˜“æ–¯ MO 63115 US,,7,8,,2,0.46,,gable_family,0.494,,masonry,0.87,,,Negligible to Slight,none,0.645
1286,steer,38.6526352888,-90.2576833746,,,7,8,,2,0.595,,gable_family,0.489,,masonry,0.92,,,Negligible to Slight,moderate,0.525
1287,steer,38.663748115,-90.2549125082,4816 Leduc St åœ£è·¯æ˜“æ–¯ MO 63113 US,,7,8,,2,0.591,,gable_family,0.453,,masonry,0.895,,,Moderate,none,0.525
1288,steer,38.6683467641,-90.2440644691,4603 Greer Ave St. Louis MO 63115 US,,7,8,,2,0.554,,gable_family,0.452,,masonry,0.92,,,Destruction,moderate,0.5
1289,steer,38.6673844727,-90.247297285,4665 St Louis Ave St. Louis MO 63115 US,,7,8,,2,0.66,,gable_family,0.483,,masonry,0.955,,,Moderate,none,0.505
1290,steer,38.6604185599,-90.2587019215,,,7,8,,2,0.51,,gable_family,0.419,,masonry,0.8,,,Substantial to Heavy,moderate,0.525
1291,steer,38.6704460269,-90.2436516126,3506 Cora Ave St. Louis MO 63115 US,,7,8,,2,0.545,,gable_family,0.546,,masonry,0.88,,,Negligible to Slight,none,0.595
1292,steer,38.6621640541,-90.2467060448,4538 Saint Ferdinand Ave St. Louis MO 63113 US,,7,8,,2,0.475,,gable_family,0.393,,masonry,0.72,,,Substantial to Heavy,moderate,0.46
1293,steer,38.668856696,-90.2437234945,4600 Elmbank Ave St. Louis MO 63115 US,,7,8,,2,0.56,,gable_family,0.541,,masonry,0.93,,,Substantial to Heavy,moderate,0.47
1294,steer,38.6609672721,-90.2586098274,,,7,6,,2,0.667,,complex_family,0.324,,masonry,0.94,,,Moderate,none,0.43
1295,steer,38.6622398521,-90.2468578993,4546 Saint Ferdinand Ave St. Louis MO 63113 US,,7,8,,2,0.485,,gable_family,0.447,,masonry,0.74,,,Substantial to Heavy,moderate,0.4
1296,steer,38.6539113763,-90.2613285951,,,7,8,,2,0.622,,gable_family,0.54,,masonry,0.93,,,Moderate,moderate,0.475
1297,steer,38.6662772582,-90.2342535964,4201 W Ashland Ave åœ£è·¯æ˜“æ–¯ MO 63115 US,,7,8,,2,0.58,,gable_family,0.56,,masonry,0.82,,,Negligible to Slight,none,0.43
1298,steer,38.6679144788,-90.2405112094,4463 Elmbank Ave åœ£è·¯æ˜“æ–¯ MO 63115 US,,7,8,,2,0.558,,gable_family,0.476,,masonry,0.885,,,Moderate,none,0.425
1299,steer,38.6706703485,-90.2399345888,,,7,8,,2,0.525,,gable_family,0.392,,masonry,0.915,,,Negligible to Slight,moderate,0.535
1300,steer,38.6623244061,-90.2470867293,4552 Saint Ferdinand Ave St. Louis MO 63113 US,,6,8,,1,0.453,,gable_family,0.41,,masonry,0.625,,,Negligible to Slight,none,0.505
1301,steer,38.6679506461,-90.2405597819,4465 Elmbank Ave åœ£è·¯æ˜“æ–¯ MO 63115 US,,7,8,,2,0.593,,gable_family,0.372,,masonry,0.939,,,Moderate,none,0.45
1302,steer,38.6669245421,-90.2358818673,4255 W Ashland Ave åœ£è·¯æ˜“æ–¯ MO 63115 US,,7,8,,2,0.58,,gable_family,0.423,,masonry,0.9,,,Moderate,moderate,0.515
1303,steer,38.6642842599,-90.2561185676,4856 Leduc St åœ£è·¯æ˜“æ–¯ MO 63113 US,,7,8,,2,0.497,,gable_family,0.439,,masonry,0.885,,,Substantial to Heavy,none,0.535
1304,steer,38.6532919983,-90.2614492245,,,7,8,,2,0.74,,gable_family,0.629,,masonry,0.97,,,Substantial to Heavy,none,0.54
1305,steer,38.668115812,-90.2364677295,4324 Lexington Ave åœ£è·¯æ˜“æ–¯ MO 63115 US,,7,8,,2,0.472,,gable_family,0.412,,masonry,0.825,,,Substantial to Heavy,moderate,0.44
1306,steer,38.6680185119,-90.2407297705,4471 Elmbank Ave åœ£è·¯æ˜“æ–¯ MO 63115 US,,7,8,,2,0.552,,gable_family,0.422,,masonry,0.905,,,Moderate,none,0.525
1307,steer,38.6676721551,-90.2462181075,4640 Labadie Ave St. Louis MO 63115 US,,7,8,,2,0.577,,gable_family,0.497,,masonry,0.965,,,Negligible to Slight,moderate,0.44
1308,steer,38.6715784907,-90.242767,3610 Cora Ave åœ£è·¯æ˜“æ–¯ MO 63115 US,,7,8,,2,0.505,,gable_family,0.365,,masonry,0.715,,,Negligible to Slight,none,0.465
1309,steer,38.6704785397,-90.2400792477,,,6,8,,1,0.466,,gable_family,0.373,,masonry,0.89,,,Moderate,none,0.525
1310,steer,38.6625789829,-90.2477660787,4578 Saint Ferdinand Ave St. Louis MO 63113 US,,6,8,,1,0.464,,gable_family,0.318,,masonry,0.715,,,Negligible to Slight,none,0.495
1311,steer,38.6677669492,-90.2401911095,4453 Elmbank Ave åœ£è·¯æ˜“æ–¯ MO 63115 US,,7,8,,2,0.496,,gable_family,0.423,,masonry,0.915,,,Moderate,moderate,0.53
1312,steer,38.6720803884,-90.2424434283,4626 Natural Bridge Ave åœ£è·¯æ˜“æ–¯ MO 63115 US,,7,8,,2,0.53,,gable_family,0.418,,masonry,0.87,,,Negligible to Slight,none,0.605
1313,steer,38.6634237642,-90.2485270957,4611 Saint Ferdinand Ave St. Louis MO 63113 US,,7,8,,2,0.523,,gable_family,0.469,,masonry,0.66,,,Destruction,moderate,0.495
1314,steer,38.6533728232,-90.261457831,,,7,8,,2,0.735,,gable_family,0.61,,masonry,0.965,,,Substantial to Heavy,none,0.425
1315,steer,38.6703516385,-90.2401599616,,,7,8,,2,0.515,,gable_family,0.407,,masonry,0.885,,,Negligible to Slight,moderate,0.425
1316,steer,38.6686385955,-90.2443620244,4615 Greer Ave St. Louis MO 63115 US,,7,8,,2,0.574,,gable_family,0.503,,masonry,0.725,,,Moderate,none,0.415
1317,steer,38.662609132,-90.2560453855,4826 Cote Brilliante Ave åœ£è·¯æ˜“æ–¯ MO 63113 US,,7,8,,2,0.581,,gable_family,0.413,,masonry,0.73,,,Negligible to Slight,none,0.675
1318,steer,38.6603118248,-90.2532055721,4651 Dr Martin Luther King Dr St. Louis MO 63113 US,,7,6,,2,0.546,,complex_family,0.327,,masonry,0.94,,,Negligible to Slight,none,0.49
1319,steer,38.6716360498,-90.241477513,4558 Natural Bridge Ave åœ£è·¯æ˜“æ–¯ MO 63115 US,,7,8,,2,0.56,,gable_family,0.382,,masonry,0.885,,,Moderate,none,0.47
1320,steer,38.6628907706,-90.2564979583,4840 Cote Brilliante Ave åœ£è·¯æ˜“æ–¯ MO 63113 US,,7,8,,2,0.61,,gable_family,0.546,,masonry,0.8,,,Negligible to Slight,none,0.59
1321,steer,38.6702135596,-90.2402471208,,,7,8,,2,0.505,,gable_family,0.447,,masonry,0.925,,,Negligible to Slight,none,0.485
1322,steer,38.661362979,-90.2506431909,1809 Cora Ave St. Louis MO 63113 US,,7,8,,2,0.551,,gable_family,0.404,,masonry,0.915,,,Negligible to Slight,none,0.395
1323,steer,38.669188682,-90.2445092183,4628 Elmbank Ave St. Louis MO 63115 US,,7,8,,2,0.512,,gable_family,0.599,,masonry,0.875,,,Very Heavy,none,0.475
1324,steer,38.6714443282,-90.2408672599,4540 Natural Bridge Ave åœ£è·¯æ˜“æ–¯ MO 63115 US,,7,8,,2,0.498,,gable_family,0.32,,masonry,0.905,,,Destruction,moderate,0.41
1325,steer,38.6692399302,-90.2403911904,3510 N Taylor Ave åœ£è·¯æ˜“æ–¯ MO 63115 US,,7,8,,2,0.505,,gable_family,0.408,,masonry,0.918,,,Moderate,moderate,0.475
1326,steer,38.6681408613,-90.2396856318,4448 Ashland Ave åœ£è·¯æ˜“æ–¯ MO 63115 US,,7,8,,2,0.52,,gable_family,0.472,,masonry,0.87,,,Negligible to Slight,moderate,0.6
1327,steer,38.6712931103,-90.240618996,4532 Natural Bridge Ave åœ£è·¯æ˜“æ–¯ MO 63115 US,,7,8,,2,0.516,,gable_family,0.394,,masonry,0.905,,,Negligible to Slight,none,0.585
1328,steer,38.6701394845,-90.2397401545,,,7,8,,2,0.601,,gable_family,0.558,,masonry,0.845,,,Negligible to Slight,moderate,0.49
1329,steer,38.6534372754,-90.2614465001,,,7,8,,2,0.73,,gable_family,0.507,,masonry,0.935,,,Substantial to Heavy,moderate,0.445
1330,steer,38.6683327813,-90.2450390497,4624 Greer Ave St. Louis MO 63115 US,,7,8,,2,0.524,,gable_family,0.397,,masonry,0.87,,,Moderate,moderate,0.445
1331,steer,38.6673561492,-90.2380407111,,,7,8,,2,0.489,,gable_family,0.343,,masonry,0.92,,,Negligible to Slight,none,0.525
1332,steer,38.6648136535,-90.2586824055,4946 Cote Brilliante Ave åœ£è·¯æ˜“æ–¯ MO 63113 US,,7,8,,2,0.66,,gable_family,0.368,,masonry,0.825,,,Negligible to Slight,none,0.47
1333,steer,38.6699946344,-90.2399033519,,,7,8,,2,0.461,,gable_family,0.394,,masonry,0.925,,,Substantial to Heavy,moderate,0.515
1334,steer,38.6678239151,-90.2455157998,4629 Labadie Ave St. Louis MO 63115 US,,7,8,,2,0.5,,gable_family,0.429,,masonry,0.813,,,Substantial to Heavy,moderate,0.465
1335,steer,38.6679691042,-90.2469104945,4666 Labadie Ave St. Louis MO 63115 US,,7,8,,2,0.655,,gable_family,0.446,,masonry,0.925,,,Moderate,moderate,0.48
1336,steer,38.6711418769,-90.2402658848,4520 Natural Bridge Ave åœ£è·¯æ˜“æ–¯ MO 63115 US,,7,8,,2,0.53,,gable_family,0.339,,masonry,0.845,,,Moderate,none,0.47
1337,steer,38.6645670108,-90.2595118422,4961 Warwick Ave åœ£è·¯æ˜“æ–¯ MO 63113 US,,7,8,,2,0.55,,gable_family,0.511,,masonry,0.87,,,Negligible to Slight,none,0.615
1338,steer,38.6611631443,-90.2586371698,,,7,8,,2,0.474,,gable_family,0.334,,masonry,0.9,,,Very Heavy,moderate,0.5
1339,steer,38.6580617422,-90.2567120947,,,6,8,,1,0.44,,gable_family,0.493,,masonry,0.845,,,Substantial to Heavy,moderate,0.57
1340,steer,38.6621141749,-90.258302902,4877 Dr Martin Luther King Dr åœ£è·¯æ˜“æ–¯ MO 63113 US,,7,8,,2,0.54,,gable_family,0.362,,masonry,0.88,,,Negligible to Slight,moderate,0.505
1341,steer,38.6707943686,-90.2414731408,4549 Lexington Ave åœ£è·¯æ˜“æ–¯ MO 63115 US,,7,8,,2,0.538,,gable_family,0.533,,masonry,0.865,,,Substantial to Heavy,none,0.545
1342,steer,38.6602036325,-90.2562687953,,,7,8,,2,0.525,,gable_family,0.473,,masonry,0.888,,,Negligible to Slight,none,0.47
1343,steer,38.6655940754,-90.2459896033,4583 Maffitt Ave St. Louis MO 63113 US,,7,8,,2,0.458,,gable_family,0.407,,masonry,0.625,,,Moderate,moderate,0.45
1344,steer,38.6677443121,-90.2453736083,4623 Labadie Ave St. Louis MO 63115 US,,7,8,,2,0.575,,gable_family,0.409,,masonry,0.873,,,Moderate,moderate,0.455
1345,steer,38.6689149616,-90.2356931997,,,7,8,,2,0.432,,gable_family,0.338,,masonry,0.81,,,Negligible to Slight,none,0.5
1346,steer,38.6636503384,-90.244124069,2705 N Taylor Ave St. Louis MO 63113 US,,7,8,,2,0.466,,gable_family,0.444,,masonry,0.825,,,Substantial to Heavy,none,0.49
1347,steer,38.6536379845,-90.2614188153,,,7,8,,2,0.7,,gable_family,0.57,,masonry,0.915,,,Negligible to Slight,none,0.54
1348,steer,38.6670814061,-90.239705242,4430 Elmbank Ave åœ£è·¯æ˜“æ–¯ MO 63115 US,,7,8,,2,0.49,,gable_family,0.454,,masonry,0.925,,,Negligible to Slight,none,0.58
1349,steer,38.660416017,-90.2562455227,,,7,8,,2,0.512,,gable_family,0.526,,masonry,0.78,,,Moderate,none,0.56
1350,steer,38.6706289019,-90.2409762913,4533 Lexington Ave åœ£è·¯æ˜“æ–¯ MO 63115 US,,7,8,,2,0.567,,gable_family,0.454,,masonry,0.92,,,Moderate,none,0.445
1351,steer,38.6637025307,-90.2585066858,4924 Warwick Ave åœ£è·¯æ˜“æ–¯ MO 63113 US,,7,8,,2,0.6,,gable_family,0.448,,masonry,0.94,,,Negligible to Slight,none,0.57
1352,steer,38.6651560455,-90.2438261142,4522 St Louis Ave St. Louis MO 63115 US,,7,8,,2,0.47,,gable_family,0.419,,masonry,0.745,,,Substantial to Heavy,none,0.505
1353,steer,38.6695803869,-90.2388008077,,,7,8,,2,0.597,,gable_family,0.538,,masonry,0.92,,,Negligible to Slight,none,0.475
1354,steer,38.6675792597,-90.244974069,4611 Labadie Ave St. Louis MO 63115 US,,7,8,,2,0.496,,gable_family,0.478,,masonry,0.86,,,Moderate,moderate,0.545
1355,steer,38.6705809962,-90.2409248671,4529 Lexington Ave åœ£è·¯æ˜“æ–¯ MO 63115 US,,7,8,,2,0.545,,gable_family,0.528,,masonry,0.895,,,Very Heavy,moderate,0.485
1356,steer,38.6639099626,-90.2589602722,4940 Warwick Ave åœ£è·¯æ˜“æ–¯ MO 63113 US,,7,8,,2,0.666,,gable_family,0.466,,masonry,0.93,,,Negligible to Slight,none,0.495
1357,steer,38.6532125012,-90.2605403142,,,7,8,,2,0.675,,gable_family,0.528,,masonry,0.9,,,Negligible to Slight,none,0.56
1358,steer,38.6578337314,-90.256730263,,,7,8,,2,0.535,,gable_family,0.533,,masonry,0.895,,,Moderate,moderate,0.455
1359,steer,38.6705340387,-90.240746254,,,6,8,,1,0.453,,gable_family,0.453,,masonry,0.825,,,Substantial to Heavy,moderate,0.485
1360,steer,38.6599024269,-90.2549285396,,,7,8,,2,0.481,,gable_family,0.489,,masonry,0.905,,,Moderate,none,0.48
1361,steer,38.6674841019,-90.2447613877,4603 Labadie Ave St. Louis MO 63115 US,,7,8,,2,0.453,,gable_family,0.446,,masonry,0.79,,,Moderate,moderate,0.49
1362,steer,38.6569497125,-90.2590871279,,,7,8,,2,0.485,,gable_family,0.378,,masonry,0.815,,,Negligible to Slight,moderate,0.435
1363,steer,38.6638500417,-90.2588209769,4936 Warwick Ave åœ£è·¯æ˜“æ–¯ MO 63113 US,,7,8,,2,0.65,,gable_family,0.353,,masonry,0.945,,,Negligible to Slight,none,0.5
1364,steer,38.659497432,-90.253809859,,,6,8,,1,0.42,,gable_family,0.418,,masonry,0.775,,,Destruction,moderate,0.49
1365,steer,38.6623560345,-90.251753028,4648 Leduc St St. Louis MO 63113 US,,7,8,,2,0.443,,gable_family,0.448,,masonry,0.845,,,Negligible to Slight,moderate,0.44
1366,steer,38.6577524459,-90.25675613,,,7,8,,2,0.53,,gable_family,0.421,,masonry,0.815,,,Negligible to Slight,moderate,0.48
1367,steer,38.6637346243,-90.2586345694,4928 Warwick Ave åœ£è·¯æ˜“æ–¯ MO 63113 US,,7,8,,2,0.608,,gable_family,0.403,,masonry,0.95,,,Negligible to Slight,none,0.555
1368,steer,38.667382999,-90.2369668193,,,7,8,,2,0.587,,gable_family,0.501,,masonry,0.825,,,Negligible to Slight,moderate,0.465
1369,steer,38.662319162,-90.2516458524,4644 Leduc St St. Louis MO 63113 US,,7,8,,2,0.568,,gable_family,0.458,,masonry,0.925,,,Very Heavy,moderate,0.51
1370,steer,38.6560934786,-90.2542049383,4643 Newberry Terr åœ£è·¯æ˜“æ–¯ MO 63113 US,,7,8,,2,0.785,,gable_family,0.471,,masonry,0.965,,,Negligible to Slight,none,0.475
1371,steer,38.6643516919,-90.2484215052,4625 Cottage Ave St. Louis MO 63113 US,,7,8,,2,0.537,,gable_family,0.419,,masonry,0.855,,,Very Heavy,none,0.44
1372,steer,38.6686601063,-90.2367154434,,,7,8,,2,0.44,,gable_family,0.374,,masonry,0.875,,,Moderate,moderate,0.5
1373,steer,38.6679365405,-90.2391835924,4432 Ashland Ave åœ£è·¯æ˜“æ–¯ MO 63115 US,,7,8,,2,0.525,,gable_family,0.354,,masonry,0.88,,,Very Heavy,moderate,0.515
1374,steer,38.6560764118,-90.2539504965,4635 Newberry Terr åœ£è·¯æ˜“æ–¯ MO 63113 US,,7,8,,2,0.612,,gable_family,0.391,,masonry,0.955,,,Moderate,none,0.59
1375,steer,38.6644707176,-90.2486569841,4633 Cottage Ave St. Louis MO 63113 US,,7,8,,2,0.538,,gable_family,0.399,,masonry,0.71,,,Negligible to Slight,none,0.405
1376,steer,38.6613774318,-90.2472186,4538 N Market St St. Louis MO 63113 US,,7,8,,2,0.491,,gable_family,0.423,,masonry,0.77,,,Moderate,none,0.51
1377,steer,38.6571579686,-90.2568288881,,,7,8,,2,0.644,,gable_family,0.485,,masonry,0.945,,,Moderate,none,0.435
1378,steer,38.6685467768,-90.2395350299,4453 Ashland Ave åœ£è·¯æ˜“æ–¯ MO 63115 US,,7,8,,2,0.512,,gable_family,0.418,,masonry,0.88,,,Moderate,moderate,0.4
1379,steer,38.6618837476,-90.2515032838,1805 Dick Gregory Pl St. Louis MO 63113 US,,7,8,,2,0.56,,gable_family,0.419,,masonry,0.925,,,Negligible to Slight,moderate,0.44
1380,steer,38.6573353508,-90.2568580035,,,7,8,,2,0.52,,gable_family,0.449,,masonry,0.895,,,Moderate,moderate,0.485
1381,steer,38.6599982412,-90.2534263815,,,7,8,,2,0.448,,gable_family,0.378,,masonry,0.875,,,Very Heavy,moderate,0.47
1382,steer,38.6635041585,-90.2590650097,4935 Aldine Pl åœ£è·¯æ˜“æ–¯ MO 63113 US,,7,8,,2,0.504,,gable_family,0.344,,masonry,0.785,,,Negligible to Slight,none,0.52
1383,steer,38.6644934616,-90.2496931411,4660 Cottage Ave St. Louis MO 63113 US,,7,8,,2,0.44,,gable_family,0.405,,masonry,0.855,,,Moderate,moderate,0.43
1384,steer,38.6672592252,-90.244279844,4553 Labadie Ave St. Louis MO 63115 US,,7,8,,2,0.58,,gable_family,0.463,,masonry,0.8,,,Negligible to Slight,none,0.4
1385,steer,38.660764663,-90.2518346585,1702 Dick Gregory Pl St. Louis MO 63113 US,,7,8,,2,0.64,,gable_family,0.428,,masonry,0.915,,,Negligible to Slight,moderate,0.455
1386,steer,38.6560154157,-90.2535172428,4623 Newberry Terr åœ£è·¯æ˜“æ–¯ MO 63113 US,,7,8,,2,0.622,,gable_family,0.463,,masonry,0.905,,,Very Heavy,none,0.665
1387,steer,38.6642722806,-90.2588672067,4943 Warwick Ave åœ£è·¯æ˜“æ–¯ MO 63113 US,,7,8,,2,0.731,,gable_family,0.467,,masonry,0.95,,,Moderate,moderate,0.49
1388,steer,38.6672071936,-90.2452194193,4608 Labadie Ave St. Louis MO 63115 US,,7,8,,2,0.49,,gable_family,0.449,,masonry,0.825,,,Negligible to Slight,none,0.55
1389,steer,38.6693317079,-90.2391445891,4454 Lexington Ave åœ£è·¯æ˜“æ–¯ MO 63115 US,,7,8,,2,0.625,,gable_family,0.625,,masonry,0.94,,,Moderate,none,0.47
1390,steer,38.667896608,-90.2390124633,4424 Ashland Ave åœ£è·¯æ˜“æ–¯ MO 63115 US,,7,8,,2,0.48,,gable_family,0.498,,masonry,0.87,,,Destruction,moderate,0.49
1391,steer,38.6622371412,-90.2499670701,1911 Cora Ave St. Louis MO 63113 US,,7,8,,2,0.605,,gable_family,0.515,,masonry,0.87,,,Moderate,none,0.48
1392,steer,38.6675663769,-90.2433096146,4530 Greer Ave St. Louis MO 63115 US,,6,8,,1,0.42,,gable_family,0.448,,masonry,0.89,,,Moderate,moderate,0.45
1393,steer,38.6593489627,-90.2508408663,4595 Dr Martin Luther King Dr St. Louis MO 63113 US,,7,8,,2,0.42,,gable_family,0.428,,masonry,0.79,,,Negligible to Slight,moderate,0.46
1394,steer,38.668632228,-90.239610255,4455 Ashland Ave åœ£è·¯æ˜“æ–¯ MO 63115 US,,7,8,,2,0.581,,gable_family,0.447,,masonry,0.855,,,Negligible to Slight,none,0.475
1395,steer,38.6672457987,-90.2452843896,4610 Labadie Ave St. Louis MO 63115 US,,6,8,,1,0.435,,gable_family,0.41,,masonry,0.84,,,Negligible to Slight,none,0.51
1396,steer,38.662325696,-90.249898743,1917 Cora Ave St. Louis MO 63113 US,,7,8,,2,0.635,,gable_family,0.551,,masonry,0.88,,,Negligible to Slight,none,0.58
1397,steer,38.6673291537,-90.2367882549,,,7,8,,2,0.477,,gable_family,0.377,,masonry,0.91,,,Very Heavy,moderate,0.555
1398,steer,38.6569162806,-90.2568393223,,,7,8,,2,0.584,,gable_family,0.507,,masonry,0.95,,,Moderate,moderate,0.435
1399,steer,38.6568119323,-90.2555251114,4728 Vernon Ave åœ£è·¯æ˜“æ–¯ MO 63113 US,,7,8,,2,0.6,,gable_family,0.465,,masonry,0.82,,,Moderate,none,0.48
1400,steer,38.667259061,-90.245426819,4614 Labadie Ave St. Louis MO 63115 US,,7,8,,2,0.463,,gable_family,0.498,,masonry,0.835,,,Negligible to Slight,moderate,0.43
1401,steer,38.663140184,-90.2502960469,4649 N Market St St. Louis MO 63113 US,,7,8,,2,0.417,,gable_family,0.374,,masonry,0.695,,,Destruction,moderate,0.56
1402,steer,38.6635468363,-90.2474533052,4582 Cottage Ave St. Louis MO 63113 US,,7,8,,2,0.462,,gable_family,0.394,,masonry,0.835,,,Destruction,moderate,0.41
1403,steer,38.6567648823,-90.2568791441,,,7,8,,2,0.609,,gable_family,0.427,,masonry,0.925,,,Moderate,moderate,0.555
1404,steer,38.6627201893,-90.2551804568,4807 Cote Brilliante Ave åœ£è·¯æ˜“æ–¯ MO 63113 US,,7,8,,2,0.505,,gable_family,0.507,,masonry,0.703,,,Negligible to Slight,none,0.535
1405,steer,38.6688396872,-90.2402019346,4475 Ashland Ave åœ£è·¯æ˜“æ–¯ MO 63115 US,,7,8,,2,0.623,,gable_family,0.507,,masonry,0.915,,,Moderate,moderate,0.46
1406,steer,38.6575270422,-90.2503091485,,,7,8,,2,0.507,,gable_family,0.456,,masonry,0.79,,,Substantial to Heavy,moderate,0.445
1407,steer,38.6660708269,-90.2441595776,4527 St Louis Ave St. Louis MO 63115 US,,7,8,,2,0.427,,gable_family,0.324,,masonry,0.8,,,Very Heavy,moderate,0.445
1408,steer,38.6625636185,-90.2547618221,4771 Cote Brilliante Ave åœ£è·¯æ˜“æ–¯ MO 63113 US,,7,8,,2,0.523,,gable_family,0.52,,masonry,0.755,,,Destruction,moderate,0.395
1409,steer,38.6630238244,-90.2476194739,4579 Saint Ferdinand Ave St. Louis MO 63113 US,,7,8,,2,0.515,,gable_family,0.473,,masonry,0.685,,,Destruction,moderate,0.44
1410,steer,38.6663900808,-90.2386261161,3116 N Newstead Ave åœ£è·¯æ˜“æ–¯ MO 63115 US,,7,8,,2,0.58,,gable_family,0.441,,masonry,0.885,,,Moderate,none,0.45
1411,steer,38.6567938689,-90.255188332,4716 Vernon Ave åœ£è·¯æ˜“æ–¯ MO 63113 US,,7,8,,2,0.6,,gable_family,0.452,,masonry,0.949,,,Negligible to Slight,none,0.55
1412,steer,38.6650509211,-90.2446416323,4539 Maffitt Ave St. Louis MO 63113 US,,6,8,,1,0.515,,gable_family,0.449,,masonry,0.73,,,Destruction,moderate,0.52
1413,steer,38.6659285408,-90.2367341226,3115 Clarence Ave åœ£è·¯æ˜“æ–¯ MO 63115 US,,7,8,,2,0.529,,gable_family,0.404,,masonry,0.785,,,Negligible to Slight,none,0.53
1414,steer,38.6694599582,-90.236350589,,,7,8,,2,0.577,,gable_family,0.355,,masonry,0.885,,,Moderate,none,0.45
1415,steer,38.6695554704,-90.2397484662,4474 Lexington Ave åœ£è·¯æ˜“æ–¯ MO 63115 US,,7,8,,2,0.465,,gable_family,0.478,,masonry,0.94,,,Very Heavy,moderate,0.45
1416,steer,38.6660967952,-90.2366191324,3123 Clarence Ave åœ£è·¯æ˜“æ–¯ MO 63115 US,,7,8,,2,0.627,,gable_family,0.463,,masonry,0.875,,,Negligible to Slight,none,0.625
1417,steer,38.6651655895,-90.2448884421,4547 Maffitt Ave St. Louis MO 63113 US,,7,8,,2,0.5,,gable_family,0.463,,masonry,0.79,,,Substantial to Heavy,none,0.415
1418,steer,38.662567648,-90.2513313739,4641 Leduc St St. Louis MO 63113 US,,7,8,,2,0.595,,gable_family,0.404,,masonry,0.855,,,Destruction,moderate,0.48
1419,steer,38.6678493958,-90.240715359,4467 Elmbank Ave åœ£è·¯æ˜“æ–¯ MO 63115 US,,7,8,,2,0.615,,gable_family,0.513,,masonry,0.86,,,Substantial to Heavy,none,0.58
1420,steer,38.659046418,-90.250332216,4571 Dr Martin Luther King Dr St. Louis MO 63113 US,,7,8,,2,0.591,,gable_family,0.37,,masonry,0.89,,,Moderate,none,0.475
1421,steer,38.6662047354,-90.236531434,3123 Clarence Ave åœ£è·¯æ˜“æ–¯ MO 63115 US,,7,8,,2,0.627,,gable_family,0.482,,masonry,0.79,,,Negligible to Slight,none,0.565
1422,steer,38.6628266964,-90.2471870262,4565 Saint Ferdinand Ave St. Louis MO 63113 US,,7,8,,2,0.472,,gable_family,0.484,,masonry,0.72,,,Destruction,none,0.46
1423,steer,38.6617735744,-90.2541361274,4738 Cote Brilliante Ave åœ£è·¯æ˜“æ–¯ MO 63113 US,,7,8,,2,0.595,,gable_family,0.473,,masonry,0.884,,,Substantial to Heavy,none,0.48
1424,steer,38.6558310549,-90.257265176,,,7,8,,2,0.618,,gable_family,0.507,,masonry,0.755,,,Negligible to Slight,none,0.595
1425,steer,38.6667388586,-90.2457640512,4613 St Louis Ave St. Louis MO 63115 US,,7,8,,2,0.499,,gable_family,0.428,,masonry,0.795,,,Negligible to Slight,none,0.525
1426,steer,38.6559793633,-90.2529330769,4607 Newberry Terr åœ£è·¯æ˜“æ–¯ MO 63113 US,,7,8,,2,0.675,,gable_family,0.454,,masonry,0.945,,,Negligible to Slight,none,0.57
1427,steer,38.6610091062,-90.253204557,1525 Marcus Ave åœ£è·¯æ˜“æ–¯ MO 63113 US,,7,8,,2,0.664,,gable_family,0.456,,masonry,0.935,,,Negligible to Slight,none,0.59
1428,steer,38.6648634757,-90.2480550674,4618 Kennerly Ave St. Louis MO 63113 US,,7,8,,2,0.604,,gable_family,0.478,,masonry,0.876,,,Negligible to Slight,moderate,0.465
1429,steer,38.6576129159,-90.2484408591,,,7,8,,2,0.515,,gable_family,0.357,,masonry,0.87,,,Substantial to Heavy,moderate,0.455
1430,steer,38.6670972633,-90.2341222189,4212 W Lexington Ave åœ£è·¯æ˜“æ–¯ MO 63115 US,,7,8,,2,0.509,,gable_family,0.362,,masonry,0.87,,,Substantial to Heavy,none,0.48
1431,steer,38.6664315697,-90.2460795095,4616 St Louis Ave St. Louis MO 63115 US,,6,8,,1,0.46,,gable_family,0.472,,masonry,0.815,,,Negligible to Slight,none,0.49
1432,steer,38.6626025224,-90.2466529697,4549 Saint Ferdinand Ave St. Louis MO 63113 US,,7,8,,2,0.485,,gable_family,0.364,,masonry,0.73,,,Very Heavy,moderate,0.515
1433,steer,38.6622583259,-90.2507726302,1900 Dick Gregory Pl St. Louis MO 63113 US,,7,6,,2,0.525,,complex_family,0.36,,masonry,0.915,,,Negligible to Slight,moderate,0.37
1434,steer,38.6547350731,-90.2582188433,,,7,8,,2,0.432,,gable_family,0.403,,masonry,0.87,,,Negligible to Slight,none,0.49
1435,steer,38.6594050882,-90.2497416578,4566 Aldine Ave St. Louis MO 63113 US,,7,8,,2,0.451,,gable_family,0.32,,masonry,0.88,,,Very Heavy,moderate,0.54
1436,steer,38.6609100348,-90.254416406,4729 Dr Martin Luther King Dr åœ£è·¯æ˜“æ–¯ MO 63113 US,,7,8,,2,0.44,,gable_family,0.323,,masonry,0.845,,,Substantial to Heavy,moderate,0.56
1437,steer,38.6680353829,-90.2476095752,4682 Labadie Ave St. Louis MO 63115 US,,7,8,,2,0.512,,gable_family,0.344,,masonry,0.965,,,Negligible to Slight,none,0.425
1438,steer,38.662096993,-90.2455409849,2503 N Taylor Ave St. Louis MO 63113 US,,7,8,,2,0.432,,gable_family,0.413,,masonry,0.795,,,Substantial to Heavy,moderate,0.545
1439,steer,38.6672625402,-90.2345203671,4224 W Lexington Ave åœ£è·¯æ˜“æ–¯ MO 63115 US,,7,8,,2,0.535,,gable_family,0.497,,masonry,0.855,,,Negligible to Slight,none,0.575
1440,steer,38.6566917529,-90.2537912992,4634 Vernon Ave åœ£è·¯æ˜“æ–¯ MO 63113 US,,7,8,,2,0.545,,gable_family,0.469,,masonry,0.805,,,Negligible to Slight,moderate,0.505
1441,steer,38.6673532102,-90.2497931762,4731 Maffitt Ave St. Louis MO 63113 US,,7,8,,2,0.75,,gable_family,0.564,,masonry,0.985,,,Negligible to Slight,none,0.515
1442,steer,38.6544549966,-90.2573222609,,,7,8,,2,0.568,,gable_family,0.511,,masonry,0.93,,,Moderate,none,0.48
1443,steer,38.6609969612,-90.255002393,4749 Dr Martin Luther King Dr åœ£è·¯æ˜“æ–¯ MO 63113 US,,7,8,,2,0.508,,gable_family,0.369,,masonry,0.71,,,Destruction,moderate,0.475
1444,steer,38.6666749527,-90.2353423636,4237 W Ashland Ave åœ£è·¯æ˜“æ–¯ MO 63115 US,,7,8,,2,0.523,,gable_family,0.553,,masonry,0.905,,,Negligible to Slight,none,0.5
1445,steer,38.6594323541,-90.2498338843,4568 Aldine Ave St. Louis MO 63113 US,,7,8,,2,0.605,,gable_family,0.429,,masonry,0.95,,,Destruction,none,0.445
1446,steer,38.668059335,-90.2487964795,4721 St Louis Ave St. Louis MO 63115 US,,7,8,,2,0.501,,gable_family,0.369,,masonry,0.89,,,Moderate,moderate,0.48
1447,steer,38.6615261896,-90.2457483532,2417 N Taylor Ave St. Louis MO 63113 US,,7,8,,2,0.525,,gable_family,0.418,,masonry,0.765,,,Negligible to Slight,none,0.505
1448,steer,38.6585310478,-90.2581122481,,,7,8,,2,0.542,,gable_family,0.522,,masonry,0.86,,,Negligible to Slight,none,0.49
1449,steer,38.6680036058,-90.2487081455,4715 St Louis Ave St. Louis MO 63115 US,,7,8,,2,0.641,,gable_family,0.408,,masonry,0.92,,,Moderate,none,0.46
1450,steer,38.6566191324,-90.252758521,4602 Vernon Ave åœ£è·¯æ˜“æ–¯ MO 63113 US,,7,8,,2,0.543,,gable_family,0.324,,masonry,0.93,,,Substantial to Heavy,moderate,0.475
1451,steer,38.6543652932,-90.2582593238,,,7,8,,2,0.587,,gable_family,0.498,,masonry,0.915,,,Substantial to Heavy,none,0.455
1452,steer,38.6619247872,-90.2577156709,4859 Dr Martin Luther King Dr åœ£è·¯æ˜“æ–¯ MO 63113 US,,7,8,,2,0.491,,gable_family,0.35,,masonry,0.795,,,Very Heavy,moderate,0.45
1453,steer,38.6638732087,-90.2551805656,4824 Leduc St åœ£è·¯æ˜“æ–¯ MO 63113 US,,7,8,,2,0.627,,gable_family,0.513,,masonry,0.96,,,Negligible to Slight,none,0.595
1454,steer,38.666416724,-90.234643013,4215 W Ashland Ave åœ£è·¯æ˜“æ–¯ MO 63115 US,,7,8,,2,0.56,,gable_family,0.438,,masonry,0.814,,,Negligible to Slight,none,0.59
1455,steer,38.6564273722,-90.2493354479,,,7,8,,2,0.506,,gable_family,0.504,,masonry,0.825,,,Moderate,none,0.51
1456,steer,38.6672098297,-90.2495123979,4723 Maffitt Ave St. Louis MO 63113 US,,7,8,,2,0.692,,gable_family,0.551,,masonry,0.96,,,Moderate,none,0.545
1457,steer,38.6640498027,-90.2556055501,4842 Leduc St åœ£è·¯æ˜“æ–¯ MO 63113 US,,6,8,,1,0.457,,gable_family,0.417,,masonry,0.795,,,Moderate,none,0.585
1458,steer,38.6585499065,-90.2591118299,,,7,8,,2,0.744,,gable_family,0.553,,masonry,0.975,,,Moderate,none,0.5
1459,steer,38.6702697193,-90.243445414,4619 Ashland Ave St. Louis MO 63115 US,,7,8,,2,0.542,,gable_family,0.536,,masonry,0.84,,,Negligible to Slight,none,0.525
1460,steer,38.6694345025,-90.2381398554,,,7,8,,2,0.61,,gable_family,0.513,,masonry,0.87,,,Negligible to Slight,none,0.43
1461,steer,38.6628776955,-90.2483118549,4592 Saint Ferdinand Ave St. Louis MO 63113 US,,6,8,,1,0.42,,gable_family,0.444,,masonry,0.688,,,Destruction,moderate,0.535
1462,steer,38.6678325394,-90.2493398502,4728 St Louis Ave St. Louis MO 63115 US,,7,8,,2,0.51,,gable_family,0.439,,masonry,0.745,,,Moderate,none,0.52
1463,steer,38.6533892316,-90.2583727238,,,7,8,,2,0.575,,gable_family,0.578,,masonry,0.76,,,Negligible to Slight,none,0.545
1464,steer,38.6618280312,-90.2573964459,4849 Dr Martin Luther King Dr åœ£è·¯æ˜“æ–¯ MO 63113 US,,7,8,,2,0.522,,gable_family,0.456,,masonry,0.893,,,Moderate,none,0.425
1465,steer,38.6704913873,-90.2435863331,3508 Cora Ave St. Louis MO 63115 US,,7,8,,2,0.605,,gable_family,0.508,,masonry,0.835,,,Negligible to Slight,none,0.485
1466,steer,38.6630089806,-90.2556809631,4825 Cote Brilliante Ave åœ£è·¯æ˜“æ–¯ MO 63113 US,,6,8,,1,0.46,,gable_family,0.338,,masonry,0.645,,,Negligible to Slight,none,0.5
1467,steer,38.6562403259,-90.2502213665,,,7,8,,2,0.56,,gable_family,0.454,,masonry,0.942,,,Negligible to Slight,moderate,0.44
1468,steer,38.6619505944,-90.2577637755,4861 Dr Martin Luther King Dr åœ£è·¯æ˜“æ–¯ MO 63113 US,,7,8,,2,0.429,,gable_family,0.35,,masonry,0.795,,,Very Heavy,moderate,0.46
1469,steer,38.6626627971,-90.2562681962,4830 Cote Brilliante Ave åœ£è·¯æ˜“æ–¯ MO 63113 US,,7,8,,2,0.563,,gable_family,0.418,,masonry,0.84,,,Negligible to Slight,moderate,0.43
1470,steer,38.6672317903,-90.2478748134,4672 St Louis Ave St. Louis MO 63115 US,,7,8,,2,0.46,,gable_family,0.373,,masonry,0.82,,,Moderate,moderate,0.44
1471,steer,38.6523511791,-90.2586861394,,,7,8,,2,0.685,,gable_family,0.438,,masonry,0.955,,,Negligible to Slight,none,0.485
1472,steer,38.6618588073,-90.2502040507,1825 Cora Ave St. Louis MO 63113 US,,7,8,,2,0.717,,gable_family,0.428,,masonry,0.88,,,Negligible to Slight,moderate,0.44
1473,steer,38.6668344875,-90.2470881051,4648 St Louis Ave St. Louis MO 63115 US,,7,8,,2,0.595,,gable_family,0.468,,masonry,0.825,,,Moderate,moderate,0.535
1474,steer,38.6626303676,-90.2491876009,4617 N Market St St. Louis MO 63113 US,,7,8,,2,0.435,,gable_family,0.354,,masonry,0.69,,,Destruction,moderate,0.515
1475,steer,38.6529854098,-90.2575299396,,,7,8,,2,0.635,,gable_family,0.417,,masonry,0.87,,,Negligible to Slight,none,0.5
1476,steer,38.6563210111,-90.2503703483,,,7,8,,2,0.62,,gable_family,0.512,,masonry,0.975,,,Negligible to Slight,none,0.6
1477,steer,38.661711422,-90.2503455292,1821 Cora Ave St. Louis MO 63113 US,,7,8,,2,0.691,,gable_family,0.482,,masonry,0.95,,,Negligible to Slight,none,0.495
1478,steer,38.66622874,-90.2473243346,4629 Maffitt Ave St. Louis MO 63113 US,,7,8,,2,0.527,,gable_family,0.508,,masonry,0.87,,,Moderate,moderate,0.48
1479,steer,38.6648402128,-90.258822619,4950 Cote Brilliante Ave åœ£è·¯æ˜“æ–¯ MO 63113 US,,7,8,,2,0.825,,gable_family,0.512,,masonry,0.95,,,Negligible to Slight,none,0.6
1480,steer,38.6665361028,-90.2349490499,4223 W Ashland Ave åœ£è·¯æ˜“æ–¯ MO 63115 US,,7,8,,2,0.557,,gable_family,0.495,,masonry,0.9,,,Moderate,none,0.49
1481,steer,38.6565406461,-90.2509416389,,,7,8,,2,0.615,,gable_family,0.515,,masonry,0.945,,,Negligible to Slight,none,0.62
1482,steer,38.6577880821,-90.2581771564,,,7,8,,2,0.655,,gable_family,0.589,,masonry,0.855,,,Moderate,moderate,0.48
1483,steer,38.6661473773,-90.2471862778,4625 Maffitt Ave St. Louis MO 63113 US,,7,8,,2,0.453,,gable_family,0.365,,masonry,0.645,,,Negligible to Slight,moderate,0.405
1484,steer,38.6636514874,-90.2500734395,4650 Saint Ferdinand Ave St. Louis MO 63113 US,,7,8,,2,0.528,,gable_family,0.488,,masonry,0.72,,,Moderate,none,0.53
1485,steer,38.6675027116,-90.2350431524,4242 W Lexington Ave åœ£è·¯æ˜“æ–¯ MO 63115 US,,7,8,,2,0.575,,gable_family,0.511,,masonry,0.81,,,Destruction,none,0.475
1486,steer,38.656620249,-90.2510682618,,,7,8,,2,0.559,,gable_family,0.472,,masonry,0.92,,,Negligible to Slight,none,0.665
1487,steer,38.6629088202,-90.2600839167,4949 Dr Martin Luther King Dr åœ£è·¯æ˜“æ–¯ MO 63113 US,,7,8,,2,0.483,,gable_family,0.492,,masonry,0.84,,,Moderate,none,0.525
1488,steer,38.669133937,-90.2371820829,,,7,8,,2,0.603,,gable_family,0.334,,masonry,0.95,,,Destruction,moderate,0.5
1489,steer,38.664466219,-90.2592841052,4957 Warwick Ave åœ£è·¯æ˜“æ–¯ MO 63113 US,,7,8,,2,0.592,,gable_family,0.431,,masonry,0.9,,,Negligible to Slight,none,0.505
1490,steer,38.6676991304,-90.2353502635,,,7,8,,2,0.47,,gable_family,0.394,,masonry,0.82,,,Very Heavy,none,0.45
1491,steer,38.6559576438,-90.258481847,,,7,8,,2,0.45,,gable_family,0.408,,masonry,0.845,,,Negligible to Slight,none,0.405
1492,steer,38.6637845475,-90.2587461643,4932 Warwick Ave åœ£è·¯æ˜“æ–¯ MO 63113 US,,7,8,,2,0.546,,gable_family,0.332,,masonry,0.925,,,Negligible to Slight,none,0.585
1493,steer,38.6566701691,-90.2511904656,,,7,8,,2,0.657,,gable_family,0.443,,masonry,0.925,,,Moderate,none,0.53
1494,steer,38.6694129379,-90.2376934731,,,7,8,,2,0.5,,gable_family,0.449,,masonry,0.84,,,Negligible to Slight,none,0.69
1495,steer,38.6607768853,-90.2471952933,4527 Garfield Ave St. Louis MO 63113 US,,7,8,,2,0.565,,gable_family,0.506,,masonry,0.84,,,Negligible to Slight,moderate,0.455
1496,steer,38.6713648466,-90.2430102367,3600 Cora Ave åœ£è·¯æ˜“æ–¯ MO 63115 US,,7,8,,2,0.567,,gable_family,0.452,,masonry,0.945,,,Negligible to Slight,none,0.465
1497,steer,38.6607632088,-90.2495267903,4587 Cote Brilliante Ave St. Louis MO 63113 US,,7,8,,2,0.448,,gable_family,0.338,,masonry,0.79,,,Destruction,moderate,0.415
1498,steer,38.6573740618,-90.2509254936,,,7,8,,2,0.572,,gable_family,0.556,,masonry,0.81,,,Moderate,none,0.44
1499,steer,38.6694560972,-90.2370545484,,,7,8,,2,0.469,,gable_family,0.354,,masonry,0.855,,,Negligible to Slight,none,0.53
1500,steer,38.666179065,-90.2483430302,4650 Maffitt Ave St. Louis MO 63113 US,,7,8,,2,0.51,,gable_family,0.461,,masonry,0.86,,,Substantial to Heavy,moderate,0.51
1501,steer,38.6641353725,-90.2603534591,1610 N Kingshighway Blvd åœ£è·¯æ˜“æ–¯ MO 63113 US,,7,8,,2,0.635,,gable_family,0.449,,masonry,0.94,,,Negligible to Slight,none,0.445
1502,steer,38.6653458668,-90.2481403513,4629 Kennerly Ave St. Louis MO 63113 US,,7,8,,2,0.535,,gable_family,0.483,,masonry,0.8,,,Moderate,none,0.44
1503,steer,38.669477318,-90.2375860659,,,7,8,,2,0.531,,gable_family,0.338,,masonry,0.94,,,Negligible to Slight,none,0.565
1504,steer,38.6603609797,-90.2485716276,4555 Cote Brilliante Ave St. Louis MO 63113 US,,7,8,,2,0.5,,gable_family,0.463,,masonry,0.83,,,Negligible to Slight,none,0.545
1505,steer,38.6567708698,-90.2513622954,,,7,8,,2,0.555,,gable_family,0.409,,masonry,0.915,,,Moderate,none,0.5
1506,steer,38.6649905468,-90.247311824,2701 Cora Ave St. Louis MO 63113 US,,7,8,,2,0.533,,gable_family,0.457,,masonry,0.803,,,Substantial to Heavy,moderate,0.38
1507,steer,38.6651201698,-90.2595779913,1720 N Kingshighway Blvd åœ£è·¯æ˜“æ–¯ MO 63113 US,,7,8,,2,0.63,,gable_family,0.46,,masonry,0.97,,,Negligible to Slight,moderate,0.435
1508,steer,38.6535104491,-90.2514109359,2 Lewis Pl åœ£è·¯æ˜“æ–¯ MO 63113 US,,7,8,,2,0.656,,gable_family,0.467,,masonry,0.91,,,Negligible to Slight,none,0.45
1509,steer,38.6712199008,-90.2404691626,4526 Natural Bridge Ave åœ£è·¯æ˜“æ–¯ MO 63115 US,,7,8,,2,0.562,,gable_family,0.349,,masonry,0.915,,,Negligible to Slight,none,0.505
1510,steer,38.6577995292,-90.2551093732,4674 Page Blvd åœ£è·¯æ˜“æ–¯ MO 63113 US,,7,8,,2,0.515,,gable_family,0.497,,masonry,0.775,,,Substantial to Heavy,none,0.53
1511,steer,38.6621612053,-90.2494955258,1916 Cora Ave St. Louis MO 63113 US,,7,8,,2,0.56,,gable_family,0.503,,masonry,0.87,,,Moderate,none,0.465
1512,steer,38.6604498273,-90.2473731441,4528 Garfield Ave St. Louis MO 63113 US,,7,8,,2,0.518,,gable_family,0.463,,masonry,0.86,,,Substantial to Heavy,moderate,0.43
1513,steer,38.6549932348,-90.2536449809,37 Lewis Pl åœ£è·¯æ˜“æ–¯ MO 63113 US,,7,8,,2,0.76,,gable_family,0.68,,masonry,0.955,,,Negligible to Slight,none,0.535
1514,steer,38.6569885205,-90.2519063218,,,7,8,,2,0.59,,gable_family,0.477,,masonry,0.865,,,Moderate,moderate,0.51
1515,steer,38.6654151699,-90.2465942214,4594 Maffitt Ave St. Louis MO 63113 US,,7,8,,2,0.585,,gable_family,0.511,,masonry,0.875,,,Moderate,none,0.575
1516,steer,38.6650348211,-90.2592156955,4964 Cote Brilliante Ave åœ£è·¯æ˜“æ–¯ MO 63113 US,,7,8,,2,0.583,,gable_family,0.512,,masonry,0.91,,,Moderate,none,0.605
1517,steer,38.6533057065,-90.253612233,4568 McMillan Ave åœ£è·¯æ˜“æ–¯ MO 63108 US,,7,8,,2,0.803,,gable_family,0.592,,masonry,0.9,,,Negligible to Slight,none,0.545
1518,steer,38.6653876865,-90.2464814522,4590 Maffitt Ave St. Louis MO 63113 US,,6,8,,1,0.47,,gable_family,0.433,,masonry,0.705,,,Moderate,none,0.585
1519,steer,38.6550006842,-90.2536445388,37 Lewis Pl åœ£è·¯æ˜“æ–¯ MO 63113 US,,7,8,,2,0.665,,gable_family,0.565,,masonry,0.955,,,Negligible to Slight,none,0.59
1520,steer,38.6575318217,-90.2513667358,,,7,8,,2,0.557,,gable_family,0.548,,masonry,0.815,,,Moderate,none,0.545
1521,steer,38.6644433917,-90.2566252872,1740 N Euclid Ave åœ£è·¯æ˜“æ–¯ MO 63113 US,,7,8,,2,0.695,,gable_family,0.461,,masonry,0.985,,,Moderate,none,0.465
1522,steer,38.6605541223,-90.2491914673,4575 Cote Brilliante Ave St. Louis MO 63113 US,,7,8,,2,0.51,,gable_family,0.488,,masonry,0.88,,,Negligible to Slight,none,0.52
1523,steer,38.6711708816,-90.2403893599,4524 Natural Bridge Ave åœ£è·¯æ˜“æ–¯ MO 63115 US,,7,8,,2,0.605,,gable_family,0.399,,masonry,0.94,,,Negligible to Slight,none,0.645
1524,steer,38.6562708588,-90.2560064017,4739 Newberry Terr åœ£è·¯æ˜“æ–¯ MO 63113 US,,7,8,,2,0.585,,gable_family,0.472,,masonry,0.935,,,Negligible to Slight,none,0.43
1525,steer,38.6626392808,-90.2505158454,1916 Dick Gregory Pl St. Louis MO 63113 US,,7,8,,2,0.495,,gable_family,0.409,,masonry,0.735,,,Destruction,moderate,0.5
1526,steer,38.6578943261,-90.2553329108,4680 Page Blvd åœ£è·¯æ˜“æ–¯ MO 63113 US,,7,8,,2,0.56,,gable_family,0.483,,masonry,0.82,,,Moderate,none,0.47
1527,steer,38.6644831217,-90.2461621647,4567 Kennerly Ave St. Louis MO 63113 US,,7,8,,2,0.435,,gable_family,0.449,,masonry,0.78,,,Moderate,moderate,0.45
1528,steer,38.6569257066,-90.2564123702,1158 Walton Ave åœ£è·¯æ˜“æ–¯ MO 63113 US,,7,8,,2,0.475,,gable_family,0.464,,masonry,0.94,,,Moderate,moderate,0.405
1529,steer,38.6539720933,-90.2541405955,4609 McMillan Ave åœ£è·¯æ˜“æ–¯ MO 63108 US,,7,8,,2,0.666,,gable_family,0.476,,masonry,0.92,,,Negligible to Slight,none,0.46
1530,steer,38.6650679692,-90.2459121817,4572 Maffitt Ave St. Louis MO 63113 US,,6,8,,1,0.43,,gable_family,0.344,,masonry,0.715,,,Very Heavy,moderate,0.49
1531,steer,38.6556613428,-90.2543095848,4636 Newberry Terr åœ£è·¯æ˜“æ–¯ MO 63113 US,,7,8,,2,0.76,,gable_family,0.435,,masonry,0.985,,,Moderate,none,0.51
1532,steer,38.6573646223,-90.2526851144,,,7,8,,2,0.484,,gable_family,0.416,,masonry,0.68,,,Moderate,moderate,0.44
1533,steer,38.6539925333,-90.2546670631,4623 McMillan Ave åœ£è·¯æ˜“æ–¯ MO 63108 US,,7,8,,2,0.62,,gable_family,0.56,,masonry,0.955,,,Negligible to Slight,none,0.615
1534,steer,38.6639650489,-90.2569640528,1718 N Euclid Ave åœ£è·¯æ˜“æ–¯ MO 63113 US,,7,8,,2,0.702,,gable_family,0.48,,masonry,0.95,,,Moderate,none,0.455
1535,steer,38.6556552861,-90.254624034,4644 Newberry Terr åœ£è·¯æ˜“æ–¯ MO 63113 US,,7,8,,2,0.511,,gable_family,0.492,,masonry,0.955,,,Very Heavy,none,0.525
1536,steer,38.6590330561,-90.2487688955,1522 Deer St St. Louis MO 63113 US,,7,8,,2,0.58,,gable_family,0.498,,masonry,0.86,,,Moderate,none,0.49
1537,steer,38.6545772998,-90.2543629114,50 Lewis Pl åœ£è·¯æ˜“æ–¯ MO 63113 US,,7,8,,2,0.77,,gable_family,0.531,,masonry,0.945,,,Negligible to Slight,none,0.56
1538,steer,38.6709999555,-90.2419271272,4559 Lexington Ave åœ£è·¯æ˜“æ–¯ MO 63115 US,,7,8,,2,0.425,,gable_family,0.443,,masonry,0.835,,,Substantial to Heavy,moderate,0.435
1539,steer,38.6636139568,-90.257267156,4879 Cote Brilliante Ave åœ£è·¯æ˜“æ–¯ MO 63113 US,,7,8,,2,0.528,,gable_family,0.459,,masonry,0.96,,,Moderate,none,0.455
1540,steer,38.65563085,-90.2540203532,4626 Newberry Terr åœ£è·¯æ˜“æ–¯ MO 63113 US,,7,8,,2,0.547,,gable_family,0.394,,masonry,0.935,,,Substantial to Heavy,none,0.545
1541,steer,38.6579138766,-90.2562198465,1224 Walton Ave åœ£è·¯æ˜“æ–¯ MO 63113 US,,7,8,,2,0.503,,gable_family,0.487,,masonry,0.825,,,Moderate,moderate,0.5
1542,steer,38.6545779106,-90.2545877373,52 Lewis Pl åœ£è·¯æ˜“æ–¯ MO 63113 US,,7,8,,2,0.82,,gable_family,0.616,,masonry,0.94,,,Negligible to Slight,none,0.61
1543,steer,38.6706659443,-90.2410935666,4535 Lexington Ave åœ£è·¯æ˜“æ–¯ MO 63115 US,,7,8,,2,0.56,,gable_family,0.529,,masonry,0.92,,,Moderate,moderate,0.425
1544,steer,38.6635335505,-90.2570590774,4867 Cote Brilliante Ave åœ£è·¯æ˜“æ–¯ MO 63113 US,,7,8,,2,0.55,,gable_family,0.468,,masonry,0.955,,,Moderate,none,0.565
1545,steer,38.655677815,-90.2544926619,4642 Newberry Terr åœ£è·¯æ˜“æ–¯ MO 63113 US,,7,8,,2,0.546,,gable_family,0.473,,masonry,0.91,,,Very Heavy,none,0.465
1546,steer,38.6641564478,-90.2463594409,4566 Kennerly Ave St. Louis MO 63113 US,,7,8,,2,0.518,,gable_family,0.505,,masonry,0.76,,,Very Heavy,moderate,0.51
1547,steer,38.6585862695,-90.2525278781,,,6,8,,1,0.562,,gable_family,0.443,,masonry,0.76,,,Moderate,moderate,0.415
1548,steer,38.6612473008,-90.2469921771,4528 N Market St St. Louis MO 63113 US,,7,8,,2,0.483,,gable_family,0.473,,masonry,0.81,,,Substantial to Heavy,moderate,0.53
1549,steer,38.6631629182,-90.256218782,4843 Cote Brilliante Ave åœ£è·¯æ˜“æ–¯ MO 63113 US,,7,8,,2,0.612,,gable_family,0.56,,masonry,0.795,,,Substantial to Heavy,none,0.46
1550,steer,38.667374002,-90.2368450912,,,7,8,,2,0.54,,gable_family,0.412,,masonry,0.895,,,Substantial to Heavy,moderate,0.505
1551,steer,38.6600490871,-90.2479533245,4535 Cote Brilliante Ave St. Louis MO 63113 US,,7,8,,2,0.585,,gable_family,0.492,,masonry,0.695,,,Negligible to Slight,none,0.52
1552,steer,38.6629828014,-90.2513551584,1918 Marcus Ave St. Louis MO 63113 US,,6,8,,1,0.497,,gable_family,0.394,,masonry,0.785,,,Very Heavy,moderate,0.45
1553,steer,38.6705563903,-90.2408402521,4527 Lexington Ave åœ£è·¯æ˜“æ–¯ MO 63115 US,,7,8,,2,0.49,,gable_family,0.429,,masonry,0.82,,,Destruction,none,0.585
1554,steer,38.6556178727,-90.2538393724,4622 Newberry Terr åœ£è·¯æ˜“æ–¯ MO 63113 US,,7,8,,2,0.569,,gable_family,0.409,,masonry,0.955,,,Moderate,none,0.525
1555,steer,38.6580744973,-90.2481171197,4501 Dr Martin Luther King Dr St. Louis MO 63113 US,,6,8,,1,0.53,,gable_family,0.411,,masonry,0.85,,,Negligible to Slight,moderate,0.445
1556,steer,38.6592448375,-90.2582738388,,,7,8,,2,0.632,,gable_family,0.392,,masonry,0.925,,,Moderate,none,0.42
1557,steer,38.663773541,-90.2470181227,4577 Cottage Ave St. Louis MO 63113 US,,7,8,,2,0.44,,gable_family,0.374,,masonry,0.795,,,Substantial to Heavy,none,0.455
1558,steer,38.6545996418,-90.2553273649,4708 Lewis Pl åœ£è·¯æ˜“æ–¯ MO 63113 US,,7,8,,2,0.645,,gable_family,0.553,,masonry,0.945,,,Negligible to Slight,none,0.645
1559,steer,38.6556634375,-90.2544192673,4640 Newberry Terr åœ£è·¯æ˜“æ–¯ MO 63113 US,,7,8,,2,0.655,,gable_family,0.522,,masonry,0.93,,,Very Heavy,none,0.495
1560,steer,38.6583450087,-90.254552863,,,7,8,,2,0.609,,gable_family,0.389,,masonry,0.93,,,Moderate,moderate,0.475
1561,steer,38.6611159261,-90.2553225919,4761 Dr Martin Luther King Dr åœ£è·¯æ˜“æ–¯ MO 63113 US,,7,8,,2,0.509,,gable_family,0.348,,masonry,0.925,,,Substantial to Heavy,none,0.47
1562,steer,38.654668211,-90.2560579992,4730 Lewis Pl åœ£è·¯æ˜“æ–¯ MO 63113 US,,7,8,,2,0.821,,gable_family,0.586,,masonry,0.948,,,Negligible to Slight,none,0.57
1563,steer,38.6646662911,-90.2490991572,4647 Cottage Ave St. Louis MO 63113 US,,7,8,,2,0.51,,gable_family,0.498,,masonry,0.75,,,Moderate,none,0.5
1564,steer,38.6633904482,-90.2658939869,,,7,8,,2,0.68,,gable_family,0.448,,masonry,0.91,,,Negligible to Slight,none,0.435
1565,steer,38.6612334493,-90.2556085578,4769 Dr Martin Luther King Dr åœ£è·¯æ˜“æ–¯ MO 63113 US,,7,8,,2,0.425,,gable_family,0.463,,masonry,0.79,,,Substantial to Heavy,none,0.465
1566,steer,38.6590592276,-90.2546637158,,,7,8,,2,0.622,,gable_family,0.457,,masonry,0.93,,,Moderate,moderate,0.545
1567,steer,38.6651226022,-90.2487395516,4640 Kennerly Ave St. Louis MO 63113 US,,7,8,,2,0.495,,gable_family,0.522,,masonry,0.775,,,Very Heavy,moderate,0.455
1568,steer,38.6546680817,-90.2562253074,4734 Lewis Pl åœ£è·¯æ˜“æ–¯ MO 63113 US,,7,8,,2,0.745,,gable_family,0.502,,masonry,0.913,,,Negligible to Slight,none,0.51
1569,steer,38.6628121739,-90.2663360993,,,7,8,,2,0.496,,gable_family,0.456,,masonry,0.875,,,Substantial to Heavy,moderate,0.47
1570,steer,38.6592487542,-90.2586384652,,,7,8,,2,0.577,,gable_family,0.29,,masonry,0.87,,,Negligible to Slight,none,0.43
1571,steer,38.6684172826,-90.2391807586,4439 Ashland Ave åœ£è·¯æ˜“æ–¯ MO 63115 US,,7,8,,2,0.48,,gable_family,0.453,,masonry,0.88,,,Very Heavy,none,0.475
1572,steer,38.6591641995,-90.2554267885,,,7,8,,2,0.435,,gable_family,0.388,,masonry,0.775,,,Moderate,none,0.44
1573,steer,38.6548633164,-90.2588215746,,,7,8,,2,0.759,,gable_family,0.545,,masonry,0.895,,,Negligible to Slight,none,0.6
1574,steer,38.6627710881,-90.2664126229,,,7,8,,2,0.542,,gable_family,0.46,,masonry,0.875,,,Moderate,none,0.425
1575,steer,38.6588253996,-90.2590803404,,,7,8,,2,0.772,,gable_family,0.565,,masonry,0.945,,,Negligible to Slight,none,0.47
1576,steer,38.6641542091,-90.250279276,2500 Marcus Ave St. Louis MO 63113 US,,7,8,,2,0.519,,gable_family,0.438,,masonry,0.86,,,Negligible to Slight,none,0.575
1577,steer,38.654083389,-90.255171182,4701 McMillan Ave åœ£è·¯æ˜“æ–¯ MO 63108 US,,7,8,,2,0.545,,gable_family,0.476,,masonry,0.915,,,Moderate,none,0.55
1578,steer,38.6637099131,-90.2668547584,,,7,8,,2,0.67,,gable_family,0.499,,masonry,0.83,,,Negligible to Slight,none,0.655
1579,steer,38.6596940285,-90.2558931491,,,7,8,,2,0.592,,gable_family,0.517,,masonry,0.94,,,Negligible to Slight,none,0.48
1580,steer,38.6583649853,-90.2590560365,,,7,8,,2,0.714,,gable_family,0.483,,masonry,0.935,,,Negligible to Slight,moderate,0.43
1581,steer,38.6548723205,-90.2585910494,,,7,8,,2,0.753,,gable_family,0.525,,masonry,0.96,,,Negligible to Slight,none,0.55
1582,steer,38.6693922121,-90.2393619678,4456 Lexington Ave åœ£è·¯æ˜“æ–¯ MO 63115 US,,7,8,,2,0.565,,gable_family,0.523,,masonry,0.925,,,Moderate,none,0.675
1583,steer,38.6693289342,-90.2371042452,,,7,8,,2,0.487,,gable_family,0.479,,masonry,0.815,,,Moderate,moderate,0.46
1584,steer,38.6624347697,-90.2647833867,,,7,8,,2,0.707,,gable_family,0.605,,masonry,0.95,,,Negligible to Slight,none,0.435
1585,steer,38.6684209266,-90.2383439919,,,7,8,,2,0.508,,gable_family,0.456,,masonry,0.92,,,Negligible to Slight,moderate,0.465
1586,steer,38.6541013551,-90.2554729606,4709 McMillan Ave åœ£è·¯æ˜“æ–¯ MO 63108 US,,7,8,,2,0.489,,gable_family,0.423,,masonry,0.88,,,Moderate,moderate,0.465
1587,steer,38.6630771602,-90.2647735197,,,7,8,,2,0.698,,gable_family,0.502,,masonry,0.905,,,Negligible to Slight,none,0.44
1588,steer,38.6639797431,-90.2482816596,2526 Cora Ave St. Louis MO 63113 US,,7,8,,2,0.446,,gable_family,0.375,,masonry,0.83,,,Very Heavy,moderate,0.51
1589,steer,38.6611526734,-90.2498116719,1812 Cora Ave St. Louis MO 63113 US,,7,8,,2,0.485,,gable_family,0.606,,masonry,0.78,,,Very Heavy,moderate,0.455
1590,steer,38.6694688507,-90.2395499188,4470 Lexington Ave åœ£è·¯æ˜“æ–¯ MO 63115 US,,7,8,,2,0.54,,gable_family,0.498,,masonry,0.875,,,Very Heavy,moderate,0.505
1591,steer,38.6545961849,-90.2587692271,,,7,8,,2,0.468,,gable_family,0.388,,masonry,0.9,,,Negligible to Slight,none,0.585
1592,steer,38.6561645055,-90.2584462314,,,7,8,,2,0.565,,gable_family,0.395,,masonry,0.98,,,Moderate,moderate,0.42
1593,steer,38.6689651623,-90.2384182365,,,7,8,,2,0.518,,gable_family,0.432,,masonry,0.96,,,Very Heavy,moderate,0.4
1594,steer,38.6634472262,-90.2473047296,4578 Cottage Ave St. Louis MO 63113 US,,7,8,,2,0.467,,gable_family,0.374,,masonry,0.79,,,Very Heavy,moderate,0.49
1595,steer,38.6625263065,-90.2630027356,,,7,8,,2,0.704,,gable_family,0.457,,masonry,0.895,,,Negligible to Slight,none,0.45
1596,steer,38.654101568,-90.2555796599,4711 McMillan Ave åœ£è·¯æ˜“æ–¯ MO 63108 US,,7,8,,2,0.529,,gable_family,0.457,,masonry,0.92,,,Negligible to Slight,none,0.615
1597,steer,38.6557446246,-90.2585263362,,,7,8,,2,0.513,,gable_family,0.354,,masonry,0.838,,,Moderate,moderate,0.4
1598,steer,38.6693937721,-90.2402951766,3520 N Taylor Ave åœ£è·¯æ˜“æ–¯ MO 63115 US,,7,8,,2,0.55,,gable_family,0.442,,masonry,0.918,,,Negligible to Slight,none,0.47
1599,steer,38.6687696722,-90.2385985759,,,7,8,,2,0.562,,gable_family,0.463,,masonry,0.945,,,Negligible to Slight,moderate,0.425
1600,steer,38.6624588937,-90.2628328752,,,7,8,,2,0.638,,gable_family,0.451,,masonry,0.905,,,Negligible to Slight,none,0.615
1601,steer,38.6629727098,-90.246215347,4540 Cottage Ave St. Louis MO 63113 US,,7,8,,2,0.5,,gable_family,0.373,,masonry,0.68,,,Substantial to Heavy,moderate,0.4
1602,steer,38.6543966326,-90.2598735907,,,7,6,,2,0.65,,complex_family,0.351,,masonry,0.974,,,Negligible to Slight,none,0.53
1603,steer,38.655803186,-90.2586781143,,,7,8,,2,0.705,,gable_family,0.403,,masonry,0.935,,,Substantial to Heavy,none,0.415
1604,steer,38.668270576,-90.2378530725,,,7,8,,2,0.5,,gable_family,0.407,,masonry,0.79,,,Negligible to Slight,none,0.47
1605,steer,38.6618545957,-90.2623880065,,,7,8,,2,0.587,,gable_family,0.433,,masonry,0.905,,,Negligible to Slight,moderate,0.43
1606,steer,38.6676806651,-90.2377688632,,,7,8,,2,0.489,,gable_family,0.379,,masonry,0.84,,,Negligible to Slight,moderate,0.45
1607,steer,38.6542191323,-90.2564385942,4739 McMillan Ave åœ£è·¯æ˜“æ–¯ MO 63108 US,,7,8,,2,0.455,,gable_family,0.423,,masonry,0.755,,,Substantial to Heavy,moderate,0.46
1608,steer,38.6558673672,-90.2589710461,,,7,8,,2,0.681,,gable_family,0.481,,masonry,0.96,,,Moderate,none,0.555
1609,steer,38.6620430777,-90.2631283103,,,7,8,,2,0.564,,gable_family,0.467,,masonry,0.88,,,Negligible to Slight,none,0.41
1610,steer,38.6622677659,-90.245924815,4523 Saint Ferdinand Ave St. Louis MO 63113 US,,7,8,,2,0.465,,gable_family,0.444,,masonry,0.785,,,Moderate,moderate,0.465
1611,steer,38.6756345242,-90.2349543364,,,7,8,,2,0.494,,gable_family,0.375,,masonry,0.844,,,Moderate,none,0.59
1612,steer,38.66965479,-90.2380168893,,,7,8,,2,0.498,,gable_family,0.512,,masonry,0.76,,,Very Heavy,moderate,0.475
1613,steer,38.6546844276,-90.2563125968,4738 Lewis Pl åœ£è·¯æ˜“æ–¯ MO 63113 US,,7,8,,2,0.7,,gable_family,0.522,,masonry,0.895,,,Negligible to Slight,none,0.52
1614,steer,38.6691420034,-90.2404626818,3510 N Taylor Ave åœ£è·¯æ˜“æ–¯ MO 63115 US,,7,8,,2,0.581,,gable_family,0.621,,masonry,0.925,,,Moderate,none,0.48
1615,steer,38.6748349825,-90.2329443699,,,7,8,,2,0.525,,gable_family,0.418,,masonry,0.895,,,Substantial to Heavy,none,0.425
1616,steer,38.6526814804,-90.2526631094,915 N Taylor Ave åœ£è·¯æ˜“æ–¯ MO 63108 US,,7,8,,2,0.75,,gable_family,0.451,,masonry,0.965,,,Negligible to Slight,none,0.56
1617,steer,38.6601969494,-90.2466435171,1827 N Taylor Ave St. Louis MO 63113 US,,7,8,,2,0.632,,gable_family,0.405,,masonry,0.955,,,Negligible to Slight,none,0.5
1618,steer,38.6697121862,-90.2379093955,3619 Paris Avenue St. Louis Missouri 63115 United States,,7,8,,2,0.53,,gable_family,0.474,,masonry,0.825,,,Negligible to Slight,moderate,0.455
1619,steer,38.6745009166,-90.2332930456,,,7,8,,2,0.649,,gable_family,0.439,,masonry,0.905,,,Negligible to Slight,none,0.635
1620,steer,38.6546945433,-90.2568450486,4752 Lewis Pl åœ£è·¯æ˜“æ–¯ MO 63113 US,,7,8,,2,0.715,,gable_family,0.481,,masonry,0.96,,,Negligible to Slight,none,0.695
1621,steer,38.6607100254,-90.2481127834,4550 Garfield Ave St. Louis MO 63113 US,,7,8,,2,0.592,,gable_family,0.379,,masonry,0.865,,,Very Heavy,none,0.57
1622,steer,38.6621173978,-90.246497594,4534 Saint Ferdinand Ave St. Louis MO 63113 US,,6,8,,1,0.46,,gable_family,0.394,,masonry,0.705,,,Moderate,moderate,0.51
1623,steer,38.6700937164,-90.2377090918,4434 Natural Bridge Avenue St. Louis Missouri 63115 United States,,14,8,,2,0.435,,flat,0.358,,masonry,0.785,,,Very Heavy,moderate,0.42
1624,steer,38.6748579134,-90.2341953031,,,7,8,,2,0.477,,gable_family,0.428,,masonry,0.8,,,Moderate,moderate,0.44
1625,steer,38.6558998485,-90.2591722874,,,7,8,,2,0.724,,gable_family,0.547,,masonry,0.945,,,Moderate,none,0.465
1626,steer,38.664125486,-90.2557876581,4846 Leduc St åœ£è·¯æ˜“æ–¯ MO 63113 US,,7,8,,2,0.539,,gable_family,0.579,,masonry,0.845,,,Substantial to Heavy,moderate,0.455
1627,steer,38.6524616146,-90.2590991738,,,7,8,,2,0.624,,gable_family,0.438,,masonry,0.93,,,Negligible to Slight,none,0.435
1628,steer,38.662661342,-90.2658724963,,,7,8,,2,0.642,,gable_family,0.455,,masonry,0.895,,,Negligible to Slight,none,0.515
1629,steer,38.6747755053,-90.2340194059,,,7,8,,2,0.498,,gable_family,0.458,,masonry,0.85,,,Moderate,none,0.48
1630,steer,38.6559421436,-90.2593775836,,,7,8,,2,0.715,,gable_family,0.476,,masonry,0.895,,,Negligible to Slight,none,0.5
1631,steer,38.6629350254,-90.2484864458,4600 Saint Ferdinand Ave St. Louis MO 63113 US,,7,8,,2,0.478,,gable_family,0.407,,masonry,0.665,,,Negligible to Slight,none,0.435
1632,steer,38.6516974152,-90.2609413715,,,7,6,,2,0.416,,complex_family,0.315,,masonry,0.92,,,Negligible to Slight,moderate,0.46
1633,steer,38.6747052652,-90.2338067708,,,7,8,,2,0.462,,gable_family,0.388,,masonry,0.91,,,Moderate,moderate,0.44
1634,steer,38.6629970839,-90.2674641015,,,7,8,,2,0.692,,gable_family,0.497,,masonry,0.88,,,Negligible to Slight,none,0.56
1635,steer,38.6542441556,-90.2529039938,22 Lewis Pl åœ£è·¯æ˜“æ–¯ MO 63113 US,,7,8,,2,0.735,,gable_family,0.497,,masonry,0.88,,,Substantial to Heavy,none,0.495
1636,steer,38.6681406155,-90.2356804096,,,7,8,,2,0.55,,gable_family,0.409,,masonry,0.875,,,Substantial to Heavy,moderate,0.475
1637,steer,38.6557438318,-90.2554953631,4718 Newberry Terr åœ£è·¯æ˜“æ–¯ MO 63113 US,,7,8,,2,0.643,,gable_family,0.492,,masonry,0.955,,,Substantial to Heavy,moderate,0.465
1638,steer,38.653977877,-90.2542976571,4611 McMillan Ave åœ£è·¯æ˜“æ–¯ MO 63108 US,,7,8,,2,0.721,,gable_family,0.48,,masonry,0.955,,,Negligible to Slight,none,0.53
1639,steer,38.6623384253,-90.2639563173,,,7,8,,2,0.567,,gable_family,0.363,,masonry,0.91,,,Negligible to Slight,moderate,0.485
1640,steer,38.6746132094,-90.2336765176,,,7,8,,2,0.423,,gable_family,0.488,,masonry,0.925,,,Moderate,none,0.415
1641,steer,38.6591414914,-90.2482386897,4525 Aldine Ave St. Louis MO 63113 US,,7,8,,2,0.639,,gable_family,0.499,,masonry,0.925,,,Substantial to Heavy,moderate,0.43
1642,steer,38.660308246,-90.2459935315,1912 N Taylor Ave St. Louis MO 63113 US,,7,8,,2,0.585,,gable_family,0.402,,masonry,0.96,,,Negligible to Slight,none,0.525
1643,steer,38.6632790679,-90.2686048071,,,7,8,,2,0.653,,gable_family,0.423,,masonry,0.855,,,Moderate,moderate,0.45
1644,steer,38.6630716704,-90.2570261206,4860 Cote Brilliante Ave åœ£è·¯æ˜“æ–¯ MO 63113 US,,7,8,,2,0.603,,gable_family,0.532,,masonry,0.91,,,Negligible to Slight,none,0.5
1645,steer,38.6557124141,-90.2550128343,4704 Newberry Terr åœ£è·¯æ˜“æ–¯ MO 63113 US,,7,8,,2,0.536,,gable_family,0.479,,masonry,0.905,,,Substantial to Heavy,moderate,0.44
1646,steer,38.6741483462,-90.2349744101,,,7,8,,2,0.504,,gable_family,0.448,,masonry,0.74,,,Destruction,moderate,0.545
1647,steer,38.6621718883,-90.2697384609,,,7,8,,2,0.738,,gable_family,0.492,,masonry,0.99,,,Negligible to Slight,none,0.595
1648,steer,38.6545757541,-90.2547481486,54 Lewis Pl åœ£è·¯æ˜“æ–¯ MO 63113 US,,7,8,,2,0.699,,gable_family,0.576,,masonry,0.915,,,Negligible to Slight,none,0.64
1649,steer,38.6636128277,-90.2591538603,4939 Aldine Pl åœ£è·¯æ˜“æ–¯ MO 63113 US,,7,8,,2,0.465,,gable_family,0.42,,masonry,0.76,,,Negligible to Slight,none,0.445
1650,steer,38.6520397037,-90.259414234,,,7,8,,2,0.605,,gable_family,0.471,,masonry,0.98,,,Negligible to Slight,none,0.435
1651,steer,38.6630188518,-90.2693026274,,,7,8,,2,0.525,,gable_family,0.472,,masonry,0.865,,,Negligible to Slight,none,0.575
1652,steer,38.6634287021,-90.2495676425,4636 Saint Ferdinand Ave St. Louis MO 63113 US,,7,8,,2,0.56,,gable_family,0.497,,masonry,0.655,,,Negligible to Slight,none,0.51
1653,steer,38.6749114928,-90.2343727268,,,7,8,,2,0.524,,gable_family,0.404,,masonry,0.775,,,Moderate,none,0.465
1654,steer,38.654582097,-90.2550839726,4702 Lewis Pl åœ£è·¯æ˜“æ–¯ MO 63113 US,,7,8,,2,0.704,,gable_family,0.507,,masonry,0.895,,,Negligible to Slight,none,0.47
1655,steer,38.6528983643,-90.2615330458,,,7,8,,2,0.795,,gable_family,0.681,,masonry,0.935,,,Destruction,none,0.46
1656,steer,38.6548374776,-90.2591336391,,,7,8,,2,0.745,,gable_family,0.497,,masonry,0.93,,,Moderate,none,0.585
1657,steer,38.6643930336,-90.2590759464,4955 Warwick Ave åœ£è·¯æ˜“æ–¯ MO 63113 US,,7,8,,2,0.665,,gable_family,0.497,,masonry,0.845,,,Negligible to Slight,none,0.5
1658,steer,38.6629932163,-90.2691938508,,,7,8,,2,0.62,,gable_family,0.518,,masonry,0.745,,,Negligible to Slight,none,0.57
1659,steer,38.6751204453,-90.2348723148,,,7,8,,2,0.615,,gable_family,0.452,,masonry,0.91,,,Moderate,none,0.43
1660,steer,38.6528358731,-90.26070754,,,7,8,,2,0.59,,gable_family,0.404,,masonry,0.85,,,Negligible to Slight,moderate,0.465
1661,steer,38.6527289641,-90.2599636682,,,7,8,,2,0.582,,gable_family,0.412,,masonry,0.945,,,Negligible to Slight,moderate,0.51
1662,steer,38.6625690947,-90.2673731629,,,7,8,,2,0.698,,gable_family,0.633,,masonry,0.885,,,Negligible to Slight,none,0.54
1663,steer,38.6644227365,-90.2591992447,4955 Warwick Ave åœ£è·¯æ˜“æ–¯ MO 63113 US,,7,8,,2,0.61,,gable_family,0.411,,masonry,0.925,,,Negligible to Slight,none,0.465
1664,steer,38.6625389045,-90.2671528549,,,7,8,,2,0.648,,gable_family,0.595,,masonry,0.88,,,Negligible to Slight,none,0.525
1665,steer,38.6528047033,-90.259960932,,,7,8,,2,0.627,,gable_family,0.404,,masonry,0.955,,,Negligible to Slight,moderate,0.485
1666,steer,38.6638970231,-90.2505920108,4668 Saint Ferdinand Ave St. Louis MO 63113 US,,7,8,,2,0.525,,gable_family,0.503,,masonry,0.87,,,Destruction,moderate,0.475
1667,steer,38.6636043184,-90.2582670214,4916 Warwick Ave åœ£è·¯æ˜“æ–¯ MO 63113 US,,7,8,,2,0.453,,gable_family,0.315,,masonry,0.93,,,Negligible to Slight,none,0.53
1668,steer,38.6625097693,-90.2670578237,,,7,8,,2,0.572,,gable_family,0.437,,masonry,0.755,,,Negligible to Slight,none,0.45
1669,steer,38.6686184352,-90.2363855773,,,7,8,,2,0.53,,gable_family,0.364,,masonry,0.86,,,Negligible to Slight,none,0.47
1670,steer,38.6600891168,-90.2490213067,4558 Cote Brilliante Ave St. Louis MO 63113 US,,7,8,,2,0.545,,gable_family,0.546,,masonry,0.82,,,Substantial to Heavy,moderate,0.47
1671,steer,38.6626796335,-90.2678185347,,,7,8,,2,0.62,,gable_family,0.53,,masonry,0.84,,,Negligible to Slight,none,0.47
1672,steer,38.6752053011,-90.2350398095,,,7,8,,2,0.528,,gable_family,0.457,,masonry,0.9,,,Moderate,moderate,0.48
1673,steer,38.6633527997,-90.2493917117,4630 Saint Ferdinand Ave St. Louis MO 63113 US,,7,8,,2,0.44,,gable_family,0.444,,masonry,0.71,,,Moderate,none,0.47
1674,steer,38.6693169499,-90.2361050002,,,14,8,,2,0.415,,flat,0.371,,masonry,0.895,,,Substantial to Heavy,moderate,0.485
1675,steer,38.675333921,-90.2352553884,,,7,8,,2,0.498,,gable_family,0.379,,masonry,0.825,,,Substantial to Heavy,none,0.415
1676,steer,38.652661253,-90.2606811595,,,7,8,,2,0.656,,gable_family,0.45,,masonry,0.965,,,Substantial to Heavy,none,0.695
1677,steer,38.6632790091,-90.2585536495,4917 Aldine Pl åœ£è·¯æ˜“æ–¯ MO 63113 US,,7,8,,2,0.585,,gable_family,0.533,,masonry,0.81,,,Moderate,none,0.52
1678,steer,38.6598015235,-90.2497070404,4573 Aldine Ave St. Louis MO 63113 US,,7,8,,2,0.544,,gable_family,0.371,,masonry,0.93,,,Substantial to Heavy,moderate,0.535
1679,steer,38.661759569,-90.267046332,,,7,8,,2,0.698,,gable_family,0.616,,masonry,0.945,,,Negligible to Slight,none,0.54
1680,steer,38.6608058192,-90.2472986699,4531 Garfield Ave St. Louis MO 63113 US,,7,8,,2,0.587,,gable_family,0.529,,masonry,0.835,,,Moderate,moderate,0.5
1681,steer,38.6752851507,-90.2358288357,,,7,8,,2,0.489,,gable_family,0.51,,masonry,0.87,,,Negligible to Slight,moderate,0.415
1682,steer,38.6529154952,-90.260649408,,,7,6,,2,0.515,,complex_family,0.381,,masonry,0.905,,,Negligible to Slight,none,0.445
1683,steer,38.6624134347,-90.2664849257,,,7,8,,2,0.651,,gable_family,0.473,,masonry,0.86,,,Negligible to Slight,moderate,0.44
1684,steer,38.6717571268,-90.2368266327,,,7,8,,2,0.525,,gable_family,0.392,,masonry,0.9,,,Moderate,moderate,0.425
1685,steer,38.6615163448,-90.2523539077,1708 Marcus Ave St. Louis MO 63113 US,,7,8,,2,0.535,,gable_family,0.478,,masonry,0.84,,,Negligible to Slight,moderate,0.47
1686,steer,38.6608409079,-90.2473906733,4533 Garfield Ave St. Louis MO 63113 US,,7,8,,2,0.65,,gable_family,0.411,,masonry,0.88,,,Negligible to Slight,none,0.555
1687,steer,38.6623659588,-90.2663126227,,,7,8,,2,0.737,,gable_family,0.487,,masonry,0.87,,,Negligible to Slight,none,0.425
1688,steer,38.6529851046,-90.2599381767,,,7,8,,2,0.645,,gable_family,0.497,,masonry,0.925,,,Moderate,none,0.43
1689,steer,38.6723659127,-90.2361461531,,,7,8,,2,0.583,,gable_family,0.477,,masonry,0.935,,,Moderate,moderate,0.405
1690,steer,38.6619550473,-90.2681914755,,,7,8,,2,0.555,,gable_family,0.508,,masonry,0.89,,,Negligible to Slight,none,0.565
1691,steer,38.6634656292,-90.2588846922,4931 Aldine Pl åœ£è·¯æ˜“æ–¯ MO 63113 US,,7,8,,2,0.56,,gable_family,0.378,,masonry,0.725,,,Negligible to Slight,moderate,0.455
1692,steer,38.6610286914,-90.2524205442,4641 Aldine Ave St. Louis MO 63113 US,,7,8,,2,0.525,,gable_family,0.408,,masonry,0.879,,,Very Heavy,moderate,0.495
1693,steer,38.6643324098,-90.2589822914,4951 Warwick Ave åœ£è·¯æ˜“æ–¯ MO 63113 US,,7,8,,2,0.627,,gable_family,0.464,,masonry,0.9,,,Moderate,none,0.51
1694,steer,38.6724039709,-90.2362983452,,,7,8,,2,0.543,,gable_family,0.438,,masonry,0.925,,,Substantial to Heavy,moderate,0.445
1695,steer,38.659877781,-90.2468853972,1813 N Taylor Ave St. Louis MO 63113 US,,7,8,,2,0.59,,gable_family,0.471,,masonry,0.925,,,Destruction,moderate,0.455
1696,steer,38.6540259571,-90.2612974037,,,7,8,,2,0.525,,gable_family,0.389,,masonry,0.86,,,Moderate,moderate,0.43
1697,steer,38.6703096165,-90.2383138478,,,7,8,,2,0.467,,gable_family,0.384,,masonry,0.829,,,Negligible to Slight,none,0.555
1698,steer,38.6623966209,-90.2498580801,1919 Cora Ave St. Louis MO 63113 US,,7,8,,2,0.576,,gable_family,0.404,,masonry,0.888,,,Very Heavy,moderate,0.515
1699,steer,38.6727165147,-90.2369616203,,,7,8,,2,0.641,,gable_family,0.453,,masonry,0.91,,,Negligible to Slight,none,0.555
1700,steer,38.6526296967,-90.2590657247,,,7,8,,2,0.65,,gable_family,0.523,,masonry,0.925,,,Negligible to Slight,none,0.455
1701,steer,38.6670536521,-90.2465211732,4641 St Louis Ave St. Louis MO 63115 US,,7,8,,2,0.55,,gable_family,0.517,,masonry,0.82,,,Negligible to Slight,moderate,0.4
1702,steer,38.6626411898,-90.2677079803,,,7,8,,2,0.613,,gable_family,0.397,,masonry,0.85,,,Negligible to Slight,none,0.57
1703,steer,38.6643573184,-90.2566769845,1738 N Euclid Ave åœ£è·¯æ˜“æ–¯ MO 63113 US,,7,8,,2,0.655,,gable_family,0.58,,masonry,0.915,,,Moderate,none,0.435
1704,steer,38.6553051978,-90.2564830721,4745 Lewis Pl åœ£è·¯æ˜“æ–¯ MO 63113 US,,7,8,,2,0.676,,gable_family,0.575,,masonry,0.87,,,Negligible to Slight,none,0.59
1705,steer,38.6611114893,-90.2507930167,1731 Cora Ave St. Louis MO 63113 US,,7,8,,2,0.688,,gable_family,0.409,,masonry,0.923,,,Moderate,moderate,0.435
1706,steer,38.6620847589,-90.2650778324,,,7,8,,2,0.632,,gable_family,0.517,,masonry,0.9,,,Negligible to Slight,none,0.465
1707,steer,38.6719429791,-90.2374441411,,,7,8,,2,0.578,,gable_family,0.53,,masonry,0.925,,,Moderate,moderate,0.415
1708,steer,38.6642125822,-90.2568297083,1730 N Euclid Ave åœ£è·¯æ˜“æ–¯ MO 63113 US,,7,8,,2,0.61,,gable_family,0.534,,masonry,0.93,,,Moderate,moderate,0.5
1709,steer,38.6551969745,-90.2555047069,4715 Lewis Pl åœ£è·¯æ˜“æ–¯ MO 63113 US,,7,8,,2,0.799,,gable_family,0.613,,masonry,0.905,,,Negligible to Slight,moderate,0.445
1710,steer,38.665417278,-90.2438572339,4526 St Louis Ave St. Louis MO 63115 US,,7,8,,2,0.517,,gable_family,0.382,,masonry,0.855,,,Substantial to Heavy,moderate,0.47
1711,steer,38.661436749800004,-90.2650605638,,,7,8,,2,0.712,,gable_family,0.562,,masonry,0.885,,,Moderate,none,0.525
1712,steer,38.6720964774,-90.2377652975,,,7,8,,2,0.6,,gable_family,0.413,,masonry,0.935,,,Negligible to Slight,none,0.595
1713,steer,38.666753822,-90.2453807232,4601 St Louis Ave St. Louis MO 63115 US,,7,8,,2,0.474,,gable_family,0.497,,masonry,0.815,,,Negligible to Slight,none,0.57
1714,steer,38.661293668,-90.264095544,,,7,8,,2,0.575,,gable_family,0.552,,masonry,0.845,,,Negligible to Slight,none,0.56
1715,steer,38.6693076433,-90.2362344195,,,14,8,,2,0.428,,flat,0.34,,masonry,0.9,,,Substantial to Heavy,moderate,0.47
1716,steer,38.6557743108,-90.2559763075,4730 Newberry Terr åœ£è·¯æ˜“æ–¯ MO 63113 US,,7,8,,2,0.549,,gable_family,0.503,,masonry,0.808,,,Moderate,moderate,0.43
1717,steer,38.6722253263,-90.2381019318,,,7,8,,2,0.66,,gable_family,0.561,,masonry,0.91,,,Negligible to Slight,none,0.62
1718,steer,38.6605952382,-90.2519688113,1528 Dick Gregory Pl St. Louis MO 63113 US,,7,8,,2,0.647,,gable_family,0.418,,masonry,0.95,,,Negligible to Slight,none,0.675
1719,steer,38.6627777201,-90.2509083761,1915 Dick Gregory Pl St. Louis MO 63113 US,,7,8,,2,0.495,,gable_family,0.406,,masonry,0.75,,,Negligible to Slight,none,0.62
1720,steer,38.6527398412,-90.2615495182,,,7,8,,2,0.854,,gable_family,0.496,,masonry,0.97,,,Negligible to Slight,none,0.48
1721,steer,38.6722789358,-90.2383432618,,,7,8,,2,0.62,,gable_family,0.635,,masonry,0.875,,,Negligible to Slight,none,0.465
1722,steer,38.6615449826,-90.262600169,,,7,8,,2,0.676,,gable_family,0.459,,masonry,0.875,,,Negligible to Slight,moderate,0.46
1723,steer,38.6624984265,-90.2558407128,4818 Cote Brilliante Ave åœ£è·¯æ˜“æ–¯ MO 63113 US,,7,8,,2,0.556,,gable_family,0.408,,masonry,0.775,,,Moderate,none,0.42
1724,steer,38.6545703784,-90.2612971185,,,7,8,,2,0.523,,gable_family,0.464,,masonry,0.9,,,Moderate,none,0.43
1725,steer,38.6724896486,-90.2387153832,,,7,8,,2,0.689,,gable_family,0.534,,masonry,0.93,,,Negligible to Slight,none,0.62
1726,steer,38.6624482904,-90.2556601186,4812 Cote Brilliante Ave åœ£è·¯æ˜“æ–¯ MO 63113 US,,7,8,,2,0.451,,gable_family,0.429,,masonry,0.715,,,Moderate,none,0.47
1727,steer,38.6550577259,-90.2541630646,4627 Lewis Pl åœ£è·¯æ˜“æ–¯ MO 63113 US,,7,8,,2,0.715,,gable_family,0.555,,masonry,0.965,,,Negligible to Slight,none,0.53
1728,steer,38.6704383937,-90.2387026521,,,7,8,,2,0.457,,gable_family,0.32,,masonry,0.885,,,Negligible to Slight,none,0.475
1729,steer,38.6626076139,-90.2514220284,4645 Leduc St St. Louis MO 63113 US,,7,8,,2,0.565,,gable_family,0.46,,masonry,0.88,,,Destruction,moderate,0.495
1730,steer,38.6618723338,-90.2520957653,4649 Cote Brilliante Ave St. Louis MO 63113 US,,7,8,,2,0.623,,gable_family,0.526,,masonry,0.86,,,Negligible to Slight,none,0.485
1731,steer,38.6525768918,-90.2606483126,,,7,8,,2,0.554,,gable_family,0.379,,masonry,0.95,,,Negligible to Slight,none,0.475
1732,steer,38.6729509084,-90.2383659453,,,7,8,,2,0.614,,gable_family,0.42,,masonry,0.92,,,Moderate,none,0.405
1733,steer,38.6621945384,-90.2551766204,4772 Cote Brilliante Ave åœ£è·¯æ˜“æ–¯ MO 63113 US,,7,8,,2,0.575,,gable_family,0.448,,masonry,0.74,,,Negligible to Slight,none,0.445
1734,steer,38.6544747657,-90.2609677684,,,7,8,,2,0.642,,gable_family,0.529,,masonry,0.94,,,Moderate,moderate,0.45
1735,steer,38.661599298,-90.2710748944,,,7,8,,2,0.731,,gable_family,0.682,,masonry,0.895,,,Negligible to Slight,moderate,0.505
1736,steer,38.6550206258,-90.2537943364,39 Lewis Pl åœ£è·¯æ˜“æ–¯ MO 63113 US,,7,8,,2,0.685,,gable_family,0.526,,masonry,0.915,,,Negligible to Slight,none,0.565
1737,steer,38.6733617388,-90.2385235829,,,7,8,,2,0.623,,gable_family,0.469,,masonry,0.88,,,Moderate,none,0.485
1738,steer,38.6659849705,-90.2433404747,2915 N Taylor Ave St. Louis MO 63115 US,,7,8,,2,0.608,,gable_family,0.486,,masonry,0.925,,,Moderate,none,0.565
1739,steer,38.6524973353,-90.260715532,,,7,8,,2,0.469,,gable_family,0.313,,masonry,0.92,,,Moderate,moderate,0.44
1740,steer,38.6618384263,-90.2544779025,4748 Cote Brilliante Ave åœ£è·¯æ˜“æ–¯ MO 63113 US,,7,8,,2,0.488,,gable_family,0.452,,masonry,0.745,,,Substantial to Heavy,moderate,0.52
1741,steer,38.6613676531,-90.2713107977,,,7,8,,2,0.53,,gable_family,0.374,,masonry,0.895,,,Negligible to Slight,none,0.63
1742,steer,38.6657610639,-90.2434442896,2905 N Taylor Ave St. Louis MO 63115 US,,7,8,,2,0.53,,gable_family,0.403,,masonry,0.815,,,Moderate,moderate,0.54
1743,steer,38.6729278383,-90.239792365,,,7,8,,2,0.534,,gable_family,0.397,,masonry,0.908,,,Negligible to Slight,none,0.525
1744,steer,38.6597754053,-90.249607363,4567 Aldine Ave St. Louis MO 63113 US,,7,8,,2,0.586,,gable_family,0.424,,masonry,0.97,,,Negligible to Slight,none,0.46
1745,steer,38.6616771558,-90.2538321338,4728 Cote Brilliante Ave åœ£è·¯æ˜“æ–¯ MO 63113 US,,7,8,,2,0.515,,gable_family,0.469,,masonry,0.725,,,Negligible to Slight,none,0.57
1746,steer,38.6610647351,-90.2709790083,,,7,8,,2,0.535,,gable_family,0.438,,masonry,0.875,,,Negligible to Slight,none,0.43
1747,steer,38.6653278883,-90.2436931228,4516 St Louis Ave St. Louis MO 63115 US,,7,8,,2,0.586,,gable_family,0.377,,masonry,0.885,,,Destruction,none,0.465
1748,steer,38.6530746464,-90.260606396,,,7,8,,2,0.685,,gable_family,0.422,,masonry,0.91,,,Moderate,none,0.53
1749,steer,38.6729708193,-90.2399699841,,,7,8,,2,0.549,,gable_family,0.398,,masonry,0.89,,,Moderate,moderate,0.445
1750,steer,38.6687700749,-90.2369839649,,,7,8,,2,0.64,,gable_family,0.477,,masonry,0.915,,,Moderate,moderate,0.435
1751,steer,38.6610417195,-90.2707543613,,,7,8,,2,0.555,,gable_family,0.492,,masonry,0.905,,,Negligible to Slight,none,0.455
1752,steer,38.665697718,-90.2435123418,2903 N Taylor Ave St. Louis MO 63115 US,,7,8,,2,0.558,,gable_family,0.303,,masonry,0.865,,,Moderate,moderate,0.415
1753,steer,38.6733824898,-90.2400095712,,,7,8,,2,0.58,,gable_family,0.443,,masonry,0.915,,,Moderate,none,0.51
1754,steer,38.6615555117,-90.2536303842,4720 Cote Brilliante Ave åœ£è·¯æ˜“æ–¯ MO 63113 US,,7,8,,2,0.575,,gable_family,0.413,,masonry,0.7,,,Negligible to Slight,none,0.44
1755,steer,38.6610334245,-90.2706457408,,,7,8,,2,0.712,,gable_family,0.605,,masonry,0.935,,,Negligible to Slight,none,0.47
1756,steer,38.6652255603,-90.2450027318,4553 Maffitt Ave St. Louis MO 63113 US,,6,8,,1,0.481,,gable_family,0.444,,masonry,0.82,,,Substantial to Heavy,none,0.545
1757,steer,38.6552227981,-90.2558661062,4727 Lewis Pl åœ£è·¯æ˜“æ–¯ MO 63113 US,,7,8,,2,0.748,,gable_family,0.69,,masonry,0.855,,,Negligible to Slight,none,0.535
1758,steer,38.6612614584,-90.2530394512,1535 Marcus Ave åœ£è·¯æ˜“æ–¯ MO 63113 US,,7,8,,2,0.485,,gable_family,0.468,,masonry,0.755,,,Destruction,moderate,0.53
1759,steer,38.6617176633,-90.2697411239,,,7,8,,2,0.745,,gable_family,0.611,,masonry,0.925,,,Negligible to Slight,none,0.445
1760,steer,38.6731514021,-90.2402340621,,,7,8,,2,0.55,,gable_family,0.458,,masonry,0.9,,,Negligible to Slight,none,0.45
1761,steer,38.6536698992,-90.260439643,,,7,8,,2,0.684,,gable_family,0.427,,masonry,0.96,,,Negligible to Slight,none,0.575
1762,steer,38.665296156,-90.2451671918,4557 Maffitt Ave St. Louis MO 63113 US,,6,8,,1,0.495,,gable_family,0.467,,masonry,0.72,,,Very Heavy,moderate,0.465
1763,steer,38.6611802232,-90.2531849624,1533 Marcus Ave åœ£è·¯æ˜“æ–¯ MO 63113 US,,7,8,,2,0.457,,gable_family,0.464,,masonry,0.678,,,Destruction,moderate,0.505
1764,steer,38.6614343599,-90.2678744575,,,7,8,,2,0.628,,gable_family,0.552,,masonry,0.935,,,Negligible to Slight,none,0.54
1765,steer,38.6537409243,-90.2604339701,,,7,8,,2,0.603,,gable_family,0.402,,masonry,0.945,,,Moderate,none,0.54
1766,steer,38.6660353989,-90.2452421091,4570 St Louis Ave St. Louis MO 63115 US,,7,8,,2,0.433,,gable_family,0.399,,masonry,0.85,,,Very Heavy,moderate,0.52
1767,steer,38.6532221652,-90.261457488,,,7,8,,2,0.697,,gable_family,0.56,,masonry,0.975,,,Moderate,moderate,0.42
1768,steer,38.6723423573,-90.2407982794,,,7,8,,2,0.525,,gable_family,0.437,,masonry,0.92,,,Moderate,none,0.495
1769,steer,38.6620644489,-90.2509436357,1822 Dick Gregory Pl St. Louis MO 63113 US,,7,8,,2,0.676,,gable_family,0.401,,masonry,0.93,,,Negligible to Slight,none,0.52
1770,steer,38.6664873787,-90.2451848867,4559 St Louis Ave St. Louis MO 63115 US,,7,8,,2,0.453,,gable_family,0.359,,masonry,0.875,,,Moderate,moderate,0.43
1771,steer,38.6613848565,-90.2673920964,,,7,8,,2,0.69,,gable_family,0.462,,masonry,0.955,,,Negligible to Slight,none,0.59
1772,steer,38.6671084245,-90.2466319153,4643 St Louis Ave St. Louis MO 63115 US,,7,8,,2,0.602,,gable_family,0.514,,masonry,0.93,,,Negligible to Slight,none,0.45
1773,steer,38.672094276,-90.2410865315,,,7,8,,2,0.505,,gable_family,0.403,,masonry,0.805,,,Substantial to Heavy,none,0.48
1774,steer,38.6619847554,-90.2509558323,1820 Dick Gregory Pl St. Louis MO 63113 US,,7,8,,2,0.725,,gable_family,0.452,,masonry,0.945,,,Negligible to Slight,none,0.57
1775,steer,38.6665431136,-90.2463597566,4626 St Louis Ave St. Louis MO 63115 US,,6,8,,1,0.5,,gable_family,0.438,,masonry,0.68,,,Substantial to Heavy,none,0.465
1776,steer,38.6606734152,-90.2670664019,,,7,8,,2,0.66,,gable_family,0.451,,masonry,0.945,,,Negligible to Slight,none,0.545
1777,steer,38.6676081966,-90.2461180967,4638 Labadie Ave St. Louis MO 63115 US,,7,8,,2,0.632,,gable_family,0.473,,masonry,0.905,,,Negligible to Slight,moderate,0.46
1778,steer,38.6607980127,-90.2534127929,1517 Marcus Ave åœ£è·¯æ˜“æ–¯ MO 63113 US,,7,8,,2,0.61,,gable_family,0.441,,masonry,0.92,,,Substantial to Heavy,moderate,0.535
1779,steer,38.6715150574,-90.2396134352,,,7,8,,2,0.567,,gable_family,0.483,,masonry,0.93,,,Substantial to Heavy,moderate,0.465
1780,steer,38.6678984698,-90.2495301899,4734 St Louis Ave St. Louis MO 63115 US,,7,8,,2,0.502,,gable_family,0.422,,masonry,0.7,,,Substantial to Heavy,moderate,0.45
1781,steer,38.6678456939,-90.2466271973,4654 Labadie Ave St. Louis MO 63115 US,,7,8,,2,0.505,,gable_family,0.329,,masonry,0.825,,,Substantial to Heavy,moderate,0.525
1782,steer,38.6607364683,-90.2665869696,,,7,8,,2,0.5,,gable_family,0.43,,masonry,0.845,,,Moderate,none,0.51
1783,steer,38.6607797523,-90.2540949298,4723 Dr Martin Luther King Dr åœ£è·¯æ˜“æ–¯ MO 63113 US,,7,8,,2,0.525,,gable_family,0.384,,masonry,0.94,,,Negligible to Slight,none,0.49
1784,steer,38.6677881346,-90.2492667763,4728 St Louis Ave St. Louis MO 63115 US,,7,8,,2,0.575,,gable_family,0.492,,masonry,0.795,,,Moderate,none,0.53
1785,steer,38.6720912749,-90.238943573,,,7,8,,2,0.557,,gable_family,0.462,,masonry,0.915,,,Moderate,moderate,0.45
1786,steer,38.6591671093,-90.2580844637,,,7,8,,2,0.665,,gable_family,0.527,,masonry,0.9,,,Substantial to Heavy,moderate,0.44
1787,steer,38.6649799642,-90.2680326469,,,7,8,,2,0.572,,gable_family,0.547,,masonry,0.81,,,Negligible to Slight,none,0.595
1788,steer,38.6670417415,-90.2483311035,2820 Marcus Ave St. Louis MO 63115 US,,7,8,,2,0.492,,gable_family,0.343,,masonry,0.925,,,Negligible to Slight,moderate,0.515
1789,steer,38.6602681059,-90.2530417335,4645 Dr Martin Luther King Dr St. Louis MO 63113 US,,7,8,,2,0.596,,gable_family,0.443,,masonry,0.86,,,Negligible to Slight,moderate,0.46
1790,steer,38.6713093671,-90.2393475857,,,7,8,,2,0.53,,gable_family,0.392,,masonry,0.945,,,Moderate,none,0.445
1791,steer,38.6592669802,-90.2584027751,,,7,8,,2,0.596,,gable_family,0.48,,masonry,0.875,,,Substantial to Heavy,moderate,0.435
1792,steer,38.6650679689,-90.2674313126,,,7,8,,2,0.482,,gable_family,0.378,,masonry,0.84,,,Negligible to Slight,none,0.49
1793,steer,38.6719245935,-90.2385925229,,,7,8,,2,0.521,,gable_family,0.443,,masonry,0.88,,,Moderate,none,0.535
1794,steer,38.6664674761,-90.2479028648,4643 Maffitt Ave St. Louis MO 63113 US,,7,8,,2,0.522,,gable_family,0.48,,masonry,0.87,,,Moderate,none,0.42
1795,steer,38.6581987209,-90.2581660763,,,7,8,,2,0.613,,gable_family,0.502,,masonry,0.915,,,Moderate,none,0.525
1796,steer,38.6601417675,-90.2527646373,4637 Dr Martin Luther King Dr St. Louis MO 63113 US,,7,8,,2,0.74,,gable_family,0.433,,masonry,0.955,,,Negligible to Slight,none,0.485
1797,steer,38.671628739,-90.2379394241,,,7,8,,2,0.654,,gable_family,0.537,,masonry,0.91,,,Negligible to Slight,none,0.57
1798,steer,38.6652761636,-90.2672574071,,,7,8,,2,0.552,,gable_family,0.315,,masonry,0.92,,,Negligible to Slight,none,0.675
1799,steer,38.6669357625,-90.2472210066,4652 St Louis Ave St. Louis MO 63115 US,,7,8,,2,0.6,,gable_family,0.491,,masonry,0.88,,,Moderate,none,0.465
1800,steer,38.6691105211,-90.2367795672,,,7,8,,2,0.606,,gable_family,0.379,,masonry,0.925,,,Moderate,none,0.45
1801,steer,38.6609292592,-90.2517551667,1710 Dick Gregory Pl St. Louis MO 63113 US,,7,8,,2,0.628,,gable_family,0.527,,masonry,0.885,,,Negligible to Slight,none,0.415
1802,steer,38.6708723706,-90.2372456259,,,7,8,,2,0.555,,gable_family,0.319,,masonry,0.929,,,Moderate,none,0.435
1803,steer,38.6643271191,-90.2672644846,,,7,8,,2,0.569,,gable_family,0.526,,masonry,0.85,,,Negligible to Slight,moderate,0.53
1804,steer,38.6608500844,-90.2497102066,4591 Cote Brilliante Ave St. Louis MO 63113 US,,7,8,,2,0.52,,gable_family,0.49,,masonry,0.915,,,Very Heavy,moderate,0.505
1805,steer,38.6652147111,-90.2439834702,4522 St Louis Ave St. Louis MO 63115 US,,7,8,,2,0.419,,gable_family,0.418,,masonry,0.775,,,Substantial to Heavy,moderate,0.45
1806,steer,38.6561131831,-90.2545103683,4649 Newberry Terr åœ£è·¯æ˜“æ–¯ MO 63113 US,,7,8,,2,0.684,,gable_family,0.448,,masonry,0.985,,,Negligible to Slight,none,0.475
1807,steer,38.6711960236,-90.2369228986,,,7,8,,2,0.659,,gable_family,0.369,,masonry,0.98,,,Negligible to Slight,none,0.56
1808,steer,38.6643078136,-90.2671770694,,,7,8,,2,0.604,,gable_family,0.555,,masonry,0.91,,,Substantial to Heavy,moderate,0.46
1809,steer,38.6604275742,-90.2487996209,4561 Cote Brilliante Ave St. Louis MO 63113 US,,7,8,,2,0.505,,gable_family,0.496,,masonry,0.87,,,Destruction,moderate,0.51
1810,steer,38.6608505491,-90.2517903459,1704 Dick Gregory Pl St. Louis MO 63113 US,,7,8,,2,0.639,,gable_family,0.491,,masonry,0.935,,,Negligible to Slight,none,0.545
1811,steer,38.656177801,-90.2549485963,4709 Newberry Terr åœ£è·¯æ˜“æ–¯ MO 63113 US,,7,8,,2,0.585,,gable_family,0.407,,masonry,0.92,,,Negligible to Slight,none,0.455
1812,steer,38.6708499052,-90.2275323922,,,7,8,,2,0.571,,gable_family,0.478,,masonry,0.91,,,Negligible to Slight,moderate,0.445
1813,steer,38.6634470715,-90.2647160194,,,7,8,,2,0.499,,gable_family,0.453,,masonry,0.8,,,Negligible to Slight,moderate,0.44
1814,steer,38.6607634279,-90.248157614,4552 Garfield Ave St. Louis MO 63113 US,,7,8,,2,0.477,,gable_family,0.413,,masonry,0.875,,,Destruction,moderate,0.425
1815,steer,38.6667608447,-90.2443652305,4540 Labadie Ave St. Louis MO 63115 US,,7,8,,2,0.57,,gable_family,0.523,,masonry,0.76,,,Substantial to Heavy,severe,0.365
1816,steer,38.6530603072,-90.2517227535,1007 N Taylor Ave åœ£è·¯æ˜“æ–¯ MO 63113 US,,7,8,,2,0.565,,gable_family,0.412,,masonry,0.855,,,Negligible to Slight,none,0.585
1817,steer,38.6556317004,-90.2540901119,4628 Newberry Terr åœ£è·¯æ˜“æ–¯ MO 63113 US,,7,8,,2,0.564,,gable_family,0.427,,masonry,0.94,,,Moderate,none,0.52
1818,steer,38.6532934195,-90.2605160908,,,7,8,,2,0.8,,gable_family,0.463,,masonry,0.955,,,Negligible to Slight,none,0.535
1819,steer,38.6540279643,-90.2544719356,4617 McMillan Ave åœ£è·¯æ˜“æ–¯ MO 63108 US,,7,8,,2,0.59,,gable_family,0.472,,masonry,0.96,,,Negligible to Slight,none,0.65
1820,steer,38.6636411369,-90.2636816251,,,7,8,,2,0.442,,gable_family,0.355,,masonry,0.795,,,Moderate,moderate,0.51
1821,steer,38.6556025967,-90.2537553214,4620 Newberry Terr åœ£è·¯æ˜“æ–¯ MO 63113 US,,7,8,,2,0.589,,gable_family,0.439,,masonry,0.88,,,Substantial to Heavy,none,0.57
1822,steer,38.6709011901,-90.2276159081,,,7,8,,2,0.64,,gable_family,0.526,,masonry,0.885,,,Negligible to Slight,none,0.56
1823,steer,38.6546305186,-90.2612834698,,,7,8,,2,0.478,,gable_family,0.529,,masonry,0.88,,,Moderate,moderate,0.44
1824,steer,38.6632780515,-90.2631457007,,,7,8,,2,0.465,,gable_family,0.355,,masonry,0.83,,,Negligible to Slight,none,0.535
1825,steer,38.6555866944,-90.2535608128,4614 Newberry Terr åœ£è·¯æ˜“æ–¯ MO 63113 US,,7,8,,2,0.557,,gable_family,0.463,,masonry,0.925,,,Negligible to Slight,moderate,0.48
1826,steer,38.6545288738,-90.2542252969,48 Lewis Pl åœ£è·¯æ˜“æ–¯ MO 63113 US,,7,8,,2,0.605,,gable_family,0.416,,masonry,0.943,,,Negligible to Slight,none,0.61
1827,steer,38.671111612,-90.2280767373,,,7,8,,2,0.455,,gable_family,0.409,,masonry,0.84,,,Negligible to Slight,none,0.6
1828,steer,38.6635330524,-90.2662859161,,,7,8,,2,0.46,,gable_family,0.443,,masonry,0.87,,,Moderate,moderate,0.42
1829,steer,38.6665421563,-90.2437100156,4522 Labadie Ave St. Louis MO 63115 US,,7,8,,2,0.48,,gable_family,0.393,,masonry,0.85,,,Substantial to Heavy,moderate,0.5
1830,steer,38.6628743112,-90.2628124774,,,6,8,,1,0.45,,gable_family,0.459,,masonry,0.784,,,Negligible to Slight,none,0.565
1831,steer,38.6638274024,-90.2671108007,,,7,8,,2,0.726,,gable_family,0.695,,masonry,0.9,,,Negligible to Slight,none,0.68
1832,steer,38.6548396578,-90.2592413516,,,7,8,,2,0.77,,gable_family,0.635,,masonry,0.94,,,Moderate,none,0.54
1833,steer,38.6664948237,-90.2435903564,4520 Labadie Ave St. Louis MO 63115 US,,7,8,,2,0.54,,gable_family,0.453,,masonry,0.88,,,Substantial to Heavy,moderate,0.54
1834,steer,38.661057625,-90.2651772831,,,7,8,,2,0.638,,gable_family,0.588,,masonry,0.853,,,Negligible to Slight,none,0.54
1835,steer,38.6546171253,-90.2556004548,4716 Lewis Pl åœ£è·¯æ˜“æ–¯ MO 63113 US,,7,8,,2,0.755,,gable_family,0.589,,masonry,0.96,,,Negligible to Slight,none,0.515
1836,steer,38.6600906948,-90.2504296182,4593 Aldine Ave St. Louis MO 63113 US,,7,8,,2,0.498,,gable_family,0.429,,masonry,0.855,,,Very Heavy,moderate,0.565
1837,steer,38.6715180021,-90.2277403472,,,7,8,,2,0.534,,gable_family,0.434,,masonry,0.905,,,Moderate,moderate,0.45
1838,steer,38.6638525929,-90.2672185322,,,7,8,,2,0.676,,gable_family,0.546,,masonry,0.94,,,Negligible to Slight,none,0.495
1839,steer,38.6673907998,-90.2455708889,4622 Labadie Ave St. Louis MO 63115 US,,7,8,,2,0.593,,gable_family,0.417,,masonry,0.83,,,Moderate,none,0.56
1840,steer,38.6604960748,-90.2652780312,,,7,8,,2,0.672,,gable_family,0.584,,masonry,0.89,,,Negligible to Slight,none,0.59
1841,steer,38.654649203,-90.2558451833,4722 Lewis Pl åœ£è·¯æ˜“æ–¯ MO 63113 US,,7,8,,2,0.73,,gable_family,0.596,,masonry,0.895,,,Negligible to Slight,none,0.59
1842,steer,38.6624775463,-90.2651424301,,,7,8,,2,0.651,,gable_family,0.449,,masonry,0.94,,,Negligible to Slight,none,0.455
1843,steer,38.6723457213,-90.2284581705,,,7,8,,2,0.508,,gable_family,0.474,,masonry,0.785,,,Moderate,none,0.485
1844,steer,38.6651203225,-90.2431291072,4502 St Louis Ave St. Louis MO 63115 US,,7,8,,2,0.47,,gable_family,0.379,,masonry,0.835,,,Very Heavy,moderate,0.575
1845,steer,38.6609258727,-90.2641940975,,,7,8,,2,0.675,,gable_family,0.492,,masonry,0.93,,,Negligible to Slight,none,0.62
1846,steer,38.6541092775,-90.2553586878,4707 McMillan Ave åœ£è·¯æ˜“æ–¯ MO 63108 US,,7,8,,2,0.49,,gable_family,0.542,,masonry,0.815,,,Substantial to Heavy,none,0.425
1847,steer,38.662206633,-90.2621382393,,,14,8,,2,0.459,,flat,0.465,,masonry,0.887,,,Negligible to Slight,moderate,0.49
1848,steer,38.6652532323,-90.2435540724,4514 St Louis Ave St. Louis MO 63115 US,,7,8,,2,0.542,,gable_family,0.369,,masonry,0.874,,,Destruction,none,0.46
1849,steer,38.6545034523,-90.258755803,,,7,8,,2,0.523,,gable_family,0.389,,masonry,0.95,,,Destruction,moderate,0.46
1850,steer,38.6605067386,-90.2653662518,,,7,8,,2,0.612,,gable_family,0.582,,masonry,0.875,,,Moderate,moderate,0.445
1851,steer,38.6618511028,-90.2625003358,,,7,8,,2,0.628,,gable_family,0.449,,masonry,0.88,,,Negligible to Slight,none,0.6
1852,steer,38.6535209309,-90.2588806733,,,7,8,,2,0.575,,gable_family,0.585,,masonry,0.805,,,Moderate,moderate,0.535
1853,steer,38.6714584096,-90.2290765423,,,7,8,,2,0.615,,gable_family,0.461,,masonry,0.93,,,Negligible to Slight,none,0.43
1854,steer,38.6603249273,-90.2637495256,,,7,8,,2,0.67,,gable_family,0.443,,masonry,0.93,,,Negligible to Slight,none,0.59
1855,steer,38.6665978238,-90.2465181878,4630 St Louis Ave St. Louis MO 63115 US,,7,8,,2,0.558,,gable_family,0.389,,masonry,0.88,,,Substantial to Heavy,none,0.425
1856,steer,38.6694924284,-90.2380909449,,,7,8,,2,0.62,,gable_family,0.424,,masonry,0.81,,,Very Heavy,moderate,0.525
1857,steer,38.6711534071,-90.2281536949,,,7,8,,2,0.45,,gable_family,0.344,,masonry,0.9,,,Moderate,none,0.495
1858,steer,38.6601739445,-90.2623505951,,,7,8,,2,0.536,,gable_family,0.33,,masonry,0.94,,,Moderate,none,0.46
1859,steer,38.6546307312,-90.255713457,4720 Lewis Pl åœ£è·¯æ˜“æ–¯ MO 63113 US,,7,8,,2,0.632,,gable_family,0.507,,masonry,0.955,,,Negligible to Slight,none,0.54
1860,steer,38.6676232786,-90.2479031695,2906 Marcus Ave St. Louis MO 63115 US,,7,8,,2,0.49,,gable_family,0.438,,masonry,0.865,,,Moderate,moderate,0.515
1861,steer,38.6695650697,-90.2380414204,,,7,8,,2,0.535,,gable_family,0.441,,masonry,0.825,,,Moderate,moderate,0.435
1862,steer,38.6533610305,-90.2599039741,,,7,8,,2,0.755,,gable_family,0.55,,masonry,0.98,,,Moderate,none,0.69
1863,steer,38.6679124512,-90.2496276841,4736 St Louis Ave St. Louis MO 63115 US,,7,8,,2,0.485,,gable_family,0.423,,masonry,0.79,,,Substantial to Heavy,moderate,0.43
1864,steer,38.6710920541,-90.2402037801,,,7,8,,2,0.442,,gable_family,0.363,,masonry,0.905,,,Negligible to Slight,none,0.55
1865,steer,38.6631266789,-90.26805475,,,7,8,,2,0.591,,gable_family,0.402,,masonry,0.775,,,Negligible to Slight,moderate,0.425
1866,steer,38.6697809411,-90.2272278182,,,7,8,,2,0.527,,gable_family,0.384,,masonry,0.915,,,Negligible to Slight,none,0.645
1867,steer,38.6602396733,-90.2469716104,1823 N Taylor Ave St. Louis MO 63113 US,,7,8,,2,0.545,,gable_family,0.367,,masonry,0.76,,,Negligible to Slight,moderate,0.42
1868,steer,38.6677603297,-90.2491557152,4722 St Louis Ave St. Louis MO 63115 US,,7,8,,2,0.581,,gable_family,0.438,,masonry,0.935,,,Substantial to Heavy,moderate,0.45
1869,steer,38.6629959064,-90.2675590204,,,7,8,,2,0.597,,gable_family,0.457,,masonry,0.885,,,Negligible to Slight,none,0.465
1870,steer,38.6548639243,-90.2589232472,,,7,8,,2,0.84,,gable_family,0.646,,masonry,0.97,,,Negligible to Slight,none,0.55
1871,steer,38.6676384717,-90.2487482444,4710 St Louis Ave St. Louis MO 63115 US,,7,8,,2,0.547,,gable_family,0.44,,masonry,0.835,,,Moderate,none,0.47
1872,steer,38.6698279884,-90.227304431,,,7,6,,2,0.517,,complex_family,0.35,,masonry,0.925,,,Negligible to Slight,none,0.565
1873,steer,38.6591453498,-90.2568954603,,,7,8,,2,0.655,,gable_family,0.412,,masonry,0.93,,,Moderate,moderate,0.44
1874,steer,38.6601236077,-90.2466459455,1823 N Taylor Ave St. Louis MO 63113 US,,7,8,,2,0.66,,gable_family,0.517,,masonry,0.88,,,Moderate,none,0.55
1875,steer,38.663173383,-90.2681741038,,,7,8,,2,0.648,,gable_family,0.512,,masonry,0.815,,,Negligible to Slight,moderate,0.435
1876,steer,38.6671753949,-90.2487547218,2815 Marcus Ave St. Louis MO 63115 US,,7,8,,2,0.472,,gable_family,0.308,,masonry,0.92,,,Substantial to Heavy,none,0.385
1877,steer,38.6592584213,-90.2571514713,,,7,8,,2,0.685,,gable_family,0.473,,masonry,0.88,,,Moderate,none,0.475
1878,steer,38.652703275,-90.2591011414,,,7,8,,2,0.529,,gable_family,0.442,,masonry,0.805,,,Moderate,none,0.665
1879,steer,38.6699199639,-90.2275068811,,,7,8,,2,0.628,,gable_family,0.523,,masonry,0.795,,,Negligible to Slight,none,0.49
1880,steer,38.6621518157,-90.2696221402,,,7,8,,2,0.8,,gable_family,0.662,,masonry,0.94,,,Negligible to Slight,moderate,0.425
1881,steer,38.6525098936,-90.2599544668,,,7,8,,2,0.538,,gable_family,0.399,,masonry,0.93,,,Moderate,moderate,0.555
1882,steer,38.6601038224,-90.2577720085,,,7,8,,2,0.52,,gable_family,0.414,,masonry,0.91,,,Destruction,moderate,0.46
1883,steer,38.6678318857,-90.2482375296,4701 St Louis Ave St. Louis MO 63115 US,,7,8,,2,0.543,,gable_family,0.358,,masonry,0.935,,,Destruction,moderate,0.49
1884,steer,38.669875702,-90.2274263153,,,7,8,,2,0.555,,gable_family,0.433,,masonry,0.91,,,Moderate,moderate,0.515
1885,steer,38.6629643384,-90.2690821793,,,7,8,,2,0.578,,gable_family,0.503,,masonry,0.81,,,Negligible to Slight,none,0.525
1886,steer,38.6597857628,-90.2577720085,,,7,8,,2,0.635,,gable_family,0.517,,masonry,0.985,,,Substantial to Heavy,none,0.45
1887,steer,38.6552280307,-90.2557358597,4725 Lewis Pl åœ£è·¯æ˜“æ–¯ MO 63113 US,,7,8,,2,0.728,,gable_family,0.515,,masonry,0.935,,,Negligible to Slight,none,0.54
1888,steer,38.6562301173,-90.2554586653,4721 Newberry Terr åœ£è·¯æ˜“æ–¯ MO 63113 US,,7,8,,2,0.577,,gable_family,0.47,,masonry,0.94,,,Negligible to Slight,none,0.545
1889,steer,38.6618569872,-90.2675003726,,,7,8,,2,0.667,,gable_family,0.492,,masonry,0.97,,,Negligible to Slight,none,0.515
1890,steer,38.6700535182,-90.2278362898,,,7,8,,2,0.555,,gable_family,0.368,,masonry,0.913,,,Negligible to Slight,none,0.495
1891,steer,38.6551934979,-90.2553615831,4711 Lewis Pl åœ£è·¯æ˜“æ–¯ MO 63113 US,,7,8,,2,0.805,,gable_family,0.727,,masonry,0.945,,,Negligible to Slight,none,0.51
1892,steer,38.6679128984,-90.2380972572,,,7,8,,2,0.495,,gable_family,0.403,,masonry,0.96,,,Negligible to Slight,moderate,0.485
1893,steer,38.6624653311,-90.2667244765,,,7,8,,2,0.712,,gable_family,0.586,,masonry,0.94,,,Negligible to Slight,none,0.45
1894,steer,38.6562032678,-90.2556091809,4727 Newberry Terr åœ£è·¯æ˜“æ–¯ MO 63113 US,,7,8,,2,0.529,,gable_family,0.442,,masonry,0.87,,,Negligible to Slight,moderate,0.525
1895,steer,38.6551622898,-90.2552473284,4709 Lewis Pl åœ£è·¯æ˜“æ–¯ MO 63113 US,,7,8,,2,0.775,,gable_family,0.654,,masonry,0.965,,,Negligible to Slight,none,0.535
1896,steer,38.6700957731,-90.2279324652,,,7,8,,2,0.55,,gable_family,0.428,,masonry,0.895,,,Negligible to Slight,none,0.525
1897,steer,38.6595723349,-90.256375463,,,7,8,,2,0.73,,gable_family,0.683,,masonry,0.895,,,Moderate,moderate,0.505
1898,steer,38.6628179397,-90.2683706147,,,7,8,,2,0.59,,gable_family,0.478,,masonry,0.8,,,Negligible to Slight,none,0.54
1899,steer,38.6596511487,-90.2479797831,4526 Cote Brilliante Ave St. Louis MO 63113 US,,6,8,,1,0.43,,gable_family,0.379,,masonry,0.635,,,Negligible to Slight,none,0.595
1900,steer,38.6562416578,-90.2556912272,4729 Newberry Terr åœ£è·¯æ˜“æ–¯ MO 63113 US,,7,8,,2,0.638,,gable_family,0.512,,masonry,0.9,,,Negligible to Slight,none,0.51
1901,steer,38.6551707347,-90.2550107817,4703 Lewis Pl åœ£è·¯æ˜“æ–¯ MO 63113 US,,7,8,,2,0.773,,gable_family,0.591,,masonry,0.965,,,Moderate,none,0.515
1902,steer,38.6598965524,-90.2563255516,,,7,8,,2,0.565,,gable_family,0.506,,masonry,0.91,,,Substantial to Heavy,moderate,0.505
1903,steer,38.6556573844,-90.2541975291,4632 Newberry Terr åœ£è·¯æ˜“æ–¯ MO 63113 US,,7,8,,2,0.775,,gable_family,0.481,,masonry,0.985,,,Moderate,none,0.52
1904,steer,38.66262156,-90.2675850835,,,7,8,,2,0.63,,gable_family,0.481,,masonry,0.885,,,Negligible to Slight,none,0.59
1905,steer,38.6590714182,-90.2475126625,1711 N Taylor Ave St. Louis MO 63113 US,,7,8,,2,0.636,,gable_family,0.525,,masonry,0.88,,,Negligible to Slight,none,0.575
1906,steer,38.6705117162,-90.2278089204,,,7,8,,2,0.587,,gable_family,0.453,,masonry,0.9,,,Moderate,none,0.415
1907,steer,38.6556186928,-90.2539409957,4624 Newberry Terr åœ£è·¯æ˜“æ–¯ MO 63113 US,,7,8,,2,0.708,,gable_family,0.571,,masonry,0.968,,,Substantial to Heavy,moderate,0.46
1908,steer,38.6620165097,-90.2648414843,,,7,8,,2,0.661,,gable_family,0.575,,masonry,0.935,,,Moderate,moderate,0.435
1909,steer,38.6599889842,-90.2486886599,4550 Cote Brilliante Ave St. Louis MO 63113 US,,7,8,,2,0.515,,gable_family,0.502,,masonry,0.68,,,Negligible to Slight,none,0.47
1910,steer,38.6705403806,-90.2400489795,,,7,8,,2,0.42,,gable_family,0.402,,masonry,0.915,,,Moderate,none,0.45
1911,steer,38.6704045862,-90.2400982384,,,6,8,,1,0.435,,gable_family,0.437,,masonry,0.905,,,Negligible to Slight,none,0.51
1912,steer,38.6556014142,-90.2536518823,4618 Newberry Terr åœ£è·¯æ˜“æ–¯ MO 63113 US,,7,8,,2,0.594,,gable_family,0.457,,masonry,0.95,,,Substantial to Heavy,none,0.535
1913,steer,38.6705703562,-90.227916954,,,7,8,,2,0.565,,gable_family,0.388,,masonry,0.885,,,Moderate,none,0.53
1914,steer,38.6614020231,-90.2647485325,,,7,8,,2,0.73,,gable_family,0.596,,masonry,0.89,,,Moderate,moderate,0.44
1915,steer,38.6634285338,-90.2659965381,,,7,8,,2,0.615,,gable_family,0.543,,masonry,0.935,,,Negligible to Slight,none,0.51
1916,steer,38.6550659302,-90.254317965,45 Lewis Pl åœ£è·¯æ˜“æ–¯ MO 63113 US,,7,8,,2,0.915,,gable_family,0.65,,masonry,0.985,,,Negligible to Slight,none,0.66
1917,steer,38.670135684,-90.2402901777,,,7,8,,2,0.585,,gable_family,0.496,,masonry,0.925,,,Negligible to Slight,none,0.545
1918,steer,38.6627856892,-90.2662623458,,,7,8,,2,0.585,,gable_family,0.456,,masonry,0.895,,,Substantial to Heavy,none,0.52
1919,steer,38.6620065484,-90.2647291369,,,7,8,,2,0.585,,gable_family,0.511,,masonry,0.93,,,Destruction,moderate,0.49
1920,steer,38.6521281481,-90.2599187967,,,7,8,,2,0.541,,gable_family,0.383,,masonry,0.935,,,Destruction,moderate,0.515
1921,steer,38.6706475351,-90.2281252146,,,7,8,,2,0.527,,gable_family,0.467,,masonry,0.9,,,Negligible to Slight,none,0.525
1922,steer,38.6639066998,-90.2674379449,,,7,8,,2,0.635,,gable_family,0.52,,masonry,0.88,,,Negligible to Slight,none,0.535
1923,steer,38.6613742354,-90.2646158806,,,7,8,,2,0.605,,gable_family,0.639,,masonry,0.965,,,Negligible to Slight,none,0.465
1924,steer,38.6700496078,-90.2398168978,,,7,8,,2,0.532,,gable_family,0.412,,masonry,0.945,,,Negligible to Slight,moderate,0.535
1925,steer,38.6550068274,-90.2539745705,41 Lewis Pl åœ£è·¯æ˜“æ–¯ MO 63113 US,,7,8,,2,0.74,,gable_family,0.493,,masonry,0.935,,,Negligible to Slight,none,0.46
1926,steer,38.6702724009,-90.2283654743,,,7,8,,2,0.613,,gable_family,0.48,,masonry,0.925,,,Negligible to Slight,none,0.57
1927,steer,38.6613507462,-90.2644706155,,,7,8,,2,0.774,,gable_family,0.551,,masonry,0.93,,,Negligible to Slight,none,0.525
1928,steer,38.6703475732,-90.2396242418,,,7,8,,2,0.475,,gable_family,0.392,,masonry,0.915,,,Negligible to Slight,moderate,0.41
1929,steer,38.6598930708,-90.2497568948,4575 Aldine Ave St. Louis MO 63113 US,,7,8,,2,0.58,,gable_family,0.462,,masonry,0.81,,,Very Heavy,none,0.59
1930,steer,38.6624498534,-90.2649790405,,,7,8,,2,0.703,,gable_family,0.538,,masonry,0.955,,,Negligible to Slight,none,0.455
1931,steer,38.6613167097,-90.2642147349,,,7,8,,2,0.572,,gable_family,0.551,,masonry,0.915,,,Negligible to Slight,none,0.52
1932,steer,38.6529906245,-90.2606453835,,,7,8,,2,0.625,,gable_family,0.431,,masonry,0.955,,,Negligible to Slight,none,0.54
1933,steer,38.6708062844,-90.2393483312,,,7,8,,2,0.535,,gable_family,0.29,,masonry,0.925,,,Negligible to Slight,none,0.65
1934,steer,38.6632087866,-90.2650019559,,,7,8,,2,0.548,,gable_family,0.542,,masonry,0.73,,,Negligible to Slight,none,0.535
1935,steer,38.6703902211,-90.2286549811,,,7,8,,2,0.65,,gable_family,0.427,,masonry,0.9,,,Negligible to Slight,none,0.54
1936,steer,38.6544669918,-90.2608627326,,,7,8,,2,0.58,,gable_family,0.457,,masonry,0.91,,,Negligible to Slight,moderate,0.49
1937,steer,38.661572512,-90.26280517,,,7,8,,2,0.587,,gable_family,0.444,,masonry,0.845,,,Destruction,moderate,0.415
1938,steer,38.6629976019,-90.2651450596,,,7,8,,2,0.46,,gable_family,0.328,,masonry,0.845,,,Negligible to Slight,moderate,0.495
1939,steer,38.6697032107,-90.2390242327,,,7,8,,2,0.503,,gable_family,0.477,,masonry,0.925,,,Negligible to Slight,none,0.44
1940,steer,38.6675856107,-90.2477540682,4681 St Louis Ave St. Louis MO 63115 US,,7,8,,2,0.535,,gable_family,0.503,,masonry,0.925,,,Moderate,none,0.485
1941,steer,38.6705249196,-90.2289237287,,,7,8,,2,0.545,,gable_family,0.373,,masonry,0.885,,,Negligible to Slight,none,0.465
1942,steer,38.6619752346,-90.2707592606,,,7,8,,2,0.527,,gable_family,0.409,,masonry,0.975,,,Negligible to Slight,none,0.61
1943,steer,38.6624173684,-90.2626559975,,,7,8,,2,0.455,,gable_family,0.433,,masonry,0.855,,,Negligible to Slight,none,0.51
1944,steer,38.6602478918,-90.2577701238,,,7,8,,2,0.46,,gable_family,0.396,,masonry,0.895,,,Very Heavy,moderate,0.39
1945,steer,38.6617769683,-90.270926941,,,7,8,,2,0.614,,gable_family,0.374,,masonry,0.945,,,Negligible to Slight,none,0.585
1946,steer,38.6693089491,-90.2376775642,,,7,8,,2,0.619,,gable_family,0.483,,masonry,0.85,,,Negligible to Slight,none,0.57
1947,steer,38.6673687546,-90.2472194127,4663 St Louis Ave St. Louis MO 63115 US,,7,8,,2,0.635,,gable_family,0.437,,masonry,0.91,,,Moderate,none,0.47
1948,steer,38.6708995304,-90.2286799141,,,7,8,,2,0.549,,gable_family,0.418,,masonry,0.923,,,Moderate,none,0.435
1949,steer,38.6606594779,-90.257720993,,,6,8,,1,0.435,,gable_family,0.379,,masonry,0.695,,,Substantial to Heavy,moderate,0.445
1950,steer,38.6610538699,-90.270868742,,,7,8,,2,0.542,,gable_family,0.517,,masonry,0.89,,,Negligible to Slight,none,0.545
1951,steer,38.6672555204,-90.2470197503,4657 St Louis Ave St. Louis MO 63115 US,,7,8,,2,0.57,,gable_family,0.353,,masonry,0.855,,,Moderate,none,0.49
1952,steer,38.6620540539,-90.2632141146,,,7,8,,2,0.64,,gable_family,0.443,,masonry,0.872,,,Negligible to Slight,none,0.43
1953,steer,38.6702111973,-90.2290536144,,,7,8,,2,0.552,,gable_family,0.393,,masonry,0.885,,,Negligible to Slight,none,0.59
1954,steer,38.660053029,-90.2563088243,,,7,8,,2,0.641,,gable_family,0.576,,masonry,0.885,,,Negligible to Slight,none,0.505
1955,steer,38.6671332869,-90.2467047643,4645 St Louis Ave St. Louis MO 63115 US,,7,8,,2,0.632,,gable_family,0.498,,masonry,0.83,,,Negligible to Slight,moderate,0.48
1956,steer,38.6701596443,-90.2379598628,,,7,8,,2,0.477,,gable_family,0.335,,masonry,0.795,,,Very Heavy,moderate,0.565
1957,steer,38.6618226876,-90.2701286544,,,7,8,,2,0.791,,gable_family,0.547,,masonry,0.94,,,Negligible to Slight,none,0.48
1958,steer,38.6601706616,-90.2558583214,,,7,8,,2,0.58,,gable_family,0.491,,masonry,0.88,,,Very Heavy,none,0.525
1959,steer,38.6540201303,-90.2604058109,,,7,8,,2,0.638,,gable_family,0.459,,masonry,0.915,,,Negligible to Slight,moderate,0.43
1960,steer,38.6711454114,-90.2291829326,,,7,8,,2,0.549,,gable_family,0.317,,masonry,0.955,,,Moderate,moderate,0.5
1961,steer,38.6705214447,-90.238839711,4470 Natural Bridge Avenue St. Louis Missouri 63115 United States,,6,8,,1,0.475,,gable_family,0.36,,masonry,0.855,,,Substantial to Heavy,moderate,0.44
1962,steer,38.6677989405,-90.2464665335,4652 Labadie Ave St. Louis MO 63115 US,,7,8,,2,0.583,,gable_family,0.444,,masonry,0.93,,,Substantial to Heavy,moderate,0.41
1963,steer,38.6627080467,-90.2661953886,,,7,8,,2,0.692,,gable_family,0.429,,masonry,0.91,,,Negligible to Slight,none,0.635
1964,steer,38.6600399448,-90.2552780956,,,7,8,,2,0.501,,gable_family,0.459,,masonry,0.86,,,Substantial to Heavy,none,0.425
1965,steer,38.6698196486,-90.2293725184,,,7,8,,2,0.662,,gable_family,0.369,,masonry,0.87,,,Moderate,none,0.425
1966,steer,38.6679297184,-90.2468021086,4660 Labadie Ave St. Louis MO 63115 US,,7,8,,2,0.558,,gable_family,0.418,,masonry,0.89,,,Substantial to Heavy,none,0.45
1967,steer,38.6608699493,-90.2688683846,,,7,8,,2,0.545,,gable_family,0.484,,masonry,0.84,,,Negligible to Slight,none,0.47
1968,steer,38.6607246461,-90.2528910502,4642 Aldine Ave St. Louis MO 63113 US,,7,8,,2,0.655,,gable_family,0.469,,masonry,0.97,,,Negligible to Slight,none,0.615
1969,steer,38.6697457383,-90.2392313926,,,7,8,,2,0.573,,gable_family,0.487,,masonry,0.935,,,Negligible to Slight,none,0.57
1970,steer,38.6604775791,-90.2506812414,1710 Cora Ave St. Louis MO 63113 US,,7,8,,2,0.623,,gable_family,0.469,,masonry,0.87,,,Moderate,moderate,0.46
1971,steer,38.6626729109,-90.2659788755,,,7,8,,2,0.635,,gable_family,0.436,,masonry,0.875,,,Negligible to Slight,none,0.465
1972,steer,38.6696130781,-90.2288617238,,,7,8,,2,0.722,,gable_family,0.599,,masonry,0.945,,,Negligible to Slight,none,0.61
1973,steer,38.6602007783,-90.2514572311,1525 Cora Ave St. Louis MO 63113 US,,7,8,,2,0.582,,gable_family,0.462,,masonry,0.79,,,Very Heavy,moderate,0.495
1974,steer,38.662623331,-90.2657437627,,,7,8,,2,0.478,,gable_family,0.446,,masonry,0.855,,,Negligible to Slight,none,0.43
1975,steer,38.660822462,-90.2686302928,,,7,8,,2,0.545,,gable_family,0.448,,masonry,0.88,,,Negligible to Slight,none,0.55
1976,steer,38.6612429528,-90.2507249489,1803 Cora Ave St. Louis MO 63113 US,,7,8,,2,0.605,,gable_family,0.44,,masonry,0.85,,,Substantial to Heavy,none,0.6
1977,steer,38.6695425074,-90.2287648647,,,7,8,,2,0.731,,gable_family,0.554,,masonry,0.945,,,Negligible to Slight,none,0.495
1978,steer,38.6627258502,-90.2660995426,,,7,8,,2,0.692,,gable_family,0.477,,masonry,0.91,,,Moderate,none,0.58
1979,steer,38.653497095,-90.2614448359,,,7,8,,2,0.68,,gable_family,0.534,,masonry,0.915,,,Destruction,moderate,0.435
1980,steer,38.6616172195,-90.2689171104,,,7,8,,2,0.67,,gable_family,0.527,,masonry,0.88,,,Negligible to Slight,none,0.57
1981,steer,38.6564094456,-90.2523673263,1220 Rev G H Pruitt Pl åœ£è·¯æ˜“æ–¯ MO 63113 US,,7,6,,2,0.595,,complex_family,0.315,,masonry,0.928,,,Substantial to Heavy,moderate,0.475
1982,steer,38.6650362643,-90.2436536302,4514 St Louis Ave St. Louis MO 63115 US,,7,8,,2,0.465,,gable_family,0.403,,masonry,0.755,,,Substantial to Heavy,moderate,0.42
1983,steer,38.6629224016,-90.26712412,,,7,8,,2,0.748,,gable_family,0.668,,masonry,0.905,,,Negligible to Slight,none,0.555
1984,steer,38.6699963089,-90.228588508,,,7,8,,2,0.556,,gable_family,0.49,,masonry,0.93,,,Moderate,moderate,0.49
1985,steer,38.6616077873,-90.2687565368,,,7,8,,2,0.687,,gable_family,0.527,,masonry,0.94,,,Negligible to Slight,none,0.535
1986,steer,38.6606955336,-90.2501787942,1726 Cora Ave St. Louis MO 63113 US,,7,8,,2,0.574,,gable_family,0.481,,masonry,0.829,,,Substantial to Heavy,none,0.435
1987,steer,38.6560693714,-90.2538693836,4633 Newberry Terr åœ£è·¯æ˜“æ–¯ MO 63113 US,,7,8,,2,0.758,,gable_family,0.571,,masonry,0.95,,,Moderate,none,0.545
1988,steer,38.670225093,-90.2380239581,4440 Natural Bridge Avenue St. Louis Missouri 63115 United States,,14,8,,2,0.456,,flat,0.305,,masonry,0.84,,,Moderate,none,0.445
1989,steer,38.6608281073,-90.268293642,,,7,8,,2,0.622,,gable_family,0.398,,masonry,0.94,,,Negligible to Slight,none,0.47
1990,steer,38.6668434153,-90.2462708694,4631 St Louis Ave St. Louis MO 63115 US,,6,8,,1,0.465,,gable_family,0.384,,masonry,0.81,,,Negligible to Slight,moderate,0.46
1991,steer,38.6629568231,-90.2672263618,,,7,8,,2,0.693,,gable_family,0.624,,masonry,0.889,,,Negligible to Slight,none,0.495
1992,steer,38.6693837317,-90.2284075826,,,7,8,,2,0.7,,gable_family,0.483,,masonry,0.89,,,Moderate,none,0.56
1993,steer,38.6560507151,-90.2537465427,4629 Newberry Terr åœ£è·¯æ˜“æ–¯ MO 63113 US,,7,8,,2,0.63,,gable_family,0.474,,masonry,0.935,,,Negligible to Slight,none,0.59
1994,steer,38.6533668511,-90.2604734172,,,7,8,,2,0.702,,gable_family,0.485,,masonry,0.97,,,Negligible to Slight,none,0.605
1995,steer,38.6607414937,-90.2678939862,,,7,8,,2,0.645,,gable_family,0.597,,masonry,0.91,,,Negligible to Slight,none,0.545
1996,steer,38.6630427465,-90.2676948212,,,7,8,,2,0.653,,gable_family,0.538,,masonry,0.83,,,Negligible to Slight,moderate,0.45
1997,steer,38.6577248601,-90.2591922656,,,7,8,,2,0.611,,gable_family,0.451,,masonry,0.85,,,Moderate,moderate,0.445
1998,steer,38.6559980372,-90.2533313665,4617 Newberry Terr åœ£è·¯æ˜“æ–¯ MO 63113 US,,7,8,,2,0.684,,gable_family,0.424,,masonry,0.94,,,Destruction,none,0.515
1999,steer,38.663994666,-90.2677959682,,,7,8,,2,0.529,,gable_family,0.45,,masonry,0.855,,,Substantial to Heavy,none,0.47
2000,steer,38.6613922323,-90.2675958968,,,7,8,,2,0.694,,gable_family,0.54,,masonry,0.975,,,Negligible to Slight,none,0.52
2001,steer,38.6696159861,-90.2277551543,,,7,8,,2,0.527,,gable_family,0.353,,masonry,0.915,,,Negligible to Slight,none,0.53
2002,steer,38.6568235236,-90.2559038925,4736 Vernon Ave åœ£è·¯æ˜“æ–¯ MO 63113 US,,7,8,,2,0.705,,gable_family,0.533,,masonry,0.89,,,Negligible to Slight,none,0.43
2003,steer,38.6576346965,-90.2591730889,,,7,8,,2,0.631,,gable_family,0.398,,masonry,0.805,,,Moderate,none,0.49
2004,steer,38.6702648442,-90.23822019,,,14,8,,2,0.508,,flat,0.33,,masonry,0.855,,,Substantial to Heavy,none,0.39
2005,steer,38.6613966572,-90.2674800103,,,7,8,,2,0.686,,gable_family,0.567,,masonry,0.965,,,Negligible to Slight,none,0.585
2006,steer,38.6693736665,-90.2271127975,,,7,8,,2,0.635,,gable_family,0.458,,masonry,0.94,,,Negligible to Slight,none,0.65
2007,steer,38.6591064483,-90.2505001233,4579 Dr Martin Luther King Dr St. Louis MO 63113 US,,7,6,,2,0.491,,complex_family,0.295,,masonry,0.87,,,Destruction,moderate,0.53
2008,steer,38.6632738811,-90.2684611198,,,7,8,,2,0.645,,gable_family,0.523,,masonry,0.89,,,Negligible to Slight,none,0.535
2009,steer,38.6613468054,-90.267107575,,,7,8,,2,0.775,,gable_family,0.571,,masonry,0.965,,,Negligible to Slight,none,0.53
2010,steer,38.6615689369,-90.2512779099,1802 Dick Gregory Pl St. Louis MO 63113 US,,7,8,,2,0.688,,gable_family,0.551,,masonry,0.9,,,Moderate,none,0.59
2011,steer,38.6629136938,-90.2688327619,,,7,8,,2,0.642,,gable_family,0.463,,masonry,0.855,,,Negligible to Slight,none,0.525
2012,steer,38.6567739639,-90.254883763,4708 Vernon Ave åœ£è·¯æ˜“æ–¯ MO 63113 US,,7,8,,2,0.67,,gable_family,0.503,,masonry,0.935,,,Negligible to Slight,none,0.515
2013,steer,38.6613169064,-90.2670284525,,,7,8,,2,0.792,,gable_family,0.515,,masonry,0.95,,,Negligible to Slight,none,0.555
2014,steer,38.6614013965,-90.25142885,1728 Dick Gregory Pl St. Louis MO 63113 US,,7,8,,2,0.635,,gable_family,0.55,,masonry,0.88,,,Negligible to Slight,none,0.6
2015,steer,38.6627365897,-90.2680973632,,,7,8,,2,0.656,,gable_family,0.442,,masonry,0.83,,,Negligible to Slight,none,0.58
2016,steer,38.6690683746,-90.2274728209,,,7,8,,2,0.612,,gable_family,0.414,,masonry,0.98,,,Negligible to Slight,none,0.55
2017,steer,38.6617711412,-90.2518370006,4635 Cote Brilliante Ave St. Louis MO 63113 US,,7,8,,2,0.588,,gable_family,0.509,,masonry,0.81,,,Very Heavy,none,0.49
2018,steer,38.6606968193,-90.2675789027,,,7,8,,2,0.604,,gable_family,0.492,,masonry,0.895,,,Negligible to Slight,none,0.5
2019,steer,38.6624283979,-90.2666105354,,,7,8,,2,0.575,,gable_family,0.428,,masonry,0.795,,,Moderate,moderate,0.42
2020,steer,38.6573999461,-90.2499098933,,,7,8,,2,0.58,,gable_family,0.487,,masonry,0.85,,,Moderate,moderate,0.5
2021,steer,38.6544329523,-90.2612917777,,,7,8,,2,0.42,,gable_family,0.364,,masonry,0.92,,,Negligible to Slight,moderate,0.405
2022,steer,38.6607207067,-90.2674744969,,,7,8,,2,0.662,,gable_family,0.425,,masonry,0.89,,,Negligible to Slight,none,0.545
2023,steer,38.6692750626,-90.2290568635,,,7,8,,2,0.747,,gable_family,0.625,,masonry,0.94,,,Moderate,none,0.58
2024,steer,38.6616594881,-90.2664230561,,,7,8,,2,0.693,,gable_family,0.532,,masonry,0.95,,,Negligible to Slight,none,0.52
2025,steer,38.6666669434,-90.2439867864,4532 Labadie Ave St. Louis MO 63115 US,,7,8,,2,0.585,,gable_family,0.523,,masonry,0.835,,,Moderate,moderate,0.49
2026,steer,38.665321923,-90.2675991617,,,7,6,,2,0.587,,complex_family,0.323,,masonry,0.955,,,Negligible to Slight,none,0.64
2027,steer,38.6596406731,-90.2502951153,4582 Aldine Ave St. Louis MO 63113 US,,7,8,,2,0.56,,gable_family,0.384,,masonry,0.845,,,Very Heavy,moderate,0.43
2028,steer,38.6619359454,-90.2683767145,,,7,8,,2,0.715,,gable_family,0.646,,masonry,0.93,,,Negligible to Slight,none,0.58
2029,steer,38.6690407866,-90.229769638,,,7,8,,2,0.723,,gable_family,0.625,,masonry,0.895,,,Moderate,moderate,0.48
2030,steer,38.6665868175,-90.2438091568,4528 Labadie Ave St. Louis MO 63115 US,,7,8,,2,0.479,,gable_family,0.454,,masonry,0.84,,,Substantial to Heavy,none,0.425
2031,steer,38.6649910164,-90.2672375074,,,6,8,,1,0.46,,gable_family,0.444,,masonry,0.87,,,Negligible to Slight,none,0.535
2032,steer,38.661794308,-90.2638351998,,,7,8,,2,0.533,,gable_family,0.344,,masonry,0.89,,,Moderate,none,0.49
2033,steer,38.6575188618,-90.2488076208,,,9,8,,1,0.41,,flat,0.328,,masonry,0.86,,,Moderate,moderate,0.395
2034,steer,38.6691880797,-90.2301258656,,,7,8,,2,0.485,,gable_family,0.473,,masonry,0.825,,,Moderate,none,0.555
2035,steer,38.6600555993,-90.250268144,4589 Aldine Ave St. Louis MO 63113 US,,7,8,,2,0.53,,gable_family,0.444,,masonry,0.91,,,Negligible to Slight,none,0.55
2036,steer,38.664209317,-90.2669395914,,,7,8,,2,0.646,,gable_family,0.615,,masonry,0.83,,,Negligible to Slight,moderate,0.54
2037,steer,38.6617472928,-90.2635719142,,,7,8,,2,0.64,,gable_family,0.521,,masonry,0.895,,,Negligible to Slight,none,0.56
2038,steer,38.6563457077,-90.2494010436,,,7,8,,2,0.451,,gable_family,0.443,,masonry,0.805,,,Moderate,moderate,0.5
2039,steer,38.6671282401,-90.2450486096,4604 Labadie Ave St. Louis MO 63115 US,,7,8,,2,0.526,,gable_family,0.476,,masonry,0.785,,,Moderate,none,0.685
2040,steer,38.6677742189,-90.2281614948,,,7,8,,2,0.595,,gable_family,0.468,,masonry,0.889,,,Negligible to Slight,none,0.585
2041,steer,38.6698930053,-90.2395577737,,,7,8,,2,0.561,,gable_family,0.468,,masonry,0.92,,,Moderate,none,0.485
2042,steer,38.6600847709,-90.250350608,4591 Aldine Ave St. Louis MO 63113 US,,7,8,,2,0.543,,gable_family,0.435,,masonry,0.885,,,Negligible to Slight,none,0.515
2043,steer,38.6571895927,-90.2535777818,4622 Page Blvd åœ£è·¯æ˜“æ–¯ MO 63113 US,,7,8,,2,0.7,,gable_family,0.436,,masonry,0.915,,,Moderate,none,0.485
2044,steer,38.6616147473,-90.2630021318,,,7,8,,2,0.585,,gable_family,0.524,,masonry,0.68,,,Moderate,none,0.49
2045,steer,38.6700016607,-90.2297901091,,,7,8,,2,0.612,,gable_family,0.41,,masonry,0.97,,,Moderate,none,0.525
2046,steer,38.6674738501,-90.2457230043,4626 Labadie Ave St. Louis MO 63115 US,,7,8,,2,0.469,,gable_family,0.453,,masonry,0.835,,,Negligible to Slight,none,0.41
2047,steer,38.6647616765,-90.2662015769,,,7,8,,2,0.506,,gable_family,0.33,,masonry,0.839,,,Negligible to Slight,none,0.45
2048,steer,38.6574544267,-90.2543226845,4648 Page Blvd åœ£è·¯æ˜“æ–¯ MO 63113 US,,7,8,,2,0.46,,gable_family,0.456,,masonry,0.845,,,Very Heavy,none,0.495
2049,steer,38.6618904712,-90.264229927,,,7,8,,2,0.596,,gable_family,0.492,,masonry,0.865,,,Negligible to Slight,none,0.57
2050,steer,38.6661233541,-90.2431807353,2921 N Taylor Ave St. Louis MO 63115 US,,7,8,,2,0.565,,gable_family,0.546,,masonry,0.82,,,Moderate,moderate,0.425
2051,steer,38.6682689018,-90.2290444361,,,7,8,,2,0.647,,gable_family,0.511,,masonry,0.94,,,Substantial to Heavy,none,0.435
2052,steer,38.6638030025,-90.2654449732,,,7,8,,2,0.48,,gable_family,0.548,,masonry,0.8,,,Negligible to Slight,none,0.655
2053,steer,38.6571984359,-90.2506140043,,,7,8,,2,0.63,,gable_family,0.469,,masonry,0.805,,,Substantial to Heavy,none,0.39
2054,steer,38.6647492397,-90.2435183571,2801 N Taylor Ave St. Louis MO 63115 US,,7,8,,2,0.545,,gable_family,0.481,,masonry,0.778,,,Substantial to Heavy,moderate,0.465
2055,steer,38.6612149662,-90.2622140362,,,14,8,,2,0.523,,flat,0.285,,masonry,0.855,,,Negligible to Slight,none,0.59
2056,steer,38.663860449,-90.2644703308,,,7,8,,2,0.458,,gable_family,0.438,,masonry,0.795,,,Moderate,moderate,0.46
2057,steer,38.6662589778,-90.243140002,2925 N Taylor Ave St. Louis MO 63115 US,,7,8,,2,0.56,,gable_family,0.508,,masonry,0.95,,,Moderate,moderate,0.48
2058,steer,38.6576108829,-90.254608615,4656 Page Blvd åœ£è·¯æ˜“æ–¯ MO 63113 US,,7,8,,2,0.687,,gable_family,0.536,,masonry,0.865,,,Negligible to Slight,none,0.6
2059,steer,38.6685691867,-90.2297542754,,,7,8,,2,0.642,,gable_family,0.458,,masonry,0.86,,,Moderate,none,0.51
2060,steer,38.670506084,-90.2387605543,,,7,8,,2,0.475,,gable_family,0.35,,masonry,0.86,,,Negligible to Slight,moderate,0.51
2061,steer,38.66313215,-90.2636997616,,,7,8,,2,0.495,,gable_family,0.469,,masonry,0.73,,,Moderate,moderate,0.49
2062,steer,38.6652150711,-90.2433446458,4510 St Louis Ave St. Louis MO 63115 US,,7,8,,2,0.43,,gable_family,0.394,,masonry,0.88,,,Very Heavy,moderate,0.435
2063,steer,38.6570075345,-90.2519833633,,,7,8,,2,0.527,,gable_family,0.512,,masonry,0.89,,,Substantial to Heavy,none,0.555
2064,steer,38.6617787493,-90.2698840838,,,7,8,,2,0.815,,gable_family,0.698,,masonry,0.965,,,Moderate,none,0.615
2065,steer,38.6688627207,-90.2304217142,,,7,8,,2,0.562,,gable_family,0.504,,masonry,0.813,,,Negligible to Slight,moderate,0.465
2066,steer,38.663527056,-90.2634312202,,,7,8,,2,0.519,,gable_family,0.329,,masonry,0.82,,,Negligible to Slight,none,0.48
2067,steer,38.6569936824,-90.2500928334,,,7,8,,2,0.683,,gable_family,0.502,,masonry,0.83,,,Moderate,none,0.515
2068,steer,38.6657420676,-90.2448229366,4560 St Louis Ave St. Louis MO 63115 US,,7,8,,2,0.488,,gable_family,0.472,,masonry,0.84,,,Moderate,none,0.575
2069,steer,38.6698169693,-90.2393532157,,,7,8,,2,0.539,,gable_family,0.503,,masonry,0.94,,,Negligible to Slight,none,0.555
2070,steer,38.6632982758,-90.2626652639,,,7,8,,2,0.549,,gable_family,0.349,,masonry,0.81,,,Negligible to Slight,none,0.52
2071,steer,38.6659694984,-90.245064935,4564 St Louis Ave St. Louis MO 63115 US,,6,8,,1,0.41,,gable_family,0.305,,masonry,0.81,,,Very Heavy,moderate,0.55
2072,steer,38.6572329025,-90.2554209504,4725 Vernon Ave åœ£è·¯æ˜“æ–¯ MO 63113 US,,7,8,,2,0.545,,gable_family,0.393,,masonry,0.93,,,Moderate,none,0.47
2073,steer,38.6615664264,-90.2684243156,,,7,8,,2,0.745,,gable_family,0.625,,masonry,0.965,,,Negligible to Slight,none,0.565
2074,steer,38.6684724868,-90.2307609112,,,6,8,,1,0.43,,gable_family,0.462,,masonry,0.915,,,Moderate,none,0.465
2075,steer,38.6628065257,-90.262673537,,,6,8,,1,0.43,,gable_family,0.394,,masonry,0.765,,,Negligible to Slight,none,0.445
2076,steer,38.6661217098,-90.2454301866,4574 St Louis Ave St. Louis MO 63115 US,,7,8,,2,0.428,,gable_family,0.399,,masonry,0.855,,,Moderate,moderate,0.525
2077,steer,38.6615370987,-90.2682515606,,,7,8,,2,0.657,,gable_family,0.631,,masonry,0.895,,,Negligible to Slight,none,0.47
2078,steer,38.6576053041,-90.2515109983,,,7,8,,2,0.555,,gable_family,0.452,,masonry,0.805,,,Negligible to Slight,none,0.5
2079,steer,38.6668623429,-90.2456803924,4613 St Louis Ave St. Louis MO 63115 US,,7,8,,2,0.453,,gable_family,0.458,,masonry,0.85,,,Negligible to Slight,moderate,0.445
2080,steer,38.6628366267,-90.2627363623,,,6,8,,1,0.47,,gable_family,0.389,,masonry,0.815,,,Negligible to Slight,none,0.56
2081,steer,38.668564899,-90.2309706483,,,7,8,,2,0.47,,gable_family,0.553,,masonry,0.77,,,Negligible to Slight,none,0.55
2082,steer,38.6607590817,-90.2684597525,,,7,8,,2,0.605,,gable_family,0.487,,masonry,0.94,,,Moderate,moderate,0.45
2083,steer,38.6665663678,-90.2464545433,4628 St Louis Ave St. Louis MO 63115 US,,7,8,,2,0.543,,gable_family,0.409,,masonry,0.905,,,Very Heavy,none,0.585
2084,steer,38.6605361929,-90.265651712,,,7,8,,2,0.697,,gable_family,0.502,,masonry,0.9,,,Negligible to Slight,none,0.525
2085,steer,38.6569495919,-90.2499941854,,,7,8,,2,0.774,,gable_family,0.473,,masonry,0.838,,,Moderate,moderate,0.435
2086,steer,38.6679891525,-90.2497196975,4742 St Louis Ave St. Louis MO 63115 US,,7,8,,2,0.552,,gable_family,0.451,,masonry,0.875,,,Substantial to Heavy,moderate,0.43
2087,steer,38.6613586063,-90.2671914929,,,7,8,,2,0.773,,gable_family,0.585,,masonry,0.915,,,Negligible to Slight,none,0.55
2088,steer,38.6610880919,-90.2653787794,,,7,8,,2,0.56,,gable_family,0.53,,masonry,0.85,,,Negligible to Slight,none,0.635
2089,steer,38.6690046086,-90.2308492215,,,7,8,,2,0.494,,gable_family,0.454,,masonry,0.96,,,Moderate,moderate,0.455
2090,steer,38.6577597281,-90.2518533526,,,7,8,,2,0.541,,gable_family,0.424,,masonry,0.745,,,Moderate,none,0.45
2091,steer,38.6607057691,-90.2673090538,,,7,8,,2,0.684,,gable_family,0.423,,masonry,0.944,,,Negligible to Slight,none,0.59
2092,steer,38.6667691564,-90.2458712566,4613 St Louis Ave St. Louis MO 63115 US,,7,8,,2,0.507,,gable_family,0.506,,masonry,0.835,,,Negligible to Slight,none,0.635
2093,steer,38.6604565089,-90.2650772558,,,7,8,,2,0.595,,gable_family,0.569,,masonry,0.92,,,Negligible to Slight,none,0.47
2094,steer,38.6578166575,-90.252034141,,,7,8,,2,0.642,,gable_family,0.498,,masonry,0.835,,,Substantial to Heavy,none,0.455
2095,steer,38.6678687303,-90.2304394639,,,7,8,,2,0.575,,gable_family,0.564,,masonry,0.845,,,Negligible to Slight,none,0.62
2096,steer,38.6672555528,-90.2496143124,4725 Maffitt Ave St. Louis MO 63113 US,,7,8,,2,0.61,,gable_family,0.496,,masonry,0.95,,,Moderate,none,0.475
2097,steer,38.6651985306,-90.2671137836,,,14,8,,2,0.482,,flat,0.308,,masonry,0.895,,,Negligible to Slight,none,0.585
2098,steer,38.6610525561,-90.2649866693,,,7,8,,2,0.62,,gable_family,0.547,,masonry,0.885,,,Negligible to Slight,none,0.66
2099,steer,38.6643706931,-90.2673455865,,,7,8,,2,0.52,,gable_family,0.46,,masonry,0.85,,,Negligible to Slight,none,0.665
2100,steer,38.6588956526,-90.2499096127,4561 Dr Martin Luther King Dr St. Louis MO 63113 US,,7,8,,2,0.544,,gable_family,0.328,,masonry,0.795,,,Negligible to Slight,moderate,0.455
2101,steer,38.660312807,-90.263449902,,,7,8,,2,0.595,,gable_family,0.509,,masonry,0.94,,,Negligible to Slight,moderate,0.51
2102,steer,38.6671781651,-90.2494223442,4719 Maffitt Ave St. Louis MO 63113 US,,7,8,,2,0.42,,gable_family,0.349,,masonry,0.875,,,Moderate,none,0.53
2103,steer,38.664254411,-90.2670323486,,,7,8,,2,0.646,,gable_family,0.571,,masonry,0.905,,,Destruction,none,0.51
2104,steer,38.6588637482,-90.2498059762,4557 Dr Martin Luther King Dr St. Louis MO 63113 US,,7,8,,2,0.531,,gable_family,0.453,,masonry,0.753,,,Moderate,moderate,0.545
2105,steer,38.6675577529,-90.229753914,,,7,8,,2,0.695,,gable_family,0.518,,masonry,0.91,,,Moderate,moderate,0.395
2106,steer,38.6607557689,-90.2628022818,,,7,8,,2,0.539,,gable_family,0.447,,masonry,0.915,,,Negligible to Slight,none,0.54
2107,steer,38.6648237131,-90.2670359826,,,7,8,,2,0.501,,gable_family,0.29,,masonry,0.835,,,Negligible to Slight,none,0.51
2108,steer,38.6671323818,-90.2493531909,4717 Maffitt Ave St. Louis MO 63113 US,,7,8,,2,0.41,,gable_family,0.319,,masonry,0.91,,,Moderate,none,0.465
2109,steer,38.6583108058,-90.2532232782,,,7,8,,2,0.646,,gable_family,0.526,,masonry,0.95,,,Substantial to Heavy,none,0.53
2110,steer,38.6636389622,-90.2653149942,,,7,8,,2,0.538,,gable_family,0.562,,masonry,0.79,,,Negligible to Slight,none,0.53
2111,steer,38.6611080545,-90.263029316,,,7,8,,2,0.542,,gable_family,0.397,,masonry,0.89,,,Negligible to Slight,none,0.515
2112,steer,38.667391991,-90.2293122246,,,7,8,,2,0.668,,gable_family,0.518,,masonry,0.935,,,Negligible to Slight,none,0.675
2113,steer,38.6677033827,-90.249075294,4718 St Louis Ave St. Louis MO 63115 US,,7,8,,2,0.5,,gable_family,0.423,,masonry,0.88,,,Substantial to Heavy,none,0.58
2114,steer,38.663357001,-90.2644734228,,,7,8,,2,0.732,,gable_family,0.551,,masonry,0.82,,,Negligible to Slight,none,0.635
2115,steer,38.6582374527,-90.253057723,,,7,8,,2,0.626,,gable_family,0.58,,masonry,0.865,,,Moderate,moderate,0.46
2116,steer,38.6602441291,-90.2609762116,,,14,8,,2,0.445,,flat,0.334,,masonry,0.88,,,Moderate,moderate,0.475
2117,steer,38.6670729509,-90.2488495131,2807 Marcus Ave St. Louis MO 63115 US,,7,8,,2,0.487,,gable_family,0.477,,masonry,0.835,,,Substantial to Heavy,moderate,0.48
2118,steer,38.6632512468,-90.2642071473,,,7,8,,2,0.538,,gable_family,0.404,,masonry,0.84,,,Negligible to Slight,none,0.475
2119,steer,38.6672345165,-90.2289541911,,,7,8,,2,0.515,,gable_family,0.353,,masonry,0.94,,,Negligible to Slight,none,0.535
2120,steer,38.6605917057,-90.2622973314,,,7,8,,2,0.518,,gable_family,0.295,,masonry,0.945,,,Negligible to Slight,none,0.515
2121,steer,38.6665185286,-90.2480481564,4645 Maffitt Ave St. Louis MO 63113 US,,7,8,,2,0.44,,gable_family,0.516,,masonry,0.785,,,Moderate,moderate,0.495
2122,steer,38.6587470375,-90.2497110348,4553 Dr Martin Luther King Dr St. Louis MO 63113 US,,14,8,,2,0.453,,flat,0.333,,masonry,0.88,,,Destruction,moderate,0.415
2123,steer,38.6499238608,-90.2887016487,5784 De Giverville Ave St. Louis MO 63112 US,,7,8,,2,0.726,,gable_family,0.448,,masonry,0.96,,,Negligible to Slight,none,0.575
2124,steer,38.6668955736,-90.2471452698,4650 St Louis Ave St. Louis MO 63115 US,,7,8,,2,0.547,,gable_family,0.472,,masonry,0.77,,,Negligible to Slight,moderate,0.43
2125,steer,38.6602475429,-90.2627982374,,,7,8,,2,0.475,,gable_family,0.4,,masonry,0.915,,,Moderate,moderate,0.46
2126,steer,38.6631891434,-90.2638786848,,,7,8,,2,0.513,,gable_family,0.438,,masonry,0.91,,,Negligible to Slight,none,0.45
2127,steer,38.6589080407,-90.2485751264,4526 Aldine Ave St. Louis MO 63113 US,,7,8,,2,0.572,,gable_family,0.313,,masonry,0.93,,,Moderate,moderate,0.49
2128,steer,38.666168644,-90.2472416299,4627 Maffitt Ave St. Louis MO 63113 US,,7,8,,2,0.433,,gable_family,0.414,,masonry,0.635,,,Moderate,moderate,0.525
2129,steer,38.6630773451,-90.263548787,,,7,8,,2,0.615,,gable_family,0.485,,masonry,0.9,,,Negligible to Slight,moderate,0.42
2130,steer,38.6478423481,-90.2747650219,5307 Pershing Ave åœ£è·¯æ˜“æ–¯ MO 63108 US,,7,8,,2,0.588,,gable_family,0.388,,masonry,0.94,,,Negligible to Slight,moderate,0.495
2131,steer,38.6710691539,-90.240102907,,,7,8,,2,0.545,,gable_family,0.412,,masonry,0.865,,,Negligible to Slight,none,0.64
2132,steer,38.6587992274,-90.2531152814,,,7,8,,2,0.535,,gable_family,0.473,,masonry,0.71,,,Moderate,moderate,0.42
2133,steer,38.6657755481,-90.2462955089,4593 Maffitt Ave St. Louis MO 63113 US,,7,8,,2,0.535,,gable_family,0.551,,masonry,0.635,,,Moderate,moderate,0.465
2134,steer,38.6629793253,-90.2621165673,,,7,8,,2,0.463,,gable_family,0.299,,masonry,0.805,,,Negligible to Slight,moderate,0.465
2135,steer,38.65005682,-90.2889358609,5788 Waterman Blvd St. Louis MO 63112 US,,7,8,,2,0.622,,gable_family,0.395,,masonry,0.93,,,Negligible to Slight,none,0.465
2136,steer,38.658871199,-90.2532522094,,,7,8,,2,0.522,,gable_family,0.58,,masonry,0.65,,,Moderate,none,0.405
2137,steer,38.6592070518,-90.2570526464,,,7,8,,2,0.699,,gable_family,0.508,,masonry,0.895,,,Moderate,none,0.54
2138,steer,38.6692153595,-90.2372011122,,,7,8,,2,0.539,,gable_family,0.351,,masonry,0.825,,,Negligible to Slight,moderate,0.47
2139,steer,38.6596054471,-90.2574361039,,,7,8,,2,0.638,,gable_family,0.554,,masonry,0.88,,,Moderate,moderate,0.475
2140,steer,38.6610888868,-90.265305084,,,7,8,,2,0.625,,gable_family,0.483,,masonry,0.84,,,Negligible to Slight,none,0.525
2141,steer,38.6693826765,-90.2370699003,,,6,8,,1,0.456,,gable_family,0.398,,masonry,0.835,,,Negligible to Slight,moderate,0.43
2142,steer,38.6495708786,-90.2882937502,5772 De Giverville Ave St. Louis MO 63112 US,,7,8,,2,0.743,,gable_family,0.498,,masonry,0.95,,,Negligible to Slight,none,0.59
2143,steer,38.6573748503,-90.2562588655,1208 Walton Ave åœ£è·¯æ˜“æ–¯ MO 63113 US,,7,8,,2,0.523,,gable_family,0.516,,masonry,0.89,,,Destruction,moderate,0.515
2144,steer,38.6494470616,-90.2881150714,5768 De Giverville Ave St. Louis MO 63112 US,,7,8,,2,0.724,,gable_family,0.561,,masonry,0.988,,,Negligible to Slight,none,0.575
2145,steer,38.6610158041,-90.2647822055,,,7,8,,2,0.72,,gable_family,0.501,,masonry,0.89,,,Negligible to Slight,none,0.67
2146,steer,38.6596849782,-90.2574337581,,,7,8,,2,0.639,,gable_family,0.551,,masonry,0.95,,,Negligible to Slight,none,0.54
2147,steer,38.6581419423,-90.2558739468,4718 Page Blvd åœ£è·¯æ˜“æ–¯ MO 63113 US,,7,8,,2,0.527,,gable_family,0.522,,masonry,0.824,,,Destruction,moderate,0.44
2148,steer,38.6696085868,-90.2375556793,,,7,8,,2,0.529,,gable_family,0.303,,masonry,0.895,,,Negligible to Slight,none,0.635
2149,steer,38.6609969994,-90.2646502934,,,7,8,,2,0.68,,gable_family,0.611,,masonry,0.915,,,Negligible to Slight,none,0.605
2150,steer,38.6486685974,-90.2757068163,40 Waterman Pl åœ£è·¯æ˜“æ–¯ MO 63112 US,,7,8,,2,0.71,,gable_family,0.576,,masonry,0.955,,,Negligible to Slight,none,0.485
2151,steer,38.6562177597,-90.2552419066,4715 Newberry Terr åœ£è·¯æ˜“æ–¯ MO 63113 US,,7,8,,2,0.687,,gable_family,0.547,,masonry,0.933,,,Moderate,moderate,0.45
2152,steer,38.6589837478,-90.2547371104,,,7,8,,2,0.65,,gable_family,0.441,,masonry,0.92,,,Moderate,none,0.45
2153,steer,38.6598345007,-90.2573469635,,,7,8,,2,0.545,,gable_family,0.516,,masonry,0.83,,,Negligible to Slight,none,0.525
2154,steer,38.6611128277,-90.2631403007,,,7,8,,2,0.572,,gable_family,0.425,,masonry,0.895,,,Negligible to Slight,none,0.55
2155,steer,38.6562145263,-90.2553344813,4717 Newberry Terr åœ£è·¯æ˜“æ–¯ MO 63113 US,,7,8,,2,0.555,,gable_family,0.392,,masonry,0.92,,,Moderate,none,0.585
2156,steer,38.6599730111,-90.2573300738,,,7,8,,2,0.51,,gable_family,0.493,,masonry,0.855,,,Destruction,moderate,0.445
2157,steer,38.6690580974,-90.2384025949,,,7,8,,2,0.512,,gable_family,0.355,,masonry,0.905,,,Moderate,moderate,0.45
2158,steer,38.6601906766,-90.2625364517,,,7,6,,2,0.516,,complex_family,0.306,,masonry,0.963,,,Moderate,none,0.495
2159,steer,38.6562555671,-90.2561501625,4741 Newberry Terr åœ£è·¯æ˜“æ–¯ MO 63113 US,,7,8,,2,0.75,,gable_family,0.51,,masonry,0.94,,,Negligible to Slight,none,0.46
2160,steer,38.6490641068,-90.2875347148,5754 De Giverville Ave St. Louis MO 63112 US,,7,8,,2,0.69,,gable_family,0.552,,masonry,0.935,,,Moderate,none,0.41
2161,steer,38.6681276341,-90.2379543366,,,7,8,,2,0.488,,gable_family,0.472,,masonry,0.77,,,Negligible to Slight,none,0.5
2162,steer,38.6592109143,-90.2545748686,,,7,8,,2,0.45,,gable_family,0.487,,masonry,0.83,,,Moderate,moderate,0.5
2163,steer,38.6562667574,-90.2562689877,4747 Newberry Terr åœ£è·¯æ˜“æ–¯ MO 63113 US,,7,8,,2,0.68,,gable_family,0.482,,masonry,0.945,,,Moderate,none,0.595
2164,steer,38.6599688342,-90.2584771966,,,7,8,,2,0.575,,gable_family,0.468,,masonry,0.875,,,Substantial to Heavy,moderate,0.475
2165,steer,38.6679867136,-90.2380404467,,,7,8,,2,0.533,,gable_family,0.384,,masonry,0.855,,,Negligible to Slight,none,0.64
2166,steer,38.6491081908,-90.2876176699,5756 De Giverville Ave St. Louis MO 63112 US,,7,8,,2,0.695,,gable_family,0.507,,masonry,0.955,,,Moderate,none,0.48
2167,steer,38.659382913,-90.2544367708,,,7,8,,2,0.52,,gable_family,0.533,,masonry,0.735,,,Negligible to Slight,none,0.57
2168,steer,38.6555707744,-90.2532753724,4606 Newberry Terr åœ£è·¯æ˜“æ–¯ MO 63113 US,,7,8,,2,0.735,,gable_family,0.576,,masonry,0.914,,,Negligible to Slight,none,0.57
2169,steer,38.6610342675,-90.2586990412,1344 North Euclid Avenue St. Louis Missouri 63113 United States,,7,8,,2,0.591,,gable_family,0.373,,masonry,0.885,,,Very Heavy,moderate,0.405
2170,steer,38.6594993469,-90.2563847322,,,7,8,,2,0.69,,gable_family,0.564,,masonry,0.925,,,Very Heavy,moderate,0.42
2171,steer,38.6692845451,-90.2382517516,,,7,8,,2,0.532,,gable_family,0.359,,masonry,0.86,,,Substantial to Heavy,moderate,0.525
2172,steer,38.6490147114,-90.2874505538,5752 De Giverville Ave St. Louis MO 63112 US,,7,8,,2,0.658,,gable_family,0.584,,masonry,0.945,,,Moderate,none,0.415
2173,steer,38.6596475283,-90.2563462292,,,7,8,,2,0.52,,gable_family,0.441,,masonry,0.91,,,Very Heavy,none,0.445
2174,steer,38.6709802198,-90.2396748008,,,14,8,,2,0.543,,flat,0.377,,masonry,0.885,,,Substantial to Heavy,moderate,0.505
2175,steer,38.6632933057,-90.2655056281,,,7,8,,2,0.597,,gable_family,0.531,,masonry,0.9,,,Substantial to Heavy,none,0.545
2176,steer,38.6586133758,-90.2555262012,,,7,8,,2,0.532,,gable_family,0.494,,masonry,0.825,,,Substantial to Heavy,none,0.505
2177,steer,38.6598051959,-90.256339099,,,7,8,,2,0.602,,gable_family,0.492,,masonry,0.915,,,Moderate,none,0.48
2178,steer,38.6708310802,-90.2398581341,,,7,8,,2,0.57,,gable_family,0.417,,masonry,0.945,,,Negligible to Slight,none,0.465
2179,steer,38.6624954848,-90.2629190075,,,7,8,,2,0.656,,gable_family,0.433,,masonry,0.895,,,Negligible to Slight,none,0.605
2180,steer,38.6589161936,-90.2548124356,,,7,8,,2,0.495,,gable_family,0.447,,masonry,0.9,,,Moderate,moderate,0.485
2181,steer,38.648916974,-90.2872737096,5748 De Giverville Ave St. Louis MO 63112 US,,7,8,,2,0.692,,gable_family,0.512,,masonry,0.845,,,Moderate,none,0.58
2182,steer,38.6597238566,-90.2563505073,,,7,8,,2,0.567,,gable_family,0.566,,masonry,0.915,,,Substantial to Heavy,none,0.595
2183,steer,38.6707363374,-90.2399020219,,,7,8,,2,0.677,,gable_family,0.407,,masonry,0.98,,,Negligible to Slight,moderate,0.47
2184,steer,38.6585049348,-90.2553560762,,,7,8,,2,0.628,,gable_family,0.51,,masonry,0.88,,,Negligible to Slight,none,0.59
2185,steer,38.6692404347,-90.2377375585,,,7,8,,2,0.545,,gable_family,0.369,,masonry,0.865,,,Negligible to Slight,moderate,0.47
2186,steer,38.6702052688,-90.2396841975,,,7,8,,2,0.497,,gable_family,0.486,,masonry,0.893,,,Negligible to Slight,moderate,0.445
2187,steer,38.6487564948,-90.286860446,5740 De Giverville Ave St. Louis MO 63112 US,,7,8,,2,0.687,,gable_family,0.547,,masonry,0.975,,,Moderate,none,0.475
2188,steer,38.6704942303,-90.2395181421,,,7,8,,2,0.53,,gable_family,0.389,,masonry,0.94,,,Negligible to Slight,moderate,0.46
2189,steer,38.6701344822,-90.2378064535,,,6,8,,1,0.456,,gable_family,0.32,,masonry,0.835,,,Very Heavy,moderate,0.415
2190,steer,38.6586760836,-90.2557364495,,,7,8,,2,0.595,,gable_family,0.427,,masonry,0.855,,,Moderate,none,0.465
2191,steer,38.670540358,-90.2394707026,,,7,8,,2,0.625,,gable_family,0.452,,masonry,0.955,,,Negligible to Slight,moderate,0.425
2192,steer,38.6707202981,-90.2393394794,,,7,8,,2,0.401,,gable_family,0.374,,masonry,0.905,,,Negligible to Slight,none,0.495
2193,steer,38.6627985576,-90.2666020425,,,7,8,,2,0.677,,gable_family,0.531,,masonry,0.92,,,Negligible to Slight,none,0.49
2194,steer,38.6606245105,-90.2587163701,,,7,8,,2,0.455,,gable_family,0.375,,masonry,0.885,,,Destruction,moderate,0.485
2195,steer,38.6527081907,-90.2828146785,609 Clara Ave åœ£è·¯æ˜“æ–¯ MO 63112 US,,7,8,,2,0.667,,gable_family,0.45,,masonry,0.96,,,Negligible to Slight,none,0.565
2196,steer,38.6599679139,-90.2563227879,,,7,8,,2,0.555,,gable_family,0.473,,masonry,0.83,,,Negligible to Slight,none,0.445
2197,steer,38.6611959264,-90.2576363076,,,7,8,,2,0.499,,gable_family,0.414,,masonry,0.875,,,Very Heavy,moderate,0.49
2198,steer,38.6702473179,-90.2381117916,4448 Natural Bridge Avenue St. Louis Missouri 63115 United States,,14,8,,2,0.454,,flat,0.325,,masonry,0.845,,,Moderate,moderate,0.415
2199,steer,38.6593450274,-90.2553418771,,,7,8,,2,0.465,,gable_family,0.522,,masonry,0.81,,,Negligible to Slight,moderate,0.43
2200,steer,38.6608196679,-90.2577041522,,,6,8,,1,0.463,,gable_family,0.463,,masonry,0.685,,,Very Heavy,moderate,0.535
2201,steer,38.6630958821,-90.267892046,,,7,8,,2,0.667,,gable_family,0.432,,masonry,0.905,,,Negligible to Slight,none,0.515
2202,steer,38.6533978939,-90.282440674,627 Clara Ave åœ£è·¯æ˜“æ–¯ MO 63112 US,,7,6,,2,0.62,,complex_family,0.33,,masonry,0.955,,,Negligible to Slight,moderate,0.435
2203,steer,38.6609567062,-90.2561762585,,,7,8,,2,0.52,,gable_family,0.418,,masonry,0.83,,,Moderate,moderate,0.485
2204,steer,38.6588599828,-90.2560063277,,,7,8,,2,0.507,,gable_family,0.487,,masonry,0.855,,,Moderate,none,0.48
2205,steer,38.6604771437,-90.2562352827,,,7,8,,2,0.472,,gable_family,0.502,,masonry,0.708,,,Moderate,none,0.51
2206,steer,38.6632167698,-90.2683538556,,,7,8,,2,0.589,,gable_family,0.511,,masonry,0.885,,,Negligible to Slight,none,0.44
2207,steer,38.660122152,-90.2562911371,,,7,8,,2,0.673,,gable_family,0.601,,masonry,0.88,,,Moderate,none,0.575
2208,steer,38.6596703321,-90.2553042613,,,7,8,,2,0.57,,gable_family,0.434,,masonry,0.853,,,Negligible to Slight,none,0.525
2209,steer,38.6760706092,-90.2291779922,,,7,8,,2,0.605,,gable_family,0.452,,masonry,0.955,,,Moderate,moderate,0.465
2210,steer,38.6602711631,-90.2558325353,,,7,8,,2,0.566,,gable_family,0.533,,masonry,0.8,,,Moderate,moderate,0.535
2211,steer,38.6640818334,-90.2682364485,,,7,8,,2,0.685,,gable_family,0.548,,masonry,0.95,,,Moderate,moderate,0.47
2212,steer,38.6696710378,-90.2389249591,,,7,8,,2,0.575,,gable_family,0.576,,masonry,0.92,,,Negligible to Slight,none,0.5
2213,steer,38.6691890936,-90.2377722554,,,7,8,,2,0.604,,gable_family,0.486,,masonry,0.825,,,Negligible to Slight,moderate,0.41
2214,steer,38.6761716552,-90.2300296346,,,7,8,,2,0.455,,gable_family,0.336,,masonry,0.925,,,Negligible to Slight,none,0.52
2215,steer,38.6600952384,-90.2553867982,,,7,8,,2,0.482,,gable_family,0.518,,masonry,0.775,,,Moderate,moderate,0.535
2216,steer,38.6625490437,-90.2672716304,,,7,8,,2,0.723,,gable_family,0.629,,masonry,0.9,,,Negligible to Slight,none,0.47
2217,steer,38.6696125429,-90.2388625229,,,7,8,,2,0.612,,gable_family,0.485,,masonry,0.91,,,Negligible to Slight,moderate,0.525
2218,steer,38.6596070949,-90.2559205243,,,7,8,,2,0.565,,gable_family,0.503,,masonry,0.925,,,Moderate,none,0.46
2219,steer,38.6628795194,-90.2686852586,,,7,8,,2,0.683,,gable_family,0.55,,masonry,0.89,,,Negligible to Slight,none,0.545
2220,steer,38.6759762687,-90.2292249362,,,7,8,,2,0.637,,gable_family,0.358,,masonry,0.958,,,Negligible to Slight,none,0.47
2221,steer,38.6603352927,-90.2513450256,1529 Cora Ave St. Louis MO 63113 US,,7,8,,2,0.572,,gable_family,0.413,,masonry,0.94,,,Negligible to Slight,none,0.605
2222,steer,38.6594365943,-90.2559516158,,,7,8,,2,0.53,,gable_family,0.433,,masonry,0.865,,,Moderate,none,0.565
2223,steer,38.6598097864,-90.2546339743,,,7,8,,2,0.552,,gable_family,0.573,,masonry,0.925,,,Moderate,moderate,0.455
2224,steer,38.6618760596,-90.2676937624,,,7,8,,2,0.578,,gable_family,0.471,,masonry,0.875,,,Negligible to Slight,none,0.49
2225,steer,38.6761271954,-90.2301260544,,,7,8,,2,0.492,,gable_family,0.382,,masonry,0.945,,,Negligible to Slight,none,0.51
2226,steer,38.660111036,-90.2557040812,,,7,8,,2,0.635,,gable_family,0.527,,masonry,0.843,,,Destruction,moderate,0.405
2227,steer,38.6703556004,-90.2384405132,,,6,8,,1,0.425,,gable_family,0.289,,masonry,0.845,,,Substantial to Heavy,none,0.505
2228,steer,38.668639816,-90.2380926941,,,7,8,,2,0.645,,gable_family,0.403,,masonry,0.95,,,Negligible to Slight,moderate,0.395
2229,steer,38.6610480604,-90.2572021193,,,7,8,,2,0.531,,gable_family,0.488,,masonry,0.835,,,Destruction,moderate,0.515
2230,steer,38.6627008111,-90.2679219328,,,7,8,,2,0.637,,gable_family,0.492,,masonry,0.94,,,Negligible to Slight,none,0.68
2231,steer,38.6601784997,-90.2540705091,,,7,8,,2,0.615,,gable_family,0.337,,masonry,0.96,,,Destruction,moderate,0.46
2232,steer,38.6688369599,-90.2385683208,,,7,8,,2,0.505,,gable_family,0.428,,masonry,0.945,,,Negligible to Slight,moderate,0.48
2233,steer,38.6753537001,-90.2296605547,,,7,8,,2,0.65,,gable_family,0.532,,masonry,0.96,,,Negligible to Slight,none,0.545
2234,steer,38.6595234751,-90.2515014442,4519 Dr Martin Luther King Dr St. Louis MO 63113 US,,7,8,,2,0.505,,gable_family,0.379,,masonry,0.89,,,Moderate,moderate,0.465
2235,steer,38.6623338194,-90.2661531771,,,7,8,,2,0.71,,gable_family,0.515,,masonry,0.895,,,Moderate,none,0.615
2236,steer,38.6599165512,-90.2532804644,,,7,8,,2,0.54,,gable_family,0.423,,masonry,0.85,,,Destruction,moderate,0.445
2237,steer,38.6753183156,-90.2297464317,,,7,8,,2,0.645,,gable_family,0.497,,masonry,0.965,,,Negligible to Slight,none,0.58
2238,steer,38.6681278141,-90.2385963741,,,7,8,,2,0.585,,gable_family,0.467,,masonry,0.88,,,Very Heavy,moderate,0.475
2239,steer,38.6598078029,-90.2510207517,4596 Aldine Ave St. Louis MO 63113 US,,7,8,,2,0.515,,gable_family,0.436,,masonry,0.785,,,Negligible to Slight,none,0.43
2240,steer,38.6691841382,-90.2388270336,,,7,8,,2,0.677,,gable_family,0.532,,masonry,0.935,,,Moderate,none,0.53
2241,steer,38.6703756357,-90.2385447981,,,7,8,,2,0.479,,gable_family,0.299,,masonry,0.865,,,Negligible to Slight,none,0.455
2242,steer,38.6692758816,-90.2390496328,,,7,8,,2,0.59,,gable_family,0.476,,masonry,0.91,,,Moderate,none,0.595
2243,steer,38.667766852,-90.2386533834,,,7,6,,2,0.54,,complex_family,0.361,,masonry,0.945,,,Substantial to Heavy,moderate,0.43
2244,steer,38.6592297523,-90.2522392879,,,7,8,,2,0.6,,gable_family,0.433,,masonry,0.845,,,Destruction,moderate,0.45
2245,steer,38.6704115509,-90.2386156299,,,7,8,,2,0.449,,gable_family,0.275,,masonry,0.853,,,Negligible to Slight,none,0.53
2246,steer,38.6753367164,-90.2307115561,,,7,8,,2,0.64,,gable_family,0.325,,masonry,0.905,,,Negligible to Slight,none,0.595
2247,steer,38.6560703739,-90.2540617549,4637 Newberry Terr åœ£è·¯æ˜“æ–¯ MO 63113 US,,7,8,,2,0.68,,gable_family,0.537,,masonry,0.93,,,Moderate,none,0.56
2248,steer,38.6615393952,-90.2656514664,,,7,8,,2,0.569,,gable_family,0.393,,masonry,0.93,,,Negligible to Slight,none,0.585
2249,steer,38.658841288,-90.2516554959,,,7,8,,2,0.561,,gable_family,0.4,,masonry,0.865,,,Negligible to Slight,none,0.605
2250,steer,38.6593698036,-90.2521251827,,,7,8,,2,0.552,,gable_family,0.36,,masonry,0.925,,,Substantial to Heavy,moderate,0.455
2251,steer,38.6615058768,-90.265507852,,,7,8,,2,0.639,,gable_family,0.587,,masonry,0.84,,,Negligible to Slight,none,0.545
2252,steer,38.6751834219,-90.2308175729,,,7,8,,2,0.685,,gable_family,0.48,,masonry,0.87,,,Negligible to Slight,none,0.54
2253,steer,38.6679803471,-90.2379973177,,,7,8,,2,0.498,,gable_family,0.304,,masonry,0.87,,,Substantial to Heavy,none,0.525
2254,steer,38.6585686967,-90.2503499266,,,7,8,,2,0.523,,gable_family,0.38,,masonry,0.925,,,Very Heavy,none,0.46
2255,steer,38.6620330347,-90.2649280851,,,7,8,,2,0.697,,gable_family,0.584,,masonry,0.96,,,Negligible to Slight,none,0.51
2256,steer,38.656994366,-90.2490907466,,,7,8,,2,0.725,,gable_family,0.389,,masonry,0.934,,,Moderate,none,0.55
2257,steer,38.659769088,-90.2506631927,4594 Aldine Ave St. Louis MO 63113 US,,7,8,,2,0.58,,gable_family,0.414,,masonry,0.845,,,Moderate,none,0.47
2258,steer,38.6620639968,-90.2650020567,,,7,8,,2,0.608,,gable_family,0.442,,masonry,0.92,,,Negligible to Slight,none,0.495
2259,steer,38.67500475,-90.2299341547,,,7,8,,2,0.615,,gable_family,0.429,,masonry,0.92,,,Negligible to Slight,none,0.49
2260,steer,38.673773922,-90.2337335838,,,7,8,,2,0.54,,gable_family,0.493,,masonry,0.935,,,Negligible to Slight,none,0.585
2261,steer,38.6614333281,-90.264935671,,,7,8,,2,0.631,,gable_family,0.492,,masonry,0.925,,,Negligible to Slight,none,0.67
2262,steer,38.6586627302,-90.250503104,,,7,8,,2,0.493,,gable_family,0.36,,masonry,0.82,,,Substantial to Heavy,moderate,0.495
2263,steer,38.6559248123,-90.2496421421,,,7,8,,2,0.482,,gable_family,0.444,,masonry,0.79,,,Substantial to Heavy,none,0.455
2264,steer,38.6748084526,-90.2341129209,,,7,8,,2,0.592,,gable_family,0.451,,masonry,0.875,,,Moderate,none,0.435
2265,steer,38.650298444,-90.2781187255,24 Kingsbury Pl åœ£è·¯æ˜“æ–¯ MO 63112 US,,7,8,,2,0.59,,gable_family,0.549,,masonry,0.92,,,Negligible to Slight,none,0.58
2266,steer,38.6560024664,-90.2534033752,4619 Newberry Terr åœ£è·¯æ˜“æ–¯ MO 63113 US,,7,8,,2,0.675,,gable_family,0.453,,masonry,0.96,,,Very Heavy,none,0.56
2267,steer,38.6569616475,-90.2530310812,4606 Page Blvd åœ£è·¯æ˜“æ–¯ MO 63113 US,,7,8,,2,0.578,,gable_family,0.359,,masonry,0.915,,,Negligible to Slight,moderate,0.47
2268,steer,38.6614120325,-90.2648372827,,,7,8,,2,0.756,,gable_family,0.616,,masonry,0.9,,,Negligible to Slight,none,0.44
2269,steer,38.6742340062,-90.2351993696,,,7,8,,2,0.497,,gable_family,0.37,,masonry,0.86,,,Moderate,moderate,0.545
2270,steer,38.6578336161,-90.2508908771,,,7,8,,2,0.505,,gable_family,0.451,,masonry,0.855,,,Destruction,moderate,0.47
2271,steer,38.6749905691,-90.230931582,,,7,8,,2,0.598,,gable_family,0.551,,masonry,0.925,,,Moderate,none,0.51
2272,steer,38.6613357991,-90.2643892559,,,7,8,,2,0.715,,gable_family,0.569,,masonry,0.96,,,Negligible to Slight,moderate,0.45
2273,steer,38.6562097042,-90.2501272607,,,7,8,,2,0.537,,gable_family,0.518,,masonry,0.825,,,Moderate,moderate,0.42
2274,steer,38.6568143375,-90.2557738942,4732 Vernon Ave åœ£è·¯æ˜“æ–¯ MO 63113 US,,7,8,,2,0.705,,gable_family,0.431,,masonry,0.915,,,Moderate,moderate,0.45
2275,steer,38.6618960338,-90.2643047875,,,7,8,,2,0.594,,gable_family,0.501,,masonry,0.855,,,Moderate,none,0.48
2276,steer,38.6749416735,-90.2344644386,,,7,8,,2,0.423,,gable_family,0.429,,masonry,0.825,,,Moderate,moderate,0.47
2277,steer,38.6573186404,-90.2540008492,4634 Page Blvd åœ£è·¯æ˜“æ–¯ MO 63113 US,,7,8,,2,0.457,,gable_family,0.423,,masonry,0.9,,,Moderate,moderate,0.505
2278,steer,38.656816132,-90.2554139693,4722 Vernon Ave åœ£è·¯æ˜“æ–¯ MO 63113 US,,7,8,,2,0.65,,gable_family,0.418,,masonry,0.89,,,Negligible to Slight,none,0.695
2279,steer,38.6617821,-90.2612309648,,,14,8,,2,0.515,,flat,0.33,,masonry,0.9,,,Negligible to Slight,none,0.43
2280,steer,38.6750137024,-90.2346290372,,,7,8,,2,0.548,,gable_family,0.463,,masonry,0.848,,,Moderate,none,0.445
2281,steer,38.6571584552,-90.254936014,4713 Vernon Ave åœ£è·¯æ˜“æ–¯ MO 63113 US,,7,8,,2,0.705,,gable_family,0.539,,masonry,0.925,,,Moderate,none,0.435
2282,steer,38.6747505876,-90.2311195835,,,7,8,,2,0.533,,gable_family,0.465,,masonry,0.915,,,Negligible to Slight,none,0.455
2283,steer,38.6591687175,-90.2506736124,4587 Dr Martin Luther King Dr St. Louis MO 63113 US,,7,8,,2,0.545,,gable_family,0.415,,masonry,0.86,,,Moderate,moderate,0.465
2284,steer,38.661837181,-90.2708636499,,,7,8,,2,0.679,,gable_family,0.404,,masonry,0.915,,,Negligible to Slight,none,0.725
2285,steer,38.6572344822,-90.2550114283,4715 Vernon Ave åœ£è·¯æ˜“æ–¯ MO 63113 US,,7,8,,2,0.561,,gable_family,0.428,,masonry,0.895,,,Negligible to Slight,none,0.575
2286,steer,38.6580782136,-90.2499298036,,,7,8,,2,0.54,,gable_family,0.384,,masonry,0.905,,,Moderate,moderate,0.455
2287,steer,38.6500701729,-90.2759753275,12 Kingsbury Pl åœ£è·¯æ˜“æ–¯ MO 63112 US,,7,8,,2,0.69,,gable_family,0.606,,masonry,0.928,,,Negligible to Slight,none,0.385
2288,steer,38.661903292,-90.2708069345,,,7,8,,2,0.642,,gable_family,0.384,,masonry,0.96,,,Negligible to Slight,none,0.555
2289,steer,38.674851542,-90.2361673668,,,7,8,,2,0.549,,gable_family,0.404,,masonry,0.935,,,Negligible to Slight,none,0.53
2290,steer,38.6569516159,-90.2518292804,,,7,8,,2,0.6,,gable_family,0.467,,masonry,0.9,,,Moderate,none,0.47
2291,steer,38.6575411587,-90.2502164045,,,7,8,,2,0.563,,gable_family,0.464,,masonry,0.74,,,Moderate,none,0.5
2292,steer,38.6610174189,-90.2705173711,,,7,8,,2,0.71,,gable_family,0.535,,masonry,0.97,,,Negligible to Slight,none,0.445
2293,steer,38.64999705,-90.2749789078,6 Kingsbury Pl åœ£è·¯æ˜“æ–¯ MO 63112 US,,7,8,,2,0.674,,gable_family,0.497,,masonry,0.923,,,Negligible to Slight,moderate,0.535
2294,steer,38.6754718977,-90.2356123225,,,7,8,,2,0.495,,gable_family,0.433,,masonry,0.795,,,Negligible to Slight,none,0.495
2295,steer,38.6576174407,-90.2515704199,,,7,8,,2,0.525,,gable_family,0.429,,masonry,0.785,,,Negligible to Slight,none,0.47
2296,steer,38.661839699,-90.2702407198,,,7,8,,2,0.507,,gable_family,0.347,,masonry,0.93,,,Negligible to Slight,none,0.65
2297,steer,38.6572959623,-90.2497224102,,,7,8,,2,0.771,,gable_family,0.595,,masonry,0.855,,,Moderate,moderate,0.465
2298,steer,38.6617941142,-90.2700243419,,,7,8,,2,0.74,,gable_family,0.667,,masonry,0.95,,,Negligible to Slight,none,0.45
2299,steer,38.6576326572,-90.2516739554,,,7,8,,2,0.546,,gable_family,0.509,,masonry,0.84,,,Negligible to Slight,none,0.565
2300,steer,38.6747732703,-90.2305222967,,,7,8,,2,0.53,,gable_family,0.527,,masonry,0.823,,,Negligible to Slight,none,0.58
2301,steer,38.6746203739,-90.2363583629,,,7,8,,2,0.584,,gable_family,0.413,,masonry,0.955,,,Moderate,moderate,0.49
2302,steer,38.6559934952,-90.2531996322,4613 Newberry Terr åœ£è·¯æ˜“æ–¯ MO 63113 US,,7,8,,2,0.735,,gable_family,0.481,,masonry,0.945,,,Negligible to Slight,none,0.54
2303,steer,38.6572793567,-90.2525082116,,,7,8,,2,0.65,,gable_family,0.523,,masonry,0.905,,,Moderate,none,0.425
2304,steer,38.6500347934,-90.2752335021,8 Kingsbury Pl åœ£è·¯æ˜“æ–¯ MO 63112 US,,7,8,,2,0.66,,gable_family,0.486,,masonry,0.946,,,Negligible to Slight,none,0.455
2305,steer,38.661008426,-90.2703972303,,,7,8,,2,0.77,,gable_family,0.566,,masonry,0.965,,,Negligible to Slight,none,0.475
2306,steer,38.6714834614,-90.2364138617,,,7,8,,2,0.518,,gable_family,0.339,,masonry,0.925,,,Negligible to Slight,none,0.465
2307,steer,38.6559923982,-90.2530642966,4609 Newberry Terr åœ£è·¯æ˜“æ–¯ MO 63113 US,,7,8,,2,0.64,,gable_family,0.543,,masonry,0.91,,,Negligible to Slight,none,0.45
2308,steer,38.6577090126,-90.2535566462,,,7,8,,2,0.599,,gable_family,0.425,,masonry,0.925,,,Substantial to Heavy,moderate,0.515
2309,steer,38.6616885465,-90.2696213518,,,7,8,,2,0.785,,gable_family,0.555,,masonry,0.985,,,Negligible to Slight,none,0.52
2310,steer,38.6506378099,-90.2817598107,58 Kingsbury Pl åœ£è·¯æ˜“æ–¯ MO 63112 US,,7,8,,2,0.55,,gable_family,0.547,,masonry,0.89,,,Negligible to Slight,none,0.45
2311,steer,38.6609501339,-90.2697231748,,,7,8,,2,0.582,,gable_family,0.375,,masonry,0.965,,,Negligible to Slight,none,0.515
2312,steer,38.6586456743,-90.2526735258,,,7,8,,2,0.515,,gable_family,0.482,,masonry,0.795,,,Negligible to Slight,none,0.56
2313,steer,38.6559871863,-90.2528403696,4601 Newberry Terr åœ£è·¯æ˜“æ–¯ MO 63113 US,,7,8,,2,0.692,,gable_family,0.532,,masonry,0.934,,,Negligible to Slight,none,0.56
2314,steer,38.6717014189,-90.236720458,,,7,8,,2,0.563,,gable_family,0.413,,masonry,0.89,,,Moderate,moderate,0.4
2315,steer,38.6608117572,-90.2680954167,,,7,8,,2,0.578,,gable_family,0.541,,masonry,0.95,,,Negligible to Slight,none,0.505
2316,steer,38.6506322521,-90.2819783615,60 Kingsbury Pl åœ£è·¯æ˜“æ–¯ MO 63112 US,,7,8,,2,0.683,,gable_family,0.463,,masonry,0.885,,,Negligible to Slight,none,0.43
2317,steer,38.6570235506,-90.2536790608,4623 Vernon Ave åœ£è·¯æ˜“æ–¯ MO 63113 US,,7,8,,2,0.525,,gable_family,0.459,,masonry,0.835,,,Substantial to Heavy,none,0.52
2318,steer,38.6725370258,-90.2364866633,,,7,8,,2,0.504,,gable_family,0.512,,masonry,0.865,,,Moderate,none,0.585
2319,steer,38.6613263188,-90.2669197589,,,7,8,,2,0.754,,gable_family,0.591,,masonry,0.908,,,Negligible to Slight,none,0.6
2320,steer,38.6587574717,-90.249326021,4545 Dr Martin Luther King Dr St. Louis MO 63113 US,,7,8,,2,0.468,,gable_family,0.373,,masonry,0.915,,,Substantial to Heavy,moderate,0.435
2321,steer,38.6745781201,-90.2302466092,,,7,8,,2,0.6,,gable_family,0.463,,masonry,0.895,,,Negligible to Slight,none,0.595
2322,steer,38.6698832627,-90.2394333768,,,7,8,,2,0.605,,gable_family,0.456,,masonry,0.94,,,Negligible to Slight,none,0.51
2323,steer,38.6690815722,-90.2378199564,,,7,8,,2,0.507,,gable_family,0.475,,masonry,0.915,,,Negligible to Slight,moderate,0.465
2324,steer,38.6575931114,-90.2532197876,,,7,8,,2,0.51,,gable_family,0.339,,masonry,0.81,,,Moderate,none,0.475
2325,steer,38.660728751,-90.2677057959,,,7,8,,2,0.657,,gable_family,0.516,,masonry,0.88,,,Negligible to Slight,none,0.555
2326,steer,38.6718342165,-90.2371016901,,,7,8,,2,0.599,,gable_family,0.488,,masonry,0.925,,,Moderate,none,0.62
2327,steer,38.656381193,-90.2504852569,,,7,8,,2,0.621,,gable_family,0.433,,masonry,0.949,,,Negligible to Slight,none,0.505
2328,steer,38.6745921977,-90.2306688069,,,7,8,,2,0.579,,gable_family,0.458,,masonry,0.785,,,Moderate,none,0.54
2329,steer,38.6644816987,-90.2676980974,,,7,8,,2,0.558,,gable_family,0.438,,masonry,0.875,,,Negligible to Slight,none,0.555
2330,steer,38.6592441087,-90.2540572527,,,7,8,,2,0.458,,gable_family,0.453,,masonry,0.75,,,Destruction,moderate,0.475
2331,steer,38.6564549194,-90.2506120899,,,7,8,,2,0.47,,gable_family,0.463,,masonry,0.68,,,Negligible to Slight,none,0.555
2332,steer,38.6720036273,-90.2375210949,,,7,8,,2,0.68,,gable_family,0.455,,masonry,0.935,,,Moderate,moderate,0.45
2333,steer,38.6587413911,-90.2558238533,,,7,8,,2,0.595,,gable_family,0.525,,masonry,0.84,,,Substantial to Heavy,moderate,0.45
2334,steer,38.656488012,-90.250716158,,,7,8,,2,0.565,,gable_family,0.422,,masonry,0.895,,,Negligible to Slight,none,0.61
2335,steer,38.6644122661,-90.2675821313,,,7,8,,2,0.605,,gable_family,0.528,,masonry,0.915,,,Negligible to Slight,none,0.515
2336,steer,38.6502508123,-90.2783425188,26 Kingsbury Pl åœ£è·¯æ˜“æ–¯ MO 63112 US,,7,8,,2,0.52,,gable_family,0.397,,masonry,0.955,,,Negligible to Slight,none,0.465
2337,steer,38.6592620469,-90.2559334791,,,7,8,,2,0.567,,gable_family,0.443,,masonry,0.975,,,Moderate,moderate,0.45
2338,steer,38.672053908,-90.237600133,,,7,8,,2,0.652,,gable_family,0.509,,masonry,0.95,,,Negligible to Slight,none,0.485
2339,steer,38.6641307162,-90.2666450639,,,7,8,,2,0.575,,gable_family,0.517,,masonry,0.83,,,Negligible to Slight,none,0.52
2340,steer,38.6565338028,-90.2508332347,,,7,8,,2,0.564,,gable_family,0.453,,masonry,0.89,,,Negligible to Slight,none,0.545
2341,steer,38.6505338379,-90.2805394158,46 Kingsbury Pl St. Louis MO 63112 US,,7,8,,2,0.53,,gable_family,0.487,,masonry,0.905,,,Negligible to Slight,none,0.605
2342,steer,38.668553529,-90.2382243553,,,7,8,,2,0.59,,gable_family,0.386,,masonry,0.942,,,Negligible to Slight,moderate,0.53
2343,steer,38.6638954478,-90.2658379602,,,7,8,,2,0.488,,gable_family,0.453,,masonry,0.715,,,Moderate,none,0.58
2344,steer,38.6571752636,-90.2546439699,4707 Vernon Ave åœ£è·¯æ˜“æ–¯ MO 63113 US,,7,8,,2,0.538,,gable_family,0.452,,masonry,0.815,,,Very Heavy,none,0.455
2345,steer,38.672757967,-90.2370487728,,,7,8,,2,0.567,,gable_family,0.452,,masonry,0.925,,,Negligible to Slight,none,0.61
2346,steer,38.6685699507,-90.2387215404,,,7,8,,2,0.558,,gable_family,0.363,,masonry,0.94,,,Very Heavy,moderate,0.485
2347,steer,38.6504663813,-90.2800977844,42 Kingsbury Pl St. Louis MO 63112 US,,7,8,,2,0.505,,gable_family,0.403,,masonry,0.843,,,Negligible to Slight,none,0.42
2348,steer,38.662964166,-90.2631996855,,,6,8,,1,0.426,,gable_family,0.468,,masonry,0.79,,,Negligible to Slight,none,0.485
2349,steer,38.6567942916,-90.251445823,,,7,8,,2,0.64,,gable_family,0.526,,masonry,0.89,,,Negligible to Slight,none,0.545
2350,steer,38.6687031693,-90.2386179361,,,7,8,,2,0.61,,gable_family,0.447,,masonry,0.91,,,Very Heavy,moderate,0.425
2351,steer,38.6724386783,-90.2382014997,4489 San Francisco Ave St. Louis MO 63115 US,,7,8,,2,0.54,,gable_family,0.55,,masonry,0.835,,,Negligible to Slight,none,0.52
2352,steer,38.6627698134,-90.2625708419,,,7,8,,2,0.54,,gable_family,0.478,,masonry,0.825,,,Negligible to Slight,none,0.61
2353,steer,38.6688999526,-90.2385068939,,,7,8,,2,0.497,,gable_family,0.413,,masonry,0.96,,,Negligible to Slight,none,0.545
2354,steer,38.6577918504,-90.2549933442,4670 Page Blvd åœ£è·¯æ˜“æ–¯ MO 63113 US,,7,8,,2,0.639,,gable_family,0.545,,masonry,0.86,,,Negligible to Slight,none,0.51
2355,steer,38.6726925426,-90.2380149736,,,7,8,,2,0.64,,gable_family,0.488,,masonry,0.95,,,Negligible to Slight,moderate,0.45
2356,steer,38.6750371679,-90.2293325,,,7,8,,2,0.647,,gable_family,0.482,,masonry,0.89,,,Negligible to Slight,none,0.475
2357,steer,38.6611242713,-90.2659193391,,,7,8,,2,0.485,,gable_family,0.373,,masonry,0.935,,,Negligible to Slight,none,0.415
2358,steer,38.6568956928,-90.2516495169,,,7,8,,2,0.666,,gable_family,0.571,,masonry,0.94,,,Moderate,none,0.51
2359,steer,38.6750533045,-90.232799452,,,7,8,,2,0.545,,gable_family,0.384,,masonry,0.94,,,Moderate,moderate,0.45
2360,steer,38.6605476202,-90.2658963303,,,7,8,,2,0.688,,gable_family,0.436,,masonry,0.885,,,Negligible to Slight,none,0.44
2361,steer,38.6751646747,-90.2292255075,,,7,8,,2,0.68,,gable_family,0.498,,masonry,0.955,,,Negligible to Slight,none,0.465
2362,steer,38.6572201881,-90.255291559,4721 Vernon Ave åœ£è·¯æ˜“æ–¯ MO 63113 US,,7,8,,2,0.713,,gable_family,0.507,,masonry,0.95,,,Negligible to Slight,none,0.475
2363,steer,38.6727867464,-90.2379314188,,,7,8,,2,0.52,,gable_family,0.512,,masonry,0.95,,,Negligible to Slight,none,0.61
2364,steer,38.6604626275,-90.2651847459,,,7,8,,2,0.62,,gable_family,0.418,,masonry,0.87,,,Negligible to Slight,none,0.515
2365,steer,38.6747373433,-90.2339114185,,,7,8,,2,0.475,,gable_family,0.433,,masonry,0.925,,,Moderate,none,0.425
2366,steer,38.6576919346,-90.2517333806,,,7,8,,2,0.515,,gable_family,0.445,,masonry,0.785,,,Moderate,none,0.385
2367,steer,38.6724352648,-90.2386282887,,,7,8,,2,0.587,,gable_family,0.597,,masonry,0.825,,,Negligible to Slight,none,0.56
2368,steer,38.6513548906,-90.2818534016,59 Kingsbury Pl åœ£è·¯æ˜“æ–¯ MO 63112 US,,7,8,,2,0.601,,gable_family,0.415,,masonry,0.941,,,Negligible to Slight,moderate,0.49
2369,steer,38.6604314445,-90.2649000245,,,7,8,,2,0.743,,gable_family,0.573,,masonry,0.92,,,Negligible to Slight,moderate,0.465
2370,steer,38.6740120588,-90.2347638711,,,7,8,,2,0.488,,gable_family,0.387,,masonry,0.825,,,Substantial to Heavy,moderate,0.47
2371,steer,38.6578768999,-90.2521888996,,,7,8,,2,0.573,,gable_family,0.512,,masonry,0.755,,,Moderate,none,0.405
2372,steer,38.6749737385,-90.2345324984,,,7,8,,2,0.521,,gable_family,0.458,,masonry,0.815,,,Moderate,moderate,0.43
2373,steer,38.6572566227,-90.2558283055,4737 Vernon Ave åœ£è·¯æ˜“æ–¯ MO 63113 US,,7,8,,2,0.66,,gable_family,0.497,,masonry,0.923,,,Substantial to Heavy,none,0.42
2374,steer,38.661036326,-90.264874544,,,7,8,,2,0.696,,gable_family,0.563,,masonry,0.89,,,Negligible to Slight,none,0.625
2375,steer,38.6725268363,-90.2389009173,,,7,8,,2,0.518,,gable_family,0.348,,masonry,0.865,,,Moderate,moderate,0.5
2376,steer,38.6497923199,-90.2866552999,5740 Waterman Blvd St. Louis MO 63112 US,,7,8,,2,0.73,,gable_family,0.557,,masonry,0.935,,,Negligible to Slight,none,0.545
2377,steer,38.6609584187,-90.2644084545,,,7,8,,2,0.615,,gable_family,0.483,,masonry,0.92,,,Negligible to Slight,none,0.52
2378,steer,38.6574298646,-90.2527856736,,,7,8,,2,0.515,,gable_family,0.408,,masonry,0.82,,,Moderate,none,0.585
2379,steer,38.6751641922,-90.2349563035,,,7,8,,2,0.558,,gable_family,0.378,,masonry,0.935,,,Moderate,none,0.43
2380,steer,38.6738835138,-90.2397640787,,,7,8,,2,0.597,,gable_family,0.532,,masonry,0.84,,,Negligible to Slight,none,0.495
2381,steer,38.6507624737,-90.2758032276,11 Kingsbury Pl åœ£è·¯æ˜“æ–¯ MO 63112 US,,7,8,,2,0.556,,gable_family,0.441,,masonry,0.92,,,Negligible to Slight,none,0.45
2382,steer,38.660877454,-90.2638312479,,,7,8,,2,0.561,,gable_family,0.443,,masonry,0.86,,,Negligible to Slight,none,0.55
2383,steer,38.6497525612,-90.2862992659,5728 Waterman Blvd St. Louis MO 63112 US,,7,8,,2,0.724,,gable_family,0.514,,masonry,0.945,,,Negligible to Slight,none,0.52
2384,steer,38.6576294408,-90.2533372231,,,7,8,,2,0.489,,gable_family,0.399,,masonry,0.84,,,Moderate,none,0.505
2385,steer,38.6752237965,-90.235143106,,,7,8,,2,0.6,,gable_family,0.547,,masonry,0.955,,,Moderate,moderate,0.46
2386,steer,38.6735965053,-90.2399740073,,,7,8,,2,0.533,,gable_family,0.314,,masonry,0.85,,,Moderate,moderate,0.44
2387,steer,38.6608336219,-90.2636682112,,,7,8,,2,0.635,,gable_family,0.644,,masonry,0.81,,,Negligible to Slight,none,0.54
2388,steer,38.6582691368,-90.2531397481,,,7,8,,2,0.651,,gable_family,0.531,,masonry,0.815,,,Moderate,moderate,0.455
2389,steer,38.66724086,-90.2334736339,,,7,8,,2,0.537,,gable_family,0.431,,masonry,0.8,,,Negligible to Slight,moderate,0.505
2390,steer,38.6720084791,-90.2408487317,,,7,8,,2,0.608,,gable_family,0.517,,masonry,0.765,,,Substantial to Heavy,moderate,0.43
2391,steer,38.6602822036,-90.2633958788,,,7,8,,2,0.64,,gable_family,0.506,,masonry,0.915,,,Negligible to Slight,moderate,0.47
2392,steer,38.650790073,-90.2754613782,9 Kingsbury Pl åœ£è·¯æ˜“æ–¯ MO 63112 US,,7,8,,2,0.611,,gable_family,0.417,,masonry,0.91,,,Negligible to Slight,none,0.5
2393,steer,38.6743291714,-90.2355707002,,,7,8,,2,0.495,,gable_family,0.472,,masonry,0.955,,,Moderate,none,0.42
2394,steer,38.6607557099,-90.2630555718,,,7,8,,2,0.539,,gable_family,0.351,,masonry,0.875,,,Destruction,moderate,0.545
2395,steer,38.6602543505,-90.2630951134,,,7,8,,2,0.605,,gable_family,0.402,,masonry,0.95,,,Negligible to Slight,none,0.525
2396,steer,38.6496526256,-90.2877051209,5777 De Giverville Ave St. Louis MO 63112 US,,7,8,,2,0.65,,gable_family,0.485,,masonry,0.895,,,Negligible to Slight,none,0.495
2397,steer,38.6722662731,-90.2392309989,,,7,8,,2,0.6,,gable_family,0.404,,masonry,0.875,,,Negligible to Slight,none,0.445
2398,steer,38.6577528733,-90.2562489614,1218 Walton Ave åœ£è·¯æ˜“æ–¯ MO 63113 US,,7,8,,2,0.545,,gable_family,0.517,,masonry,0.86,,,Moderate,moderate,0.48
2399,steer,38.6743663803,-90.2356742178,,,7,8,,2,0.541,,gable_family,0.425,,masonry,0.95,,,Moderate,none,0.62
2400,steer,38.6611705315,-90.263326275,,,7,8,,2,0.592,,gable_family,0.438,,masonry,0.82,,,Moderate,none,0.48
2401,steer,38.674117783,-90.2290083551,,,7,8,,2,0.63,,gable_family,0.458,,masonry,0.94,,,Negligible to Slight,none,0.575
2402,steer,38.671547968,-90.239321106,,,7,8,,2,0.569,,gable_family,0.403,,masonry,0.81,,,Moderate,moderate,0.475
2403,steer,38.674785046,-90.2362207433,,,7,8,,2,0.6,,gable_family,0.531,,masonry,0.955,,,Negligible to Slight,moderate,0.495
2404,steer,38.6610963476,-90.2629323294,,,7,8,,2,0.525,,gable_family,0.387,,masonry,0.89,,,Negligible to Slight,none,0.63
2405,steer,38.6589325704,-90.2488402177,1518 Deer St St. Louis MO 63113 US,,7,8,,2,0.51,,gable_family,0.39,,masonry,0.95,,,Moderate,moderate,0.415
2406,steer,38.6716011481,-90.2356755277,,,7,8,,2,0.523,,gable_family,0.348,,masonry,0.835,,,Moderate,moderate,0.48
2407,steer,38.6575944612,-90.2562663622,1214 Walton Ave åœ£è·¯æ˜“æ–¯ MO 63113 US,,7,8,,2,0.469,,gable_family,0.45,,masonry,0.77,,,Substantial to Heavy,moderate,0.455
2408,steer,38.6740031306,-90.2291531888,,,7,8,,2,0.523,,gable_family,0.318,,masonry,0.825,,,Moderate,moderate,0.455
2409,steer,38.6714719277,-90.2375761926,,,7,8,,2,0.71,,gable_family,0.418,,masonry,0.945,,,Moderate,none,0.525
2410,steer,38.659386296,-90.2573531494,,,7,8,,2,0.46,,gable_family,0.507,,masonry,0.815,,,Destruction,moderate,0.4
2411,steer,38.6717899078,-90.2369762395,,,7,8,,2,0.668,,gable_family,0.512,,masonry,0.9,,,Negligible to Slight,none,0.575
2412,steer,38.6575363134,-90.256265477,1212 Walton Ave åœ£è·¯æ˜“æ–¯ MO 63113 US,,7,8,,2,0.535,,gable_family,0.476,,masonry,0.9,,,Substantial to Heavy,none,0.49
2413,steer,38.6597696239,-90.2574234366,,,7,8,,2,0.69,,gable_family,0.457,,masonry,0.965,,,Moderate,moderate,0.47
2414,steer,38.6712428619,-90.237077076,,,7,8,,2,0.492,,gable_family,0.488,,masonry,0.86,,,Negligible to Slight,none,0.585
2415,steer,38.6506307833,-90.2741022382,1 Kingsbury Pl åœ£è·¯æ˜“æ–¯ MO 63112 US,,7,8,,2,0.612,,gable_family,0.429,,masonry,0.95,,,Negligible to Slight,moderate,0.47
2416,steer,38.6587232634,-90.2485563945,4526 Aldine Ave St. Louis MO 63113 US,,7,8,,2,0.5,,gable_family,0.369,,masonry,0.854,,,Negligible to Slight,none,0.575
2417,steer,38.6615600696,-90.2585373354,,,7,8,,2,0.508,,gable_family,0.399,,masonry,0.915,,,Substantial to Heavy,none,0.44
2418,steer,38.6724736135,-90.2363872043,,,6,8,,1,0.445,,gable_family,0.406,,masonry,0.91,,,Moderate,moderate,0.455
2419,steer,38.6586858285,-90.2528096387,,,7,8,,2,0.549,,gable_family,0.561,,masonry,0.759,,,Negligible to Slight,none,0.625
2420,steer,38.6708924522,-90.2398097825,,,7,8,,2,0.506,,gable_family,0.397,,masonry,0.895,,,Negligible to Slight,none,0.415
2421,steer,38.6703942061,-90.2265200908,,,7,8,,2,0.725,,gable_family,0.619,,masonry,0.94,,,Negligible to Slight,none,0.545
2422,steer,38.6492652888,-90.2870241409,5751 De Giverville Ave St. Louis MO 63112 US,,7,8,,2,0.68,,gable_family,0.572,,masonry,0.965,,,Negligible to Slight,none,0.52
2423,steer,38.672815555,-90.237138132,,,7,8,,2,0.57,,gable_family,0.428,,masonry,0.935,,,Negligible to Slight,none,0.7
2424,steer,38.6585450552,-90.2554388083,,,7,8,,2,0.583,,gable_family,0.439,,masonry,0.9,,,Moderate,none,0.515
2425,steer,38.6706120499,-90.2399821292,,,7,8,,2,0.58,,gable_family,0.472,,masonry,0.94,,,Negligible to Slight,none,0.44
2426,steer,38.670489974,-90.2266122364,,,7,8,,2,0.592,,gable_family,0.438,,masonry,0.905,,,Negligible to Slight,none,0.485
2427,steer,38.672905216,-90.2373503564,,,7,6,,2,0.522,,complex_family,0.341,,masonry,0.935,,,Negligible to Slight,none,0.49
2428,steer,38.6702822185,-90.2401992904,,,7,8,,2,0.575,,gable_family,0.433,,masonry,0.86,,,Negligible to Slight,none,0.54
2429,steer,38.6590076659,-90.2555275218,,,7,8,,2,0.45,,gable_family,0.469,,masonry,0.75,,,Moderate,moderate,0.44
2430,steer,38.6723990892,-90.238129704,4485 San Francisco Ave St. Louis MO 63115 US,,7,8,,2,0.585,,gable_family,0.6,,masonry,0.865,,,Negligible to Slight,none,0.475
2431,steer,38.6596480756,-90.2551847672,,,7,8,,2,0.528,,gable_family,0.471,,masonry,0.89,,,Negligible to Slight,none,0.465
2432,steer,38.6702795417,-90.2395842714,,,7,8,,2,0.615,,gable_family,0.595,,masonry,0.885,,,Negligible to Slight,moderate,0.465
2433,steer,38.6491088008,-90.2867366757,5741 De Giverville Ave St. Louis MO 63112 US,,7,8,,2,0.75,,gable_family,0.6,,masonry,0.905,,,Negligible to Slight,none,0.61
2434,steer,38.6706815228,-90.2271416568,,,7,8,,2,0.561,,gable_family,0.405,,masonry,0.92,,,Negligible to Slight,none,0.53
2435,steer,38.6737374467,-90.2393070276,,,7,8,,2,0.59,,gable_family,0.6,,masonry,0.925,,,Negligible to Slight,none,0.595
2436,steer,38.6596735894,-90.2554228874,,,7,8,,2,0.522,,gable_family,0.409,,masonry,0.785,,,Moderate,none,0.63
2437,steer,38.6704355771,-90.239548298,,,7,8,,2,0.485,,gable_family,0.439,,masonry,0.903,,,Negligible to Slight,moderate,0.465
2438,steer,38.6490219549,-90.2865079311,5733 De Giverville Ave St. Louis MO 63112 US,,7,8,,2,0.65,,gable_family,0.454,,masonry,0.97,,,Negligible to Slight,none,0.44
2439,steer,38.6727858483,-90.2394586981,,,7,8,,2,0.65,,gable_family,0.453,,masonry,0.925,,,Moderate,none,0.56
2440,steer,38.6707112444,-90.2272333752,,,7,8,,2,0.622,,gable_family,0.517,,masonry,0.9,,,Negligible to Slight,none,0.515
2441,steer,38.6597363244,-90.2554991243,,,7,8,,2,0.522,,gable_family,0.553,,masonry,0.825,,,Negligible to Slight,none,0.545
2442,steer,38.6706412794,-90.2394451603,,,7,8,,2,0.555,,gable_family,0.423,,masonry,0.955,,,Negligible to Slight,moderate,0.405
2443,steer,38.6742735203,-90.226732387,,,7,8,,2,0.555,,gable_family,0.393,,masonry,0.78,,,Negligible to Slight,moderate,0.535
2444,steer,38.6728556402,-90.2396842426,,,7,8,,2,0.549,,gable_family,0.446,,masonry,0.975,,,Negligible to Slight,none,0.57
2445,steer,38.6708038599,-90.2274272516,,,7,8,,2,0.595,,gable_family,0.435,,masonry,0.94,,,Negligible to Slight,none,0.59
2446,steer,38.6591593275,-90.2559380133,,,7,8,,2,0.436,,gable_family,0.383,,masonry,0.945,,,Moderate,moderate,0.44
2447,steer,38.6720432571,-90.2399576279,,,7,8,,2,0.54,,gable_family,0.436,,masonry,0.825,,,Moderate,none,0.44
2448,steer,38.6697231972,-90.239111019,,,7,8,,2,0.53,,gable_family,0.547,,masonry,0.925,,,Negligible to Slight,moderate,0.485
2449,steer,38.668796868,-90.2380082629,,,7,8,,2,0.465,,gable_family,0.488,,masonry,0.735,,,Negligible to Slight,none,0.435
2450,steer,38.6514313625,-90.2750246808,8 Washington Terr åœ£è·¯æ˜“æ–¯ MO 63112 US,,7,8,,2,0.772,,gable_family,0.613,,masonry,0.898,,,Negligible to Slight,none,0.51
2451,steer,38.6698606732,-90.2267269806,,,7,8,,2,0.635,,gable_family,0.368,,masonry,0.945,,,Negligible to Slight,none,0.465
2452,steer,38.6603396252,-90.2562539008,,,7,8,,2,0.605,,gable_family,0.611,,masonry,0.795,,,Negligible to Slight,none,0.58
2453,steer,38.6723109521,-90.2393871604,,,7,8,,2,0.62,,gable_family,0.398,,masonry,0.875,,,Negligible to Slight,none,0.595
2454,steer,38.6686082745,-90.238677235,,,7,8,,2,0.575,,gable_family,0.488,,masonry,0.94,,,Destruction,moderate,0.42
2455,steer,38.6696777399,-90.2268400061,,,7,8,,2,0.733,,gable_family,0.502,,masonry,0.96,,,Negligible to Slight,none,0.675
2456,steer,38.6605433528,-90.2562175955,,,7,8,,2,0.525,,gable_family,0.407,,masonry,0.778,,,Substantial to Heavy,moderate,0.415
2457,steer,38.6717571174,-90.239172565,,,7,8,,2,0.495,,gable_family,0.486,,masonry,0.795,,,Moderate,none,0.47
2458,steer,38.6497459002,-90.2861744619,5726 Waterman Blvd St. Louis MO 63112 US,,7,8,,2,0.65,,gable_family,0.516,,masonry,0.94,,,Negligible to Slight,none,0.555
2459,steer,38.6681870219,-90.2378682263,,,7,8,,2,0.59,,gable_family,0.394,,masonry,0.99,,,Negligible to Slight,none,0.435
2460,steer,38.6702223725,-90.2270841893,,,7,8,,2,0.548,,gable_family,0.364,,masonry,0.895,,,Negligible to Slight,none,0.565
2461,steer,38.6607221095,-90.2553898198,,,7,8,,2,0.458,,gable_family,0.334,,masonry,0.86,,,Destruction,moderate,0.52
2462,steer,38.668144347,-90.2373430845,,,7,8,,2,0.458,,gable_family,0.338,,masonry,0.92,,,Negligible to Slight,none,0.575
2463,steer,38.671421273,-90.2394691512,,,7,8,,2,0.607,,gable_family,0.384,,masonry,0.915,,,Substantial to Heavy,none,0.45
2464,steer,38.6499641972,-90.2880949885,5782 Waterman Blvd St. Louis MO 63112 US,,7,8,,2,0.558,,gable_family,0.489,,masonry,0.938,,,Negligible to Slight,none,0.515
2465,steer,38.6558068555,-90.2524698567,4571 Newberry Terr åœ£è·¯æ˜“æ–¯ MO 63113 US,,7,8,,2,0.54,,gable_family,0.449,,masonry,0.94,,,Negligible to Slight,none,0.495
2466,steer,38.6676698071,-90.2384977665,,,7,8,,2,0.53,,gable_family,0.319,,masonry,0.965,,,Substantial to Heavy,moderate,0.43
2467,steer,38.6601294885,-90.2538401477,,,7,8,,2,0.463,,gable_family,0.394,,masonry,0.825,,,Substantial to Heavy,moderate,0.525
2468,steer,38.669957184,-90.2275969642,,,7,8,,2,0.702,,gable_family,0.466,,masonry,0.835,,,Negligible to Slight,none,0.485
2469,steer,38.6515519622,-90.2764830436,16 Washington Terr åœ£è·¯æ˜“æ–¯ MO 63112 US,,7,8,,2,0.709,,gable_family,0.58,,masonry,0.953,,,Negligible to Slight,none,0.575
2470,steer,38.6715492657,-90.2378283641,,,7,8,,2,0.615,,gable_family,0.389,,masonry,0.92,,,Negligible to Slight,none,0.535
2471,steer,38.6675609289,-90.2382314121,,,7,8,,2,0.533,,gable_family,0.438,,masonry,0.915,,,Substantial to Heavy,none,0.425
2472,steer,38.6558853688,-90.2525465942,4573 Newberry Terr åœ£è·¯æ˜“æ–¯ MO 63113 US,,7,8,,2,0.568,,gable_family,0.488,,masonry,0.905,,,Destruction,none,0.61
2473,steer,38.6703047789,-90.2272881811,,,7,8,,2,0.594,,gable_family,0.464,,masonry,0.91,,,Negligible to Slight,none,0.57
2474,steer,38.6708307801,-90.2360540126,,,7,8,,2,0.631,,gable_family,0.396,,masonry,0.955,,,Substantial to Heavy,moderate,0.415
2475,steer,38.6755379747,-90.2346814488,,,7,8,,2,0.429,,gable_family,0.322,,masonry,0.795,,,Moderate,moderate,0.46
2476,steer,38.6560587794,-90.2525105275,1212 Rev G H Pruitt Pl åœ£è·¯æ˜“æ–¯ MO 63113 US,,7,8,,2,0.607,,gable_family,0.378,,masonry,0.89,,,Negligible to Slight,none,0.605
2477,steer,38.6747559322,-90.2270344479,,,7,8,,2,0.612,,gable_family,0.531,,masonry,0.95,,,Negligible to Slight,none,0.515
2478,steer,38.6715706574,-90.2266967362,,,7,8,,2,0.485,,gable_family,0.522,,masonry,0.76,,,Moderate,moderate,0.495
2479,steer,38.6598537322,-90.2508300706,4596 Aldine Ave St. Louis MO 63113 US,,7,8,,2,0.48,,gable_family,0.449,,masonry,0.83,,,Negligible to Slight,none,0.655
2480,steer,38.6750962642,-90.2336461666,,,7,8,,2,0.485,,gable_family,0.453,,masonry,0.76,,,Moderate,moderate,0.42
2481,steer,38.670371892,-90.2274170868,,,7,8,,2,0.597,,gable_family,0.464,,masonry,0.89,,,Negligible to Slight,none,0.685
2482,steer,38.651731631,-90.2778403138,26 Washington Terr åœ£è·¯æ˜“æ–¯ MO 63112 US,,7,8,,2,0.658,,gable_family,0.446,,masonry,0.959,,,Negligible to Slight,none,0.57
2483,steer,38.6705298024,-90.2267422275,,,7,8,,2,0.602,,gable_family,0.438,,masonry,0.935,,,Negligible to Slight,none,0.465
2484,steer,38.6745476689,-90.2334879151,,,7,8,,2,0.568,,gable_family,0.484,,masonry,0.92,,,Negligible to Slight,none,0.645
2485,steer,38.6704612239,-90.2277089305,,,7,8,,2,0.655,,gable_family,0.471,,masonry,0.92,,,Negligible to Slight,none,0.475
2486,steer,38.6596620254,-90.2531603146,,,7,8,,2,0.586,,gable_family,0.319,,masonry,0.89,,,Moderate,moderate,0.485
2487,steer,38.6716682498,-90.2288882179,,,7,8,,2,0.52,,gable_family,0.537,,masonry,0.805,,,Negligible to Slight,none,0.605
2488,steer,38.6750833348,-90.2268408309,,,7,8,,2,0.653,,gable_family,0.486,,masonry,0.885,,,Moderate,moderate,0.405
2489,steer,38.670438968,-90.2287350278,,,7,8,,2,0.5,,gable_family,0.414,,masonry,0.895,,,Negligible to Slight,none,0.46
2490,steer,38.6587566885,-90.2506078047,,,7,8,,2,0.43,,gable_family,0.339,,masonry,0.865,,,Substantial to Heavy,moderate,0.485
2491,steer,38.6739683217,-90.2346718096,,,7,8,,2,0.522,,gable_family,0.354,,masonry,0.91,,,Moderate,moderate,0.45
2492,steer,38.6720477497,-90.228572149,,,7,8,,2,0.455,,gable_family,0.538,,masonry,0.829,,,Very Heavy,none,0.46
2493,steer,38.6577026113,-90.2506981664,,,7,8,,2,0.597,,gable_family,0.503,,masonry,0.859,,,Moderate,moderate,0.46
2494,steer,38.6493936413,-90.2872604956,5761 De Giverville Ave St. Louis MO 63112 US,,7,8,,2,0.675,,gable_family,0.528,,masonry,0.93,,,Substantial to Heavy,moderate,0.435
2495,steer,38.6707366505,-90.2273291726,,,7,8,,2,0.648,,gable_family,0.499,,masonry,0.889,,,Moderate,moderate,0.5
2496,steer,38.675048782,-90.2347019239,,,7,8,,2,0.615,,gable_family,0.474,,masonry,0.89,,,Moderate,none,0.52
2497,steer,38.6568201049,-90.2550796985,4714 Vernon Ave åœ£è·¯æ˜“æ–¯ MO 63113 US,,7,8,,2,0.73,,gable_family,0.526,,masonry,0.91,,,Negligible to Slight,moderate,0.5
2498,steer,38.67010928,-90.2288690339,,,7,8,,2,0.62,,gable_family,0.429,,masonry,0.915,,,Negligible to Slight,none,0.44
2499,steer,38.6490203473,-90.2863484241,5731 De Giverville Ave St. Louis MO 63112 US,,7,8,,2,0.475,,gable_family,0.385,,masonry,0.955,,,Moderate,moderate,0.415
2500,steer,38.6671611753,-90.2342209544,,,7,8,,2,0.555,,gable_family,0.631,,masonry,0.94,,,Moderate,none,0.505
2501,steer,38.6695677998,-90.2269050083,,,7,8,,2,0.624,,gable_family,0.467,,masonry,0.955,,,Negligible to Slight,none,0.635
2502,steer,38.6581489634,-90.2493631472,,,7,8,,2,0.541,,gable_family,0.34,,masonry,0.82,,,Negligible to Slight,none,0.53
2503,steer,38.6694961968,-90.2286387651,,,7,8,,2,0.65,,gable_family,0.522,,masonry,0.845,,,Negligible to Slight,none,0.535
2504,steer,38.6746247456,-90.2259805978,,,6,8,,1,0.49,,gable_family,0.486,,masonry,0.878,,,Very Heavy,none,0.475
2505,steer,38.6749085024,-90.2361220777,,,7,8,,2,0.575,,gable_family,0.446,,masonry,0.915,,,Negligible to Slight,none,0.545
2506,steer,38.6701879239,-90.2281617568,,,7,8,,2,0.49,,gable_family,0.416,,masonry,0.885,,,Negligible to Slight,none,0.475
2507,steer,38.6595318182,-90.2500605946,4574 Aldine Ave St. Louis MO 63113 US,,7,8,,2,0.646,,gable_family,0.374,,masonry,0.895,,,Destruction,moderate,0.43
2508,steer,38.6726595191,-90.2367477528,,,7,8,,2,0.577,,gable_family,0.403,,masonry,0.865,,,Negligible to Slight,none,0.465
2509,steer,38.659381015,-90.2496725556,4562 Aldine Ave St. Louis MO 63113 US,,7,8,,2,0.481,,gable_family,0.348,,masonry,0.825,,,Moderate,severe,0.395
2510,steer,38.6703175788,-90.2284581525,,,7,8,,2,0.468,,gable_family,0.46,,masonry,0.95,,,Negligible to Slight,none,0.595
2511,steer,38.6691802666,-90.2278867365,,,7,8,,2,0.645,,gable_family,0.471,,masonry,0.97,,,Moderate,none,0.585
2512,steer,38.6579266954,-90.2490022727,,,7,8,,2,0.49,,gable_family,0.371,,masonry,0.81,,,Substantial to Heavy,moderate,0.51
2513,steer,38.6726888916,-90.2368545785,,,7,8,,2,0.577,,gable_family,0.434,,masonry,0.895,,,Negligible to Slight,moderate,0.43
2514,steer,38.6520407417,-90.2812941353,44 Washington Terr åœ£è·¯æ˜“æ–¯ MO 63112 US,,7,8,,2,0.596,,gable_family,0.509,,masonry,0.928,,,Negligible to Slight,none,0.49
2515,steer,38.6694970697,-90.2274481293,,,7,8,,2,0.561,,gable_family,0.429,,masonry,0.865,,,Negligible to Slight,none,0.485
2516,steer,38.6708682955,-90.2285925202,,,7,8,,2,0.543,,gable_family,0.462,,masonry,0.96,,,Moderate,moderate,0.49
2517,steer,38.6719011836,-90.2373456813,,,7,8,,2,0.665,,gable_family,0.379,,masonry,0.945,,,Moderate,moderate,0.495
2518,steer,38.6565827839,-90.2529155602,4606 Vernon Ave åœ£è·¯æ˜“æ–¯ MO 63113 US,,7,8,,2,0.602,,gable_family,0.459,,masonry,0.92,,,Negligible to Slight,none,0.515
2519,steer,38.6489539785,-90.2859689546,5719 De Giverville Ave St. Louis MO 63112 US,,7,8,,2,0.445,,gable_family,0.388,,masonry,0.903,,,Moderate,none,0.48
2520,steer,38.6686969344,-90.2278484036,,,7,8,,2,0.463,,gable_family,0.36,,masonry,0.965,,,Negligible to Slight,none,0.64
2521,steer,38.6721308318,-90.2378388195,,,7,8,,2,0.675,,gable_family,0.531,,masonry,0.935,,,Negligible to Slight,none,0.49
2522,steer,38.6705859421,-90.2291115343,,,7,8,,2,0.5,,gable_family,0.517,,masonry,0.93,,,Moderate,moderate,0.49
2523,steer,38.6560831551,-90.2495637722,,,7,8,,2,0.47,,gable_family,0.383,,masonry,0.875,,,Moderate,moderate,0.425
2524,steer,38.6721961989,-90.2379403087,,,7,8,,2,0.66,,gable_family,0.448,,masonry,0.96,,,Negligible to Slight,none,0.66
2525,steer,38.6510868129,-90.2789120817,31 Kingsbury Pl åœ£è·¯æ˜“æ–¯ MO 63112 US,,7,8,,2,0.643,,gable_family,0.515,,masonry,0.956,,,Negligible to Slight,none,0.68
2526,steer,38.6689167603,-90.2282332694,,,7,8,,2,0.695,,gable_family,0.448,,masonry,0.955,,,Negligible to Slight,none,0.605
2527,steer,38.671012375,-90.2288680357,,,7,8,,2,0.635,,gable_family,0.532,,masonry,0.955,,,Moderate,none,0.535
2528,steer,38.6729530049,-90.2374476041,,,7,8,,2,0.565,,gable_family,0.582,,masonry,0.905,,,Negligible to Slight,none,0.635
2529,steer,38.6562543186,-90.2502890716,,,7,8,,2,0.61,,gable_family,0.541,,masonry,0.949,,,Negligible to Slight,none,0.44
2530,steer,38.6742658102,-90.2257886617,,,7,8,,2,0.588,,gable_family,0.437,,masonry,0.885,,,Moderate,moderate,0.395
2531,steer,38.6697833286,-90.229269263,,,7,8,,2,0.615,,gable_family,0.438,,masonry,0.825,,,Negligible to Slight,none,0.625
2532,steer,38.6732072516,-90.238167345,,,7,8,,2,0.475,,gable_family,0.468,,masonry,0.845,,,Substantial to Heavy,none,0.43
2533,steer,38.6690071886,-90.2284645726,,,7,8,,2,0.705,,gable_family,0.535,,masonry,0.8,,,Negligible to Slight,none,0.585
2534,steer,38.6572103191,-90.2537531909,4628 Page Blvd åœ£è·¯æ˜“æ–¯ MO 63113 US,,7,8,,2,0.567,,gable_family,0.434,,masonry,0.865,,,Substantial to Heavy,moderate,0.52
2535,steer,38.672578595,-90.2390661997,,,7,8,,2,0.569,,gable_family,0.389,,masonry,0.885,,,Moderate,none,0.535
2536,steer,38.6572998968,-90.2508054644,,,7,8,,2,0.548,,gable_family,0.432,,masonry,0.795,,,Moderate,none,0.48
2537,steer,38.6696279952,-90.2289375663,,,7,8,,2,0.697,,gable_family,0.534,,masonry,0.915,,,Negligible to Slight,none,0.575
2538,steer,38.6747640844,-90.2285235631,,,7,8,,2,0.684,,gable_family,0.442,,masonry,0.985,,,Moderate,none,0.43
2539,steer,38.6567354942,-90.2512683269,,,7,8,,2,0.64,,gable_family,0.451,,masonry,0.925,,,Moderate,moderate,0.43
2540,steer,38.6690268839,-90.2285721789,,,7,8,,2,0.665,,gable_family,0.567,,masonry,0.9,,,Negligible to Slight,none,0.58
2541,steer,38.6734728967,-90.2387361868,,,7,8,,2,0.57,,gable_family,0.535,,masonry,0.87,,,Negligible to Slight,none,0.595
2542,steer,38.6699064887,-90.2284121514,,,7,8,,2,0.565,,gable_family,0.476,,masonry,0.945,,,Negligible to Slight,none,0.585
2543,steer,38.6568361899,-90.2515314388,,,7,8,,2,0.57,,gable_family,0.468,,masonry,0.895,,,Negligible to Slight,none,0.455
2544,steer,38.6741923369,-90.2258391414,,,7,8,,2,0.515,,gable_family,0.459,,masonry,0.835,,,Moderate,moderate,0.48
2545,steer,38.668639855,-90.2288286237,,,7,8,,2,0.59,,gable_family,0.521,,masonry,0.845,,,Negligible to Slight,none,0.6
2546,steer,38.6569222994,-90.2517439101,,,7,8,,2,0.682,,gable_family,0.719,,masonry,0.905,,,Negligible to Slight,none,0.535
2547,steer,38.6727371887,-90.2393696067,,,7,8,,2,0.504,,gable_family,0.347,,masonry,0.915,,,Negligible to Slight,none,0.48
2548,steer,38.6526332122,-90.2816040974,45 Washington Terr åœ£è·¯æ˜“æ–¯ MO 63112 US,,7,8,,2,0.81,,gable_family,0.513,,masonry,0.945,,,Negligible to Slight,none,0.58
2549,steer,38.6691345816,-90.2287783404,,,7,8,,2,0.753,,gable_family,0.557,,masonry,0.945,,,Negligible to Slight,none,0.555
2550,steer,38.6572108433,-90.2551887397,4719 Vernon Ave åœ£è·¯æ˜“æ–¯ MO 63113 US,,7,8,,2,0.634,,gable_family,0.457,,masonry,0.95,,,Negligible to Slight,none,0.505
2551,steer,38.6711944139,-90.2293126909,,,7,8,,2,0.521,,gable_family,0.34,,masonry,0.965,,,Negligible to Slight,moderate,0.415
2552,steer,38.6727676104,-90.2404907863,,,7,8,,2,0.5,,gable_family,0.556,,masonry,0.83,,,Negligible to Slight,moderate,0.45
2553,steer,38.6578563702,-90.2551990183,4676 Page Blvd åœ£è·¯æ˜“æ–¯ MO 63113 US,,7,8,,2,0.522,,gable_family,0.489,,masonry,0.87,,,Moderate,none,0.59
2554,steer,38.6525871714,-90.2808916549,41 Washington Terr åœ£è·¯æ˜“æ–¯ MO 63112 US,,7,8,,2,0.778,,gable_family,0.448,,masonry,0.963,,,Negligible to Slight,none,0.605
2555,steer,38.6708167749,-90.2295793513,,,7,8,,2,0.531,,gable_family,0.355,,masonry,0.83,,,Negligible to Slight,none,0.465
2556,steer,38.6720277479,-90.2409544291,,,7,8,,2,0.484,,gable_family,0.449,,masonry,0.77,,,Substantial to Heavy,none,0.455
2557,steer,38.6694595456,-90.2295017682,,,7,8,,2,0.635,,gable_family,0.373,,masonry,0.785,,,Negligible to Slight,moderate,0.525
2558,steer,38.6579566565,-90.2554651487,4704 Page Blvd åœ£è·¯æ˜“æ–¯ MO 63113 US,,6,8,,1,0.455,,gable_family,0.517,,masonry,0.83,,,Moderate,none,0.46
2559,steer,38.6720076108,-90.239586346,,,7,8,,2,0.569,,gable_family,0.383,,masonry,0.8,,,Very Heavy,moderate,0.505
2560,steer,38.6579917486,-90.2524808238,,,7,8,,2,0.59,,gable_family,0.474,,masonry,0.85,,,Substantial to Heavy,none,0.495
2561,steer,38.6745296336,-90.2257772692,,,7,8,,2,0.525,,gable_family,0.438,,masonry,0.823,,,Moderate,none,0.505
2562,steer,38.6690744775,-90.2298814834,,,7,8,,2,0.544,,gable_family,0.558,,masonry,0.905,,,Negligible to Slight,none,0.45
2563,steer,38.6697050902,-90.2279863369,,,7,8,,2,0.471,,gable_family,0.442,,masonry,0.835,,,Moderate,none,0.52
2564,steer,38.6718857049,-90.2390740906,,,7,8,,2,0.537,,gable_family,0.441,,masonry,0.89,,,Negligible to Slight,none,0.47
2565,steer,38.6498614212,-90.2873590237,5758 Waterman Blvd St. Louis MO 63112 US,,7,8,,2,0.52,,gable_family,0.462,,masonry,0.884,,,Negligible to Slight,none,0.525
2566,steer,38.6695194559,-90.2296672994,,,7,6,,2,0.605,,complex_family,0.375,,masonry,0.87,,,Moderate,none,0.495
2567,steer,38.6695753854,-90.2276418474,,,7,8,,2,0.575,,gable_family,0.409,,masonry,0.895,,,Negligible to Slight,none,0.615
2568,steer,38.6588103213,-90.2497669039,4555 Dr Martin Luther King Dr St. Louis MO 63113 US,,7,8,,2,0.502,,gable_family,0.372,,masonry,0.805,,,Destruction,none,0.44
2569,steer,38.6718393863,-90.2391311433,,,7,8,,2,0.58,,gable_family,0.426,,masonry,0.77,,,Negligible to Slight,none,0.565
2570,steer,38.6588219607,-90.2489106694,1514 Deer St St. Louis MO 63113 US,,7,8,,2,0.485,,gable_family,0.335,,masonry,0.9,,,Moderate,moderate,0.445
2571,steer,38.6524968969,-90.2798663491,35 Washington Terr åœ£è·¯æ˜“æ–¯ MO 63112 US,,7,8,,2,0.69,,gable_family,0.441,,masonry,0.927,,,Negligible to Slight,none,0.54
2572,steer,38.6695576145,-90.2275349369,,,7,6,,2,0.615,,complex_family,0.386,,masonry,0.91,,,Negligible to Slight,moderate,0.47
2573,steer,38.6701277485,-90.2300551009,,,7,8,,2,0.485,,gable_family,0.464,,masonry,0.87,,,Negligible to Slight,none,0.505
2574,steer,38.658142501,-90.2529509197,,,7,8,,2,0.663,,gable_family,0.393,,masonry,0.95,,,Moderate,moderate,0.445
2575,steer,38.6721628361,-90.2389005881,,,7,8,,2,0.602,,gable_family,0.488,,masonry,0.945,,,Negligible to Slight,none,0.545
2576,steer,38.657443575,-90.2562894291,1210 Walton Ave åœ£è·¯æ˜“æ–¯ MO 63113 US,,7,8,,2,0.451,,gable_family,0.423,,masonry,0.94,,,Substantial to Heavy,moderate,0.455
2577,steer,38.6746370425,-90.2286843355,,,7,8,,2,0.668,,gable_family,0.509,,masonry,0.97,,,Moderate,none,0.56
2578,steer,38.6691125651,-90.2277770847,,,7,8,,2,0.465,,gable_family,0.344,,masonry,0.93,,,Negligible to Slight,none,0.46
2579,steer,38.6696723328,-90.2299474721,,,7,8,,2,0.57,,gable_family,0.469,,masonry,0.85,,,Negligible to Slight,none,0.595
2580,steer,38.6717289522,-90.2380876913,,,7,8,,2,0.69,,gable_family,0.515,,masonry,0.955,,,Substantial to Heavy,none,0.46
2581,steer,38.6587450712,-90.2529384161,,,7,8,,2,0.64,,gable_family,0.615,,masonry,0.765,,,Negligible to Slight,none,0.435
2582,steer,38.671258624,-90.2389781416,,,6,8,,1,0.434,,gable_family,0.382,,masonry,0.93,,,Negligible to Slight,none,0.53
2583,steer,38.6693183496,-90.230397283,,,7,8,,2,0.621,,gable_family,0.466,,masonry,0.745,,,Negligible to Slight,none,0.45
2584,steer,38.6523729393,-90.2785309725,27 Washington Terr åœ£è·¯æ˜“æ–¯ MO 63112 US,,7,8,,2,0.578,,gable_family,0.403,,masonry,0.909,,,Negligible to Slight,none,0.69
2585,steer,38.6590245486,-90.2536429872,,,7,8,,2,0.459,,gable_family,0.369,,masonry,0.815,,,Moderate,moderate,0.505
2586,steer,38.6683691227,-90.2281987484,,,7,8,,2,0.575,,gable_family,0.502,,masonry,0.96,,,Negligible to Slight,none,0.66
2587,steer,38.6712947925,-90.2371580845,,,7,8,,2,0.533,,gable_family,0.415,,masonry,0.83,,,Negligible to Slight,none,0.525
2588,steer,38.6591158483,-90.254625087,,,7,8,,2,0.472,,gable_family,0.412,,masonry,0.935,,,Moderate,moderate,0.465
2589,steer,38.6684919149,-90.2284444593,,,7,8,,2,0.55,,gable_family,0.478,,masonry,0.9,,,Negligible to Slight,moderate,0.445
2590,steer,38.6711323645,-90.2367403703,,,7,8,,2,0.613,,gable_family,0.382,,masonry,0.94,,,Moderate,none,0.575
2591,steer,38.6498543874,-90.2871401104,5754 Waterman Blvd St. Louis MO 63112 US,,7,8,,2,0.775,,gable_family,0.527,,masonry,0.905,,,Negligible to Slight,none,0.52
2592,steer,38.6692853674,-90.2303163808,,,7,8,,2,0.609,,gable_family,0.418,,masonry,0.853,,,Negligible to Slight,none,0.51
2593,steer,38.658708876,-90.2549495677,,,7,8,,2,0.548,,gable_family,0.528,,masonry,0.94,,,Moderate,moderate,0.405
2594,steer,38.668741353,-90.2380615608,,,7,8,,2,0.58,,gable_family,0.521,,masonry,0.893,,,Negligible to Slight,moderate,0.44
2595,steer,38.668521039,-90.2285369806,,,7,8,,2,0.615,,gable_family,0.521,,masonry,0.885,,,Negligible to Slight,none,0.67
2596,steer,38.6521757862,-90.2767488766,17 Washington Terr åœ£è·¯æ˜“æ–¯ MO 63112 US,,7,8,,2,0.724,,gable_family,0.44,,masonry,0.96,,,Negligible to Slight,none,0.525
2597,steer,38.6710784002,-90.236584676,,,7,8,,2,0.583,,gable_family,0.339,,masonry,0.95,,,Moderate,none,0.44
2598,steer,38.6698184291,-90.2303065171,,,7,8,,2,0.543,,gable_family,0.474,,masonry,0.915,,,Negligible to Slight,none,0.57
2599,steer,38.6684630277,-90.2382715492,,,7,8,,2,0.55,,gable_family,0.493,,masonry,0.87,,,Negligible to Slight,moderate,0.495
2600,steer,38.6689513744,-90.228345904,,,7,8,,2,0.67,,gable_family,0.458,,masonry,0.9,,,Negligible to Slight,none,0.71
2601,steer,38.6708936463,-90.2362680424,,,7,8,,2,0.64,,gable_family,0.353,,masonry,0.93,,,Substantial to Heavy,moderate,0.465
2602,steer,38.6704888071,-90.2298193495,,,7,8,,2,0.541,,gable_family,0.319,,masonry,0.888,,,Moderate,moderate,0.46
2603,steer,38.6685851035,-90.2381497095,,,7,8,,2,0.563,,gable_family,0.399,,masonry,0.915,,,Negligible to Slight,moderate,0.49
2604,steer,38.6745215059,-90.22814565,,,7,8,,2,0.63,,gable_family,0.495,,masonry,0.915,,,Negligible to Slight,none,0.625
2605,steer,38.6707767467,-90.2358288634,,,7,8,,2,0.77,,gable_family,0.482,,masonry,0.985,,,Very Heavy,none,0.45
2606,steer,38.6679834115,-90.2382610906,,,7,8,,2,0.615,,gable_family,0.476,,masonry,0.92,,,Negligible to Slight,none,0.475
2607,steer,38.6703526307,-90.2368689855,,,7,8,,2,0.476,,gable_family,0.309,,masonry,0.914,,,Negligible to Slight,none,0.585
2608,steer,38.6521431382,-90.2763935912,15 Washington Terr åœ£è·¯æ˜“æ–¯ MO 63112 US,,7,8,,2,0.678,,gable_family,0.382,,masonry,0.927,,,Negligible to Slight,none,0.53
2609,steer,38.6679781337,-90.2283905364,,,7,8,,2,0.645,,gable_family,0.571,,masonry,0.895,,,Negligible to Slight,none,0.67
2610,steer,38.6680467108,-90.2383931551,,,7,8,,2,0.606,,gable_family,0.475,,masonry,0.875,,,Negligible to Slight,none,0.48
2611,steer,38.6681416044,-90.2287312807,,,7,8,,2,0.675,,gable_family,0.478,,masonry,0.91,,,Negligible to Slight,none,0.635
2612,steer,38.6701283066,-90.2364856592,,,7,8,,2,0.542,,gable_family,0.355,,masonry,0.9,,,Negligible to Slight,none,0.48
2613,steer,38.6745462999,-90.2280406254,,,7,8,,2,0.605,,gable_family,0.49,,masonry,0.875,,,Moderate,none,0.445
2614,steer,38.6678249175,-90.2381236864,,,7,8,,2,0.575,,gable_family,0.429,,masonry,0.93,,,Negligible to Slight,moderate,0.45
2615,steer,38.6709950222,-90.2278045647,,,7,8,,2,0.62,,gable_family,0.515,,masonry,0.925,,,Negligible to Slight,none,0.605
2616,steer,38.6704417802,-90.2296420791,,,7,8,,2,0.477,,gable_family,0.479,,masonry,0.845,,,Moderate,moderate,0.435
2617,steer,38.6521340256,-90.2760371165,13 Washington Terr åœ£è·¯æ˜“æ–¯ MO 63112 US,,7,8,,2,0.593,,gable_family,0.46,,masonry,0.931,,,Negligible to Slight,none,0.525
2618,steer,38.6761290168,-90.2360529566,,,7,8,,2,0.525,,gable_family,0.449,,masonry,0.928,,,Moderate,none,0.455
2619,steer,38.6723069257,-90.2283512124,,,7,8,,2,0.547,,gable_family,0.502,,masonry,0.895,,,Moderate,none,0.495
2620,steer,38.6687420506,-90.2290559042,,,7,8,,2,0.568,,gable_family,0.384,,masonry,0.95,,,Negligible to Slight,none,0.605
2621,steer,38.6742850858,-90.2282893626,,,7,8,,2,0.595,,gable_family,0.428,,masonry,0.895,,,Negligible to Slight,none,0.595
2622,steer,38.6677482924,-90.2291339627,,,7,8,,2,0.673,,gable_family,0.512,,masonry,0.935,,,Negligible to Slight,none,0.66
2623,steer,38.6757805518,-90.2342839089,,,7,8,,2,0.655,,gable_family,0.482,,masonry,0.96,,,Negligible to Slight,none,0.6
2624,steer,38.6742779667,-90.233395477,,,7,8,,2,0.711,,gable_family,0.525,,masonry,0.985,,,Negligible to Slight,none,0.635
2625,steer,38.6719676383,-90.2286458985,,,7,8,,2,0.515,,gable_family,0.469,,masonry,0.775,,,Very Heavy,moderate,0.45
2626,steer,38.6740570781,-90.228411875,,,7,8,,2,0.607,,gable_family,0.463,,masonry,0.845,,,Moderate,moderate,0.45
2627,steer,38.6693254525,-90.2291768086,,,7,8,,2,0.81,,gable_family,0.602,,masonry,0.97,,,Moderate,none,0.59
2628,steer,38.6677980935,-90.2292506442,,,7,8,,2,0.635,,gable_family,0.364,,masonry,0.93,,,Negligible to Slight,none,0.58
2629,steer,38.6748647311,-90.2342901862,,,7,8,,2,0.468,,gable_family,0.427,,masonry,0.799,,,Moderate,moderate,0.505
2630,steer,38.6739788548,-90.2284914285,,,7,8,,2,0.622,,gable_family,0.409,,masonry,0.965,,,Moderate,moderate,0.45
2631,steer,38.6700813842,-90.2266191681,,,7,8,,2,0.695,,gable_family,0.475,,masonry,0.98,,,Negligible to Slight,none,0.495
2632,steer,38.6683165901,-90.229154689,,,7,8,,2,0.623,,gable_family,0.428,,masonry,0.91,,,Negligible to Slight,none,0.595
2633,steer,38.6688572829,-90.2293376965,,,7,8,,2,0.598,,gable_family,0.399,,masonry,0.935,,,Negligible to Slight,none,0.44
2634,steer,38.6750770753,-90.2347762587,,,7,8,,2,0.58,,gable_family,0.473,,masonry,0.93,,,Negligible to Slight,none,0.605
2635,steer,38.6509233544,-90.2772844789,19 Kingsbury Pl åœ£è·¯æ˜“æ–¯ MO 63112 US,,7,8,,2,0.773,,gable_family,0.498,,masonry,0.888,,,Negligible to Slight,none,0.585
2636,steer,38.6699536891,-90.2266613056,,,7,8,,2,0.665,,gable_family,0.343,,masonry,0.89,,,Negligible to Slight,none,0.595
2637,steer,38.666875732,-90.2337062688,,,7,8,,2,0.578,,gable_family,0.369,,masonry,0.965,,,Negligible to Slight,none,0.385
2638,steer,38.6688973906,-90.2294161221,,,7,8,,2,0.575,,gable_family,0.541,,masonry,0.94,,,Negligible to Slight,none,0.53
2639,steer,38.6683891686,-90.2293465993,,,7,8,,2,0.73,,gable_family,0.564,,masonry,0.975,,,Negligible to Slight,none,0.615
2640,steer,38.6742377389,-90.2353643181,,,7,8,,2,0.509,,gable_family,0.435,,masonry,0.803,,,Destruction,moderate,0.5
2641,steer,38.6697615556,-90.226759451,,,7,8,,2,0.673,,gable_family,0.495,,masonry,0.91,,,Negligible to Slight,none,0.55
2642,steer,38.6532751295,-90.2812045745,5554 Delmar Blvd åœ£è·¯æ˜“æ–¯ MO 63112 US,,7,8,,2,0.499,,gable_family,0.339,,masonry,0.912,,,Negligible to Slight,none,0.525
2643,steer,38.6682311072,-90.2289483171,,,7,8,,2,0.595,,gable_family,0.512,,masonry,0.94,,,Moderate,none,0.61
2644,steer,38.6710996401,-90.2290939069,,,7,8,,2,0.565,,gable_family,0.466,,masonry,0.955,,,Moderate,moderate,0.44
2645,steer,38.6699984025,-90.2277160211,,,7,8,,2,0.521,,gable_family,0.423,,masonry,0.834,,,Negligible to Slight,none,0.565
2646,steer,38.674408363,-90.2357413044,,,7,8,,2,0.593,,gable_family,0.488,,masonry,0.92,,,Moderate,none,0.455
2647,steer,38.6674814417,-90.2283654177,,,7,8,,2,0.739,,gable_family,0.577,,masonry,0.915,,,Moderate,moderate,0.495
2648,steer,38.6680830073,-90.2298769928,,,7,8,,2,0.62,,gable_family,0.554,,masonry,0.88,,,Negligible to Slight,none,0.57
2649,steer,38.6744447493,-90.235830345,,,7,8,,2,0.583,,gable_family,0.556,,masonry,0.89,,,Substantial to Heavy,moderate,0.52
2650,steer,38.6735631878,-90.2282813687,,,7,8,,2,0.463,,gable_family,0.325,,masonry,0.9,,,Moderate,none,0.465
2651,steer,38.6700622312,-90.2287849675,,,7,8,,2,0.55,,gable_family,0.467,,masonry,0.9,,,Negligible to Slight,moderate,0.47
2652,steer,38.6750375326,-90.2359947974,,,7,8,,2,0.545,,gable_family,0.533,,masonry,0.905,,,Very Heavy,moderate,0.445
2653,steer,38.6679260752,-90.2280665046,,,7,8,,2,0.685,,gable_family,0.497,,masonry,0.91,,,Negligible to Slight,none,0.485
2654,steer,38.6531374679,-90.2801410371,5522 Delmar Blvd åœ£è·¯æ˜“æ–¯ MO 63112 US,,7,6,,2,0.508,,complex_family,0.331,,masonry,0.935,,,Negligible to Slight,none,0.47
2655,steer,38.6681986888,-90.2301056171,,,7,8,,2,0.486,,gable_family,0.502,,masonry,0.815,,,Negligible to Slight,none,0.52
2656,steer,38.6707500983,-90.2294356694,,,7,8,,2,0.495,,gable_family,0.412,,masonry,0.9,,,Moderate,none,0.49
2657,steer,38.6679288843,-90.2282733523,,,7,8,,2,0.625,,gable_family,0.468,,masonry,0.83,,,Negligible to Slight,none,0.475
2658,steer,38.6751132206,-90.2359482404,,,7,8,,2,0.487,,gable_family,0.513,,masonry,0.88,,,Negligible to Slight,none,0.46
2659,steer,38.6703249733,-90.2293907937,,,7,8,,2,0.48,,gable_family,0.404,,masonry,0.855,,,Negligible to Slight,moderate,0.425
2660,steer,38.6529513152,-90.2777343665,5438 Delmar Blvd åœ£è·¯æ˜“æ–¯ MO 63112 US,,7,8,,2,0.55,,gable_family,0.383,,masonry,0.915,,,Negligible to Slight,none,0.555
2661,steer,38.6698516195,-90.2282787417,,,7,8,,2,0.478,,gable_family,0.377,,masonry,0.815,,,Negligible to Slight,none,0.515
2662,steer,38.6751764597,-90.2359099488,,,7,8,,2,0.512,,gable_family,0.443,,masonry,0.795,,,Negligible to Slight,moderate,0.425
2663,steer,38.667619877,-90.2288042317,,,7,8,,2,0.509,,gable_family,0.444,,masonry,0.84,,,Negligible to Slight,none,0.665
2664,steer,38.6693103719,-90.2282421911,,,7,8,,2,0.69,,gable_family,0.47,,masonry,0.84,,,Negligible to Slight,none,0.55
2665,steer,38.6683994032,-90.2305185259,,,7,8,,2,0.591,,gable_family,0.545,,masonry,0.825,,,Negligible to Slight,none,0.475
2666,steer,38.6529807385,-90.2772172765,5424 Delmar Blvd åœ£è·¯æ˜“æ–¯ MO 63112 US,,7,8,,2,0.656,,gable_family,0.432,,masonry,0.95,,,Negligible to Slight,none,0.585
2667,steer,38.6718638765,-90.2372199197,,,7,8,,2,0.754,,gable_family,0.561,,masonry,0.935,,,Negligible to Slight,none,0.625
2668,steer,38.6676601459,-90.2289098749,,,7,8,,2,0.515,,gable_family,0.568,,masonry,0.875,,,Negligible to Slight,none,0.625
2669,steer,38.6682308718,-90.2280157245,,,7,8,,2,0.663,,gable_family,0.594,,masonry,0.935,,,Negligible to Slight,none,0.545
2670,steer,38.6735423648,-90.2278302014,,,7,8,,2,0.67,,gable_family,0.58,,masonry,0.905,,,Negligible to Slight,none,0.45
2671,steer,38.6728422391,-90.2372313722,,,7,8,,2,0.54,,gable_family,0.387,,masonry,0.949,,,Moderate,moderate,0.405
2672,steer,38.6686546139,-90.2311594118,,,7,8,,2,0.475,,gable_family,0.492,,masonry,0.875,,,Negligible to Slight,none,0.53
2673,steer,38.6683531533,-90.2292521795,,,7,8,,2,0.675,,gable_family,0.479,,masonry,0.975,,,Negligible to Slight,none,0.64
2674,steer,38.6686339139,-90.2275305824,,,7,8,,2,0.74,,gable_family,0.489,,masonry,0.96,,,Negligible to Slight,none,0.53
2675,steer,38.6733309778,-90.2273840902,,,7,8,,2,0.71,,gable_family,0.626,,masonry,0.91,,,Moderate,moderate,0.47
2676,steer,38.6722605027,-90.2381801877,,,7,8,,2,0.637,,gable_family,0.623,,masonry,0.86,,,Negligible to Slight,none,0.465
2677,steer,38.667916143,-90.230568342,,,7,8,,2,0.444,,gable_family,0.482,,masonry,0.855,,,Negligible to Slight,none,0.435
2678,steer,38.6703420305,-90.2295068419,,,7,8,,2,0.622,,gable_family,0.457,,masonry,0.89,,,Moderate,none,0.44
2679,steer,38.6749877619,-90.227723611,,,7,8,,2,0.466,,gable_family,0.448,,masonry,0.795,,,Moderate,moderate,0.585
2680,steer,38.6680806698,-90.2309170708,,,7,8,,2,0.532,,gable_family,0.487,,masonry,0.92,,,Moderate,none,0.495
2681,steer,38.668667155,-90.2276801974,,,7,8,,2,0.597,,gable_family,0.43,,masonry,0.98,,,Negligible to Slight,none,0.59
2682,steer,38.6728741513,-90.2378421022,,,7,8,,2,0.625,,gable_family,0.546,,masonry,0.89,,,Negligible to Slight,none,0.455
2683,steer,38.6730187518,-90.2375710262,,,6,8,,1,0.463,,gable_family,0.424,,masonry,0.86,,,Negligible to Slight,none,0.465
2684,steer,38.6683971885,-90.228345278,,,7,8,,2,0.715,,gable_family,0.537,,masonry,0.935,,,Negligible to Slight,none,0.575
2685,steer,38.668478399,-90.2296358771,,,7,8,,2,0.705,,gable_family,0.495,,masonry,0.95,,,Moderate,moderate,0.47
2686,steer,38.6749263188,-90.2278168589,,,7,8,,2,0.617,,gable_family,0.397,,masonry,0.97,,,Negligible to Slight,none,0.455
2687,steer,38.6681978176,-90.231183548,,,7,8,,2,0.485,,gable_family,0.503,,masonry,0.81,,,Very Heavy,none,0.505
2688,steer,38.6681237554,-90.2299627269,,,7,8,,2,0.6,,gable_family,0.611,,masonry,0.915,,,Negligible to Slight,none,0.52
2689,steer,38.6672838971,-90.2301058806,,,7,8,,2,0.493,,gable_family,0.502,,masonry,0.825,,,Moderate,moderate,0.37
2690,steer,38.6531125897,-90.2797629835,5512 Delmar Blvd åœ£è·¯æ˜“æ–¯ MO 63112 US,,7,8,,2,0.512,,gable_family,0.308,,masonry,0.945,,,Moderate,moderate,0.545
2691,steer,38.6731034538,-90.2382202157,,,7,8,,2,0.592,,gable_family,0.483,,masonry,0.83,,,Moderate,none,0.585
2692,steer,38.6688770472,-90.2281419308,,,7,8,,2,0.59,,gable_family,0.364,,masonry,0.945,,,Moderate,none,0.585
2693,steer,38.6730339066,-90.2383018704,,,7,8,,2,0.59,,gable_family,0.418,,masonry,0.9,,,Moderate,none,0.425
2694,steer,38.6687621052,-90.2279535355,,,7,6,,2,0.645,,complex_family,0.386,,masonry,0.935,,,Moderate,none,0.49
2695,steer,38.6676044047,-90.2298722793,,,7,8,,2,0.585,,gable_family,0.393,,masonry,0.9,,,Negligible to Slight,none,0.47
2696,steer,38.6728776895,-90.2268302843,,,7,8,,2,0.513,,gable_family,0.533,,masonry,0.845,,,Moderate,moderate,0.475
2697,steer,38.668205962,-90.2302241317,,,7,8,,2,0.505,,gable_family,0.488,,masonry,0.84,,,Negligible to Slight,none,0.6
2698,steer,38.6727959184,-90.2385231408,,,7,8,,2,0.603,,gable_family,0.454,,masonry,0.88,,,Substantial to Heavy,moderate,0.43
2699,steer,38.6689839456,-90.2296369826,,,7,8,,2,0.608,,gable_family,0.5,,masonry,0.905,,,Moderate,none,0.42
2700,steer,38.6735233786,-90.2263381898,,,7,8,,2,0.528,,gable_family,0.418,,masonry,0.86,,,Moderate,moderate,0.415
2701,steer,38.6681513781,-90.2300408962,,,7,8,,2,0.465,,gable_family,0.473,,masonry,0.8,,,Negligible to Slight,none,0.515
2702,steer,38.6674906679,-90.2295900715,,,7,8,,2,0.659,,gable_family,0.552,,masonry,0.915,,,Negligible to Slight,moderate,0.445
2703,steer,38.6734192088,-90.2385845309,,,7,8,,2,0.557,,gable_family,0.476,,masonry,0.9,,,Negligible to Slight,none,0.665
2704,steer,38.6693951116,-90.2305982852,,,7,8,,2,0.492,,gable_family,0.423,,masonry,0.86,,,Negligible to Slight,none,0.59
2705,steer,38.667338043,-90.2292007121,,,7,8,,2,0.675,,gable_family,0.523,,masonry,0.875,,,Negligible to Slight,none,0.575
2706,steer,38.6682964649,-90.2303755367,,,6,8,,1,0.481,,gable_family,0.5,,masonry,0.86,,,Negligible to Slight,none,0.64
2707,steer,38.6678299088,-90.2293757698,,,7,8,,2,0.645,,gable_family,0.501,,masonry,0.92,,,Negligible to Slight,none,0.56
2708,steer,38.6738066585,-90.2395059856,,,7,8,,2,0.555,,gable_family,0.475,,masonry,0.87,,,Negligible to Slight,none,0.605
2709,steer,38.6491018139,-90.2801716621,5554 Waterman Blvd St. Louis MO 63112 US,,7,8,,2,0.435,,gable_family,0.382,,masonry,0.975,,,Negligible to Slight,moderate,0.47
2710,steer,38.667065692,-90.2294324588,,,7,8,,2,0.58,,gable_family,0.449,,masonry,0.905,,,Negligible to Slight,none,0.505
2711,steer,38.6684336225,-90.2306234019,,,7,8,,2,0.589,,gable_family,0.577,,masonry,0.82,,,Negligible to Slight,moderate,0.51
2712,steer,38.6737032326,-90.2398729198,,,7,8,,2,0.495,,gable_family,0.398,,masonry,0.915,,,Negligible to Slight,none,0.485
2713,steer,38.6677046984,-90.2290310771,,,7,8,,2,0.675,,gable_family,0.532,,masonry,0.913,,,Moderate,none,0.635
2714,steer,38.6702729523,-90.2292455051,,,7,8,,2,0.51,,gable_family,0.491,,masonry,0.898,,,Negligible to Slight,none,0.485
2715,steer,38.67326253,-90.225939498,,,7,8,,2,0.55,,gable_family,0.506,,masonry,0.855,,,Moderate,none,0.49
2716,steer,38.6671465662,-90.2286595238,,,7,8,,2,0.507,,gable_family,0.344,,masonry,0.95,,,Moderate,none,0.445
2717,steer,38.6686230544,-90.2298685875,,,7,8,,2,0.675,,gable_family,0.498,,masonry,0.975,,,Negligible to Slight,none,0.445
2718,steer,38.6727111508,-90.2392537963,,,7,8,,2,0.648,,gable_family,0.49,,masonry,0.945,,,Moderate,moderate,0.485
2719,steer,38.6679444266,-90.2306458373,,,7,8,,2,0.455,,gable_family,0.449,,masonry,0.845,,,Negligible to Slight,none,0.465
2720,steer,38.6725515705,-90.2259077341,,,7,8,,2,0.443,,gable_family,0.508,,masonry,0.785,,,Negligible to Slight,moderate,0.45
2721,steer,38.6682511945,-90.2303040421,,,7,8,,2,0.509,,gable_family,0.503,,masonry,0.835,,,Negligible to Slight,none,0.525
2722,steer,38.66986292,-90.2294328269,,,7,8,,2,0.637,,gable_family,0.434,,masonry,0.81,,,Negligible to Slight,none,0.61
2723,steer,38.6728215954,-90.2395396778,,,7,8,,2,0.642,,gable_family,0.407,,masonry,0.915,,,Negligible to Slight,moderate,0.43
2724,steer,38.6681506055,-90.2310986036,,,7,8,,2,0.59,,gable_family,0.474,,masonry,0.875,,,Substantial to Heavy,none,0.425
2725,steer,38.6479514477,-90.2751459366,5323 Pershing Ave åœ£è·¯æ˜“æ–¯ MO 63112 US,,7,8,,2,0.54,,gable_family,0.397,,masonry,0.945,,,Negligible to Slight,none,0.55
2726,steer,38.6683328748,-90.2304527055,,,7,8,,2,0.48,,gable_family,0.448,,masonry,0.85,,,Negligible to Slight,none,0.6
2727,steer,38.674840045,-90.2278336101,,,7,8,,2,0.672,,gable_family,0.469,,masonry,0.955,,,Moderate,moderate,0.505
2728,steer,38.6682810057,-90.2314035845,,,7,8,,2,0.505,,gable_family,0.468,,masonry,0.87,,,Moderate,moderate,0.435
2729,steer,38.6729667759,-90.2398874381,,,7,8,,2,0.673,,gable_family,0.417,,masonry,0.915,,,Negligible to Slight,none,0.485
2730,steer,38.6687298813,-90.2301046506,,,7,8,,2,0.513,,gable_family,0.507,,masonry,0.91,,,Negligible to Slight,none,0.575
2731,steer,38.672628238,-90.2400850814,,,7,8,,2,0.584,,gable_family,0.448,,masonry,0.925,,,Moderate,moderate,0.435
2732,steer,38.6487899024,-90.27692831,76 Waterman Pl åœ£è·¯æ˜“æ–¯ MO 63112 US,,7,8,,2,0.572,,gable_family,0.399,,masonry,0.91,,,Negligible to Slight,none,0.57
2733,steer,38.6674517948,-90.2294592467,,,7,8,,2,0.616,,gable_family,0.409,,masonry,0.89,,,Substantial to Heavy,moderate,0.45
2734,steer,38.6500049669,-90.280920241,5575 Waterman Blvd St. Louis MO 63112 US,,7,8,,2,0.605,,gable_family,0.444,,masonry,0.83,,,Negligible to Slight,none,0.42
2735,steer,38.6685113176,-90.2308966884,,,7,8,,2,0.485,,gable_family,0.536,,masonry,0.885,,,Moderate,none,0.6
2736,steer,38.6498434545,-90.2886271853,5782 De Giverville Ave St. Louis MO 63112 US,,7,8,,2,0.724,,gable_family,0.413,,masonry,0.97,,,Negligible to Slight,none,0.545
2737,steer,38.6668491369,-90.2289573059,,,7,8,,2,0.54,,gable_family,0.424,,masonry,0.93,,,Moderate,none,0.43
2738,steer,38.6523161086,-90.2781241989,25 Washington Terr åœ£è·¯æ˜“æ–¯ MO 63112 US,,7,8,,2,0.633,,gable_family,0.485,,masonry,0.931,,,Moderate,moderate,0.51
2739,steer,38.6718878538,-90.2404308928,,,7,8,,2,0.555,,gable_family,0.464,,masonry,0.9,,,Substantial to Heavy,moderate,0.48
2740,steer,38.6677903773,-90.2302280365,,,7,8,,2,0.553,,gable_family,0.615,,masonry,0.9,,,Negligible to Slight,none,0.585
2741,steer,38.6497740304,-90.2885451494,5780 De Giverville Ave St. Louis MO 63112 US,,7,8,,2,0.78,,gable_family,0.535,,masonry,0.945,,,Negligible to Slight,none,0.44
2742,steer,38.6719527695,-90.2390373581,,,6,8,,1,0.454,,gable_family,0.498,,masonry,0.875,,,Negligible to Slight,none,0.44
2743,steer,38.6494395767,-90.2830932813,5636 Waterman Blvd St. Louis MO 63112 US,,7,8,,2,0.59,,gable_family,0.368,,masonry,0.955,,,Substantial to Heavy,none,0.445
2744,steer,38.6699035264,-90.2295762881,,,7,8,,2,0.658,,gable_family,0.536,,masonry,0.865,,,Negligible to Slight,none,0.47
2745,steer,38.6677851703,-90.2303409101,,,7,8,,2,0.465,,gable_family,0.474,,masonry,0.85,,,Negligible to Slight,none,0.62
2746,steer,38.6499615062,-90.2830064568,5635 Waterman Blvd St. Louis MO 63112 US,,7,6,,2,0.522,,complex_family,0.391,,masonry,0.955,,,Moderate,moderate,0.42
2747,steer,38.6702403887,-90.2291559561,,,7,8,,2,0.505,,gable_family,0.472,,masonry,0.88,,,Negligible to Slight,none,0.44
2748,steer,38.6493245835,-90.287946533,5764 De Giverville Ave St. Louis MO 63112 US,,7,8,,2,0.675,,gable_family,0.579,,masonry,0.925,,,Negligible to Slight,none,0.475
2749,steer,38.6720241579,-90.238989684,,,7,8,,2,0.525,,gable_family,0.462,,masonry,0.9,,,Negligible to Slight,none,0.48
2750,steer,38.6679951026,-90.230741864,,,7,8,,2,0.539,,gable_family,0.527,,masonry,0.905,,,Negligible to Slight,none,0.57
2751,steer,38.6716578637,-90.2392151875,,,7,8,,2,0.595,,gable_family,0.52,,masonry,0.915,,,Moderate,moderate,0.48
2752,steer,38.649994179,-90.2887925362,5786 De Giverville Ave St. Louis MO 63112 US,,7,8,,2,0.774,,gable_family,0.523,,masonry,0.965,,,Negligible to Slight,none,0.515
2753,steer,38.6729936574,-90.2278889239,,,7,8,,2,0.673,,gable_family,0.521,,masonry,0.945,,,Moderate,none,0.46
2754,steer,38.649233565,-90.2756308472,41 Waterman Pl åœ£è·¯æ˜“æ–¯ MO 63112 US,,7,8,,2,0.752,,gable_family,0.554,,masonry,0.93,,,Negligible to Slight,none,0.545
2755,steer,38.6682513978,-90.2312899843,,,7,8,,2,0.467,,gable_family,0.433,,masonry,0.845,,,Substantial to Heavy,moderate,0.42
2756,steer,38.6718489438,-90.2384208818,,,7,8,,2,0.565,,gable_family,0.54,,masonry,0.91,,,Moderate,none,0.52
2757,steer,38.6492080504,-90.2877964476,5760 De Giverville Ave St. Louis MO 63112 US,,7,8,,2,0.7,,gable_family,0.517,,masonry,0.93,,,Negligible to Slight,moderate,0.46
2758,steer,38.6730946572,-90.2280938551,,,7,8,,2,0.529,,gable_family,0.443,,masonry,0.87,,,Moderate,moderate,0.53
2759,steer,38.6479682046,-90.2750434415,5319 Pershing Ave åœ£è·¯æ˜“æ–¯ MO 63112 US,,7,8,,2,0.538,,gable_family,0.498,,masonry,0.895,,,Negligible to Slight,none,0.565
2760,steer,38.6669599566,-90.2287691675,,,7,8,,2,0.557,,gable_family,0.354,,masonry,0.935,,,Substantial to Heavy,none,0.575
2761,steer,38.6715401797,-90.2377055449,,,7,8,,2,0.613,,gable_family,0.574,,masonry,0.96,,,Moderate,none,0.44
2762,steer,38.6490103435,-90.2847778129,310 Debaliviere Ave St. Louis MO 63112 US,,7,8,,2,0.457,,gable_family,0.395,,masonry,0.787,,,Negligible to Slight,none,0.6
2763,steer,38.6492318424,-90.2752947089,33 Waterman Pl åœ£è·¯æ˜“æ–¯ MO 63112 US,,7,8,,2,0.697,,gable_family,0.486,,masonry,0.954,,,Moderate,none,0.47
2764,steer,38.6486163885,-90.2752138746,28 Waterman Pl åœ£è·¯æ˜“æ–¯ MO 63112 US,,7,8,,2,0.565,,gable_family,0.428,,masonry,0.875,,,Moderate,none,0.43
2765,steer,38.6699662432,-90.2296649233,,,7,8,,2,0.522,,gable_family,0.396,,masonry,0.845,,,Negligible to Slight,none,0.545
2766,steer,38.6735402801,-90.2291900956,,,7,8,,2,0.553,,gable_family,0.511,,masonry,0.775,,,Very Heavy,moderate,0.485
2767,steer,38.6714169288,-90.2374285482,,,7,8,,2,0.665,,gable_family,0.603,,masonry,0.905,,,Moderate,none,0.445
2768,steer,38.6491537564,-90.2749221183,21 Waterman Pl åœ£è·¯æ˜“æ–¯ MO 63112 US,,7,8,,2,0.529,,gable_family,0.45,,masonry,0.939,,,Negligible to Slight,none,0.495
2769,steer,38.6738718638,-90.2298731486,,,7,8,,2,0.53,,gable_family,0.438,,masonry,0.79,,,Substantial to Heavy,moderate,0.405
2770,steer,38.6477907516,-90.2744800289,303 Union Blvd åœ£è·¯æ˜“æ–¯ MO 63108 US,,7,8,,2,0.507,,gable_family,0.335,,masonry,0.975,,,Substantial to Heavy,moderate,0.425
2771,steer,38.6713517286,-90.2372952762,,,7,8,,2,0.583,,gable_family,0.577,,masonry,0.9,,,Negligible to Slight,none,0.535
2772,steer,38.6479481763,-90.2748876853,5315 Pershing Ave åœ£è·¯æ˜“æ–¯ MO 63112 US,,7,8,,2,0.412,,gable_family,0.343,,masonry,0.852,,,Moderate,moderate,0.44
2773,steer,38.6488643536,-90.2778572468,94 Waterman Pl åœ£è·¯æ˜“æ–¯ MO 63112 US,,7,8,,2,0.685,,gable_family,0.393,,masonry,0.965,,,Negligible to Slight,moderate,0.48
2774,steer,38.649513243,-90.2882079613,5770 De Giverville Ave St. Louis MO 63112 US,,7,8,,2,0.79,,gable_family,0.502,,masonry,0.98,,,Negligible to Slight,moderate,0.46
2775,steer,38.6485591749,-90.2747523396,14 Waterman Pl åœ£è·¯æ˜“æ–¯ MO 63112 US,,7,8,,2,0.548,,gable_family,0.472,,masonry,0.885,,,Negligible to Slight,none,0.45
2776,steer,38.6710386121,-90.2365042339,,,7,8,,2,0.552,,gable_family,0.339,,masonry,0.93,,,Moderate,moderate,0.455
2777,steer,38.6482405772,-90.2773528665,5381 Pershing Ave åœ£è·¯æ˜“æ–¯ MO 63112 US,,7,8,,2,0.58,,gable_family,0.611,,masonry,0.905,,,Negligible to Slight,none,0.49
2778,steer,38.6728535868,-90.2249661225,,,7,8,,2,0.495,,gable_family,0.407,,masonry,0.84,,,Moderate,none,0.53
2779,steer,38.648781517,-90.2767120155,70 Waterman Pl åœ£è·¯æ˜“æ–¯ MO 63112 US,,7,8,,2,0.51,,gable_family,0.525,,masonry,0.91,,,Negligible to Slight,none,0.555
2780,steer,38.6710035567,-90.2364082224,,,7,8,,2,0.559,,gable_family,0.329,,masonry,0.96,,,Moderate,moderate,0.53
2781,steer,38.6492733657,-90.2758588729,51 Waterman Pl åœ£è·¯æ˜“æ–¯ MO 63112 US,,7,8,,2,0.567,,gable_family,0.428,,masonry,0.959,,,Negligible to Slight,none,0.54
2782,steer,38.648136079,-90.2767432589,5367 Pershing Ave åœ£è·¯æ˜“æ–¯ MO 63112 US,,7,8,,2,0.48,,gable_family,0.443,,masonry,0.88,,,Negligible to Slight,moderate,0.505
2783,steer,38.6736464722,-90.2304257513,,,7,8,,2,0.575,,gable_family,0.606,,masonry,0.865,,,Negligible to Slight,moderate,0.47
2784,steer,38.6487169101,-90.2867851704,5738 De Giverville Ave St. Louis MO 63112 US,,7,8,,2,0.605,,gable_family,0.482,,masonry,0.935,,,Negligible to Slight,none,0.465
2785,steer,38.6709657945,-90.2363234554,,,7,6,,2,0.56,,complex_family,0.325,,masonry,0.94,,,Moderate,none,0.46
2786,steer,38.6489795451,-90.2873559624,5750 De Giverville Ave St. Louis MO 63112 US,,7,8,,2,0.714,,gable_family,0.556,,masonry,0.93,,,Negligible to Slight,none,0.555
2787,steer,38.648680073,-90.2866942433,5734 De Giverville Ave St. Louis MO 63112 US,,7,8,,2,0.635,,gable_family,0.517,,masonry,0.975,,,Negligible to Slight,none,0.485
2788,steer,38.6728947203,-90.2250562643,,,7,8,,2,0.525,,gable_family,0.497,,masonry,0.85,,,Moderate,none,0.465
2789,steer,38.6486504666,-90.2865819922,5732 De Giverville Ave St. Louis MO 63112 US,,7,8,,2,0.603,,gable_family,0.368,,masonry,0.895,,,Moderate,none,0.605
2790,steer,38.6487786126,-90.2869959039,5742 De Giverville Ave St. Louis MO 63112 US,,7,8,,2,0.624,,gable_family,0.507,,masonry,0.905,,,Negligible to Slight,none,0.58
2791,steer,38.6708689412,-90.2361630473,,,7,8,,2,0.602,,gable_family,0.404,,masonry,0.96,,,Substantial to Heavy,moderate,0.465
2792,steer,38.6768626741,-90.229553348,,,7,8,,2,0.64,,gable_family,0.565,,masonry,0.955,,,Negligible to Slight,none,0.56
2793,steer,38.6724390279,-90.2247925843,,,7,8,,2,0.597,,gable_family,0.53,,masonry,0.91,,,Moderate,none,0.475
2794,steer,38.6491446626,-90.2746255659,15 Waterman Pl åœ£è·¯æ˜“æ–¯ MO 63112 US,,7,8,,2,0.554,,gable_family,0.422,,masonry,0.962,,,Negligible to Slight,none,0.48
2795,steer,38.6487229409,-90.2762375163,54 Waterman Pl åœ£è·¯æ˜“æ–¯ MO 63112 US,,7,8,,2,0.638,,gable_family,0.487,,masonry,0.835,,,Negligible to Slight,none,0.47
2796,steer,38.6491229937,-90.2744315497,7 Waterman Pl åœ£è·¯æ˜“æ–¯ MO 63112 US,,7,8,,2,0.642,,gable_family,0.427,,masonry,0.975,,,Negligible to Slight,moderate,0.44
2797,steer,38.6534850492,-90.2831857275,5622 Delmar Blvd åœ£è·¯æ˜“æ–¯ MO 63112 US,,14,8,,2,0.491,,flat,0.33,,masonry,0.965,,,Negligible to Slight,moderate,0.4
2798,steer,38.6708112962,-90.2359528091,,,7,8,,2,0.61,,gable_family,0.458,,masonry,0.97,,,Destruction,moderate,0.455
2799,steer,38.6491486699,-90.2877021734,5758 De Giverville Ave St. Louis MO 63112 US,,7,8,,2,0.69,,gable_family,0.447,,masonry,0.97,,,Moderate,none,0.575
2800,steer,38.6488378512,-90.2773973263,84 Waterman Pl åœ£è·¯æ˜“æ–¯ MO 63112 US,,7,8,,2,0.599,,gable_family,0.556,,masonry,0.96,,,Negligible to Slight,none,0.465
2801,steer,38.6703427653,-90.2263588361,,,7,8,,2,0.655,,gable_family,0.535,,masonry,0.89,,,Negligible to Slight,none,0.67
2802,steer,38.6506093177,-90.2815804766,56 Kingsbury Pl åœ£è·¯æ˜“æ–¯ MO 63112 US,,7,8,,2,0.5,,gable_family,0.54,,masonry,0.885,,,Moderate,none,0.54
2803,steer,38.6482062288,-90.2776377061,5389 Pershing Ave åœ£è·¯æ˜“æ–¯ MO 63112 US,,7,8,,2,0.595,,gable_family,0.44,,masonry,0.98,,,Negligible to Slight,none,0.59
2804,steer,38.648761631,-90.2764434939,62 Waterman Pl åœ£è·¯æ˜“æ–¯ MO 63112 US,,7,8,,2,0.57,,gable_family,0.517,,masonry,0.874,,,Negligible to Slight,none,0.52
2805,steer,38.6480137313,-90.2757538234,5339 Pershing Ave åœ£è·¯æ˜“æ–¯ MO 63112 US,,7,8,,2,0.65,,gable_family,0.549,,masonry,0.965,,,Negligible to Slight,moderate,0.39
2806,steer,38.6741943434,-90.2306209499,,,7,8,,2,0.547,,gable_family,0.417,,masonry,0.813,,,Moderate,moderate,0.505
2807,steer,38.6706663401,-90.2261054095,,,7,8,,2,0.756,,gable_family,0.555,,masonry,0.875,,,Negligible to Slight,none,0.51
2808,steer,38.6757146218,-90.2294134274,,,7,8,,2,0.5,,gable_family,0.392,,masonry,0.935,,,Negligible to Slight,none,0.685
2809,steer,38.6486791727,-90.2759346782,50 Waterman Pl åœ£è·¯æ˜“æ–¯ MO 63112 US,,7,8,,2,0.505,,gable_family,0.476,,masonry,0.869,,,Negligible to Slight,none,0.485
2810,steer,38.6705741773,-90.2268804458,,,7,8,,2,0.579,,gable_family,0.439,,masonry,0.92,,,Negligible to Slight,none,0.59
2811,steer,38.6488613058,-90.2871749106,5746 De Giverville Ave St. Louis MO 63112 US,,7,8,,2,0.637,,gable_family,0.468,,masonry,0.9,,,Moderate,moderate,0.445
2812,steer,38.6738882561,-90.2309867914,,,7,8,,2,0.558,,gable_family,0.408,,masonry,0.89,,,Negligible to Slight,none,0.5
2813,steer,38.6755053805,-90.2295667953,,,7,8,,2,0.696,,gable_family,0.461,,masonry,0.98,,,Negligible to Slight,none,0.53
2814,steer,38.6480992588,-90.2764736367,5361 Pershing Ave åœ£è·¯æ˜“æ–¯ MO 63112 US,,7,8,,2,0.603,,gable_family,0.402,,masonry,0.98,,,Negligible to Slight,none,0.485
2815,steer,38.6516364558,-90.2835540647,Delmonte Way åœ£è·¯æ˜“æ–¯ MO 63112 US,,7,8,,2,0.413,,gable_family,0.354,,masonry,0.995,,,Negligible to Slight,none,0.485
2816,steer,38.672611066,-90.2260358519,,,7,8,,2,0.575,,gable_family,0.547,,masonry,0.805,,,Negligible to Slight,none,0.48
2817,steer,38.6706337307,-90.2270320421,,,7,8,,2,0.54,,gable_family,0.362,,masonry,0.92,,,Negligible to Slight,none,0.445
2818,steer,38.6503515298,-90.2787637685,30 Kingsbury Pl åœ£è·¯æ˜“æ–¯ MO 63112 US,,7,8,,2,0.452,,gable_family,0.516,,masonry,0.858,,,Negligible to Slight,none,0.57
2819,steer,38.6767021193,-90.229734507,,,7,8,,2,0.72,,gable_family,0.49,,masonry,0.975,,,Negligible to Slight,none,0.605
2820,steer,38.6709309293,-90.2277038981,,,7,8,,2,0.55,,gable_family,0.384,,masonry,0.9,,,Negligible to Slight,none,0.49
2821,steer,38.674375577,-90.2310296751,,,7,8,,2,0.552,,gable_family,0.528,,masonry,0.885,,,Negligible to Slight,none,0.485
2822,steer,38.676419773,-90.2288974786,,,7,8,,2,0.709,,gable_family,0.521,,masonry,0.985,,,Negligible to Slight,none,0.62
2823,steer,38.6503444515,-90.2785724006,28 Kingsbury Pl åœ£è·¯æ˜“æ–¯ MO 63112 US,,7,8,,2,0.535,,gable_family,0.517,,masonry,0.89,,,Negligible to Slight,none,0.66
2824,steer,38.6762533921,-90.2290610363,,,7,8,,2,0.725,,gable_family,0.477,,masonry,0.93,,,Negligible to Slight,none,0.64
2825,steer,38.6759338539,-90.2292768441,,,7,8,,2,0.49,,gable_family,0.364,,masonry,0.955,,,Negligible to Slight,none,0.59
2826,steer,38.6710340812,-90.2279059769,,,7,8,,2,0.507,,gable_family,0.388,,masonry,0.905,,,Negligible to Slight,none,0.49
2827,steer,38.6508404819,-90.2829705957,445 Clara Ave åœ£è·¯æ˜“æ–¯ MO 63112 US,,7,8,,2,0.584,,gable_family,0.544,,masonry,0.945,,,Negligible to Slight,none,0.44
2828,steer,38.6758636965,-90.2293448656,,,7,8,,2,0.52,,gable_family,0.383,,masonry,0.965,,,Moderate,moderate,0.44
2829,steer,38.6523325137,-90.2836997261,532 Debaliviere Ave åœ£è·¯æ˜“æ–¯ MO 63112 US,,7,8,,2,0.619,,gable_family,0.48,,masonry,0.896,,,Negligible to Slight,none,0.565
2830,steer,38.6502184029,-90.2773798895,20 Kingsbury Pl åœ£è·¯æ˜“æ–¯ MO 63112 US,,7,8,,2,0.757,,gable_family,0.481,,masonry,0.926,,,Negligible to Slight,none,0.68
2831,steer,38.6710644073,-90.2279872559,,,7,8,,2,0.495,,gable_family,0.379,,masonry,0.865,,,Negligible to Slight,none,0.465
2832,steer,38.6505235412,-90.2830191669,425 Clara Ave åœ£è·¯æ˜“æ–¯ MO 63112 US,,7,8,,2,0.677,,gable_family,0.57,,masonry,0.964,,,Negligible to Slight,none,0.585
2833,steer,38.6768512027,-90.2303056556,,,7,6,,2,0.524,,complex_family,0.388,,masonry,0.96,,,Moderate,moderate,0.42
2834,steer,38.674363988,-90.2298332432,,,7,8,,2,0.628,,gable_family,0.453,,masonry,0.94,,,Moderate,none,0.625
2835,steer,38.6757932141,-90.2293552538,,,7,8,,2,0.585,,gable_family,0.378,,masonry,0.965,,,Negligible to Slight,none,0.58
2836,steer,38.6714639154,-90.2277888009,,,7,8,,2,0.51,,gable_family,0.438,,masonry,0.825,,,Moderate,none,0.45
2837,steer,38.6742801579,-90.2329067968,,,7,8,,2,0.598,,gable_family,0.377,,masonry,0.92,,,Moderate,none,0.55
2838,steer,38.6764935725,-90.2297941519,,,7,6,,2,0.601,,complex_family,0.371,,masonry,0.92,,,Moderate,moderate,0.51
2839,steer,38.6748868163,-90.2310223414,,,7,8,,2,0.559,,gable_family,0.481,,masonry,0.985,,,Negligible to Slight,none,0.535
2840,steer,38.6499026472,-90.2742328801,2 Kingsbury Pl åœ£è·¯æ˜“æ–¯ MO 63112 US,,7,8,,2,0.612,,gable_family,0.399,,masonry,0.955,,,Negligible to Slight,moderate,0.475
2841,steer,38.6712436613,-90.2282946184,,,7,8,,2,0.485,,gable_family,0.349,,masonry,0.86,,,Very Heavy,moderate,0.42
2842,steer,38.6732382554,-90.233077196,,,7,8,,2,0.502,,gable_family,0.408,,masonry,0.865,,,Very Heavy,moderate,0.485
2843,steer,38.6501965028,-90.2770700233,18 Kingsbury Pl åœ£è·¯æ˜“æ–¯ MO 63112 US,,7,8,,2,0.674,,gable_family,0.425,,masonry,0.937,,,Negligible to Slight,moderate,0.445
2844,steer,38.6747832129,-90.2295136459,,,7,8,,2,0.657,,gable_family,0.461,,masonry,0.88,,,Moderate,none,0.575
2845,steer,38.6756433221,-90.2294539413,,,7,8,,2,0.648,,gable_family,0.419,,masonry,0.97,,,Moderate,none,0.45
2846,steer,38.6731898467,-90.2329809377,,,7,8,,2,0.555,,gable_family,0.427,,masonry,0.82,,,Moderate,none,0.42
2847,steer,38.6701689964,-90.2269899573,,,7,8,,2,0.483,,gable_family,0.433,,masonry,0.91,,,Negligible to Slight,none,0.595
2848,steer,38.6760407129,-90.2301432288,,,7,8,,2,0.567,,gable_family,0.394,,masonry,0.98,,,Negligible to Slight,none,0.5
2849,steer,38.6748374517,-90.2304706754,,,7,8,,2,0.57,,gable_family,0.482,,masonry,0.79,,,Negligible to Slight,none,0.44
2850,steer,38.670261078,-90.2271842578,,,7,8,,2,0.54,,gable_family,0.422,,masonry,0.929,,,Negligible to Slight,none,0.58
2851,steer,38.6506375515,-90.2819890363,60 Kingsbury Pl St. Louis MO 63112 US,,7,8,,2,0.674,,gable_family,0.519,,masonry,0.889,,,Negligible to Slight,none,0.485
2852,steer,38.6755732066,-90.2295243843,,,7,8,,2,0.574,,gable_family,0.429,,masonry,0.893,,,Moderate,moderate,0.475
2853,steer,38.6504184728,-90.2794058229,36 Kingsbury Pl åœ£è·¯æ˜“æ–¯ MO 63112 US,,7,8,,2,0.71,,gable_family,0.534,,masonry,0.98,,,Negligible to Slight,none,0.445
2854,steer,38.6728913869,-90.2319419932,,,7,8,,2,0.539,,gable_family,0.511,,masonry,0.69,,,Moderate,none,0.44
2855,steer,38.6750785951,-90.2292361007,,,7,8,,2,0.61,,gable_family,0.437,,masonry,0.885,,,Negligible to Slight,none,0.57
2856,steer,38.6704494425,-90.2276210654,,,7,8,,2,0.635,,gable_family,0.392,,masonry,0.935,,,Negligible to Slight,none,0.545
2857,steer,38.6744735432,-90.2303467277,,,7,8,,2,0.582,,gable_family,0.505,,masonry,0.83,,,Moderate,none,0.405
2858,steer,38.6754369979,-90.2296282912,,,7,8,,2,0.628,,gable_family,0.387,,masonry,0.885,,,Moderate,moderate,0.475
2859,steer,38.6733652339,-90.2315814872,,,7,8,,2,0.54,,gable_family,0.502,,masonry,0.79,,,Moderate,none,0.45
2860,steer,38.670409208,-90.227525133,,,7,8,,2,0.665,,gable_family,0.598,,masonry,0.879,,,Negligible to Slight,none,0.615
2861,steer,38.6512137168,-90.2801678153,43 Kingsbury Pl åœ£è·¯æ˜“æ–¯ MO 63112 US,,7,8,,2,0.671,,gable_family,0.542,,masonry,0.971,,,Negligible to Slight,none,0.52
2862,steer,38.6759723022,-90.2302162879,,,7,8,,2,0.599,,gable_family,0.494,,masonry,0.965,,,Moderate,moderate,0.46
2863,steer,38.6502216354,-90.2776993004,22 Kingsbury Pl åœ£è·¯æ˜“æ–¯ MO 63112 US,,7,8,,2,0.657,,gable_family,0.458,,masonry,0.95,,,Negligible to Slight,none,0.5
2864,steer,38.6732930565,-90.2306441613,,,7,8,,2,0.62,,gable_family,0.519,,masonry,0.95,,,Substantial to Heavy,none,0.57
2865,steer,38.6701402308,-90.2280471788,,,7,8,,2,0.518,,gable_family,0.42,,masonry,0.845,,,Negligible to Slight,none,0.61
2866,steer,38.6514012656,-90.2820564088,61 Kingsbury Pl åœ£è·¯æ˜“æ–¯ MO 63112 US,,7,8,,2,0.535,,gable_family,0.433,,masonry,0.99,,,Negligible to Slight,none,0.6
2867,steer,38.6757114028,-90.2304364096,,,7,6,,2,0.525,,complex_family,0.37,,masonry,0.97,,,Negligible to Slight,moderate,0.47
2868,steer,38.649999696,-90.2756353198,10 Kingsbury Pl åœ£è·¯æ˜“æ–¯ MO 63112 US,,7,8,,2,0.69,,gable_family,0.498,,masonry,0.948,,,Negligible to Slight,none,0.545
2869,steer,38.670621984,-90.2279898525,,,7,8,,2,0.643,,gable_family,0.492,,masonry,0.905,,,Substantial to Heavy,moderate,0.445
2870,steer,38.6516617022,-90.2827283452,525 Clara Ave åœ£è·¯æ˜“æ–¯ MO 63112 US,,7,8,,2,0.526,,gable_family,0.378,,masonry,0.987,,,Negligible to Slight,none,0.61
2871,steer,38.6756259283,-90.2304601,,,7,8,,2,0.688,,gable_family,0.427,,masonry,0.95,,,Negligible to Slight,none,0.495
2872,steer,38.6742790066,-90.2288956958,,,7,8,,2,0.595,,gable_family,0.472,,masonry,0.925,,,Substantial to Heavy,moderate,0.425
2873,steer,38.6513604829,-90.2816216717,57 Kingsbury Pl åœ£è·¯æ˜“æ–¯ MO 63112 US,,7,8,,2,0.669,,gable_family,0.477,,masonry,0.956,,,Negligible to Slight,none,0.62
2874,steer,38.6754227035,-90.2305949876,,,7,8,,2,0.587,,gable_family,0.52,,masonry,0.915,,,Moderate,moderate,0.465
2875,steer,38.6728309723,-90.2308014989,,,7,8,,2,0.604,,gable_family,0.558,,masonry,0.75,,,Moderate,none,0.455
2876,steer,38.6707349112,-90.2283187933,,,7,8,,2,0.515,,gable_family,0.413,,masonry,0.863,,,Negligible to Slight,none,0.525
2877,steer,38.6751961084,-90.2275897742,,,7,8,,2,0.695,,gable_family,0.352,,masonry,0.93,,,Moderate,none,0.53
2878,steer,38.6744273128,-90.229759366,,,7,8,,2,0.575,,gable_family,0.422,,masonry,0.875,,,Moderate,moderate,0.49
2879,steer,38.6751583947,-90.2298449413,,,7,8,,2,0.633,,gable_family,0.466,,masonry,0.925,,,Moderate,moderate,0.45
2880,steer,38.6707078335,-90.2281935192,,,7,8,,2,0.482,,gable_family,0.481,,masonry,0.9,,,Negligible to Slight,moderate,0.485
2881,steer,38.6755129403,-90.2273926345,,,7,8,,2,0.53,,gable_family,0.377,,masonry,0.915,,,Moderate,none,0.455
2882,steer,38.6745214354,-90.2272486217,,,7,8,,2,0.565,,gable_family,0.396,,masonry,0.885,,,Moderate,none,0.575
2883,steer,38.6514145674,-90.282732011,501 Clara Ave åœ£è·¯æ˜“æ–¯ MO 63112 US,,7,8,,2,0.47,,gable_family,0.363,,masonry,0.93,,,Negligible to Slight,none,0.445
2884,steer,38.6752478475,-90.2307574804,,,7,8,,2,0.74,,gable_family,0.59,,masonry,0.96,,,Negligible to Slight,none,0.595
2885,steer,38.6753040673,-90.2275961043,,,7,8,,2,0.775,,gable_family,0.52,,masonry,0.925,,,Negligible to Slight,none,0.585
2886,steer,38.6515932647,-90.2767855518,18 Washington Terr åœ£è·¯æ˜“æ–¯ MO 63112 US,,7,8,,2,0.725,,gable_family,0.465,,masonry,0.964,,,Negligible to Slight,none,0.645
2887,steer,38.6705690157,-90.2289954026,,,7,8,,2,0.608,,gable_family,0.437,,masonry,0.915,,,Negligible to Slight,none,0.45
2888,steer,38.6504292129,-90.2796194207,38 Kingsbury Pl åœ£è·¯æ˜“æ–¯ MO 63112 US,,7,8,,2,0.569,,gable_family,0.525,,masonry,0.94,,,Negligible to Slight,none,0.605
2889,steer,38.6723186098,-90.2303329507,,,7,8,,2,0.708,,gable_family,0.5,,masonry,0.935,,,Negligible to Slight,none,0.58
2890,steer,38.65090209,-90.2765362632,15 Kingsbury Pl åœ£è·¯æ˜“æ–¯ MO 63112 US,,7,8,,2,0.728,,gable_family,0.492,,masonry,0.948,,,Negligible to Slight,none,0.56
2891,steer,38.670833916,-90.2284916413,,,7,8,,2,0.537,,gable_family,0.556,,masonry,0.959,,,Moderate,moderate,0.43
2892,steer,38.6518138144,-90.2789312455,30 Washington Terr åœ£è·¯æ˜“æ–¯ MO 63112 US,,7,8,,2,0.645,,gable_family,0.436,,masonry,0.872,,,Negligible to Slight,none,0.7
2893,steer,38.6725273922,-90.2302197452,,,7,8,,2,0.579,,gable_family,0.511,,masonry,0.93,,,Substantial to Heavy,moderate,0.49
2894,steer,38.6482105539,-90.2775249537,5387 Pershing Ave åœ£è·¯æ˜“æ–¯ MO 63112 US,,7,8,,2,0.6,,gable_family,0.443,,masonry,0.92,,,Negligible to Slight,none,0.495
2895,steer,38.6704740677,-90.2288274233,,,7,8,,2,0.466,,gable_family,0.434,,masonry,0.865,,,Negligible to Slight,none,0.44
2896,steer,38.6744790936,-90.2287321514,,,7,8,,2,0.659,,gable_family,0.509,,masonry,0.939,,,Negligible to Slight,none,0.515
2897,steer,38.6746082026,-90.2264624377,,,7,8,,2,0.542,,gable_family,0.408,,masonry,0.864,,,Moderate,moderate,0.515
2898,steer,38.6727662695,-90.2300400929,,,7,8,,2,0.565,,gable_family,0.398,,masonry,0.895,,,Substantial to Heavy,moderate,0.475
2899,steer,38.6748358753,-90.2310769822,,,7,8,,2,0.554,,gable_family,0.503,,masonry,0.895,,,Negligible to Slight,none,0.535
2900,steer,38.6743400978,-90.2288437219,,,7,8,,2,0.722,,gable_family,0.562,,masonry,0.905,,,Negligible to Slight,moderate,0.435
2901,steer,38.6709460867,-90.2287636086,,,7,8,,2,0.489,,gable_family,0.566,,masonry,0.895,,,Moderate,moderate,0.505
2902,steer,38.6519533148,-90.2803326046,38 Washington Terr åœ£è·¯æ˜“æ–¯ MO 63112 US,,7,8,,2,0.651,,gable_family,0.48,,masonry,0.973,,,Negligible to Slight,moderate,0.445
2903,steer,38.6747098437,-90.2305649103,,,7,8,,2,0.535,,gable_family,0.547,,masonry,0.688,,,Negligible to Slight,none,0.49
2904,steer,38.6710396715,-90.2289839985,,,7,8,,2,0.625,,gable_family,0.418,,masonry,0.895,,,Negligible to Slight,none,0.6
2905,steer,38.672834421,-90.2339092323,,,7,8,,2,0.649,,gable_family,0.591,,masonry,0.885,,,Substantial to Heavy,moderate,0.54
2906,steer,38.6520571615,-90.2817577103,46 Washington Terr åœ£è·¯æ˜“æ–¯ MO 63112 US,,7,8,,2,0.621,,gable_family,0.486,,masonry,0.955,,,Negligible to Slight,none,0.555
2907,steer,38.6747616141,-90.2278983811,,,7,8,,2,0.696,,gable_family,0.462,,masonry,0.974,,,Negligible to Slight,moderate,0.425
2908,steer,38.6726355665,-90.233275087,,,7,8,,2,0.65,,gable_family,0.529,,masonry,0.86,,,Very Heavy,moderate,0.495
2909,steer,38.6747136651,-90.2301483798,,,7,8,,2,0.552,,gable_family,0.379,,masonry,0.9,,,Negligible to Slight,moderate,0.45
2910,steer,38.6742004257,-90.2267938138,,,7,8,,2,0.57,,gable_family,0.428,,masonry,0.925,,,Destruction,moderate,0.57
2911,steer,38.6701420601,-90.2290015298,,,7,8,,2,0.574,,gable_family,0.471,,masonry,0.915,,,Negligible to Slight,none,0.45
2912,steer,38.6510805602,-90.2787415093,29 Kingsbury Pl åœ£è·¯æ˜“æ–¯ MO 63112 US,,7,8,,2,0.666,,gable_family,0.513,,masonry,0.914,,,Negligible to Slight,moderate,0.44
2913,steer,38.6744269816,-90.2266553699,,,7,8,,2,0.658,,gable_family,0.517,,masonry,0.91,,,Negligible to Slight,moderate,0.485
2914,steer,38.6700166366,-90.2287045562,,,7,8,,2,0.552,,gable_family,0.443,,masonry,0.915,,,Negligible to Slight,none,0.585
2915,steer,38.6724960912,-90.2323344157,,,7,8,,2,0.433,,gable_family,0.329,,masonry,0.84,,,Substantial to Heavy,moderate,0.43
2916,steer,38.6746458926,-90.23019655,,,7,8,,2,0.6,,gable_family,0.431,,masonry,0.905,,,Negligible to Slight,none,0.41
2917,steer,38.6739350093,-90.2260168882,,,7,8,,2,0.536,,gable_family,0.446,,masonry,0.875,,,Moderate,moderate,0.4
2918,steer,38.6724506499,-90.2322172957,,,7,8,,2,0.549,,gable_family,0.422,,masonry,0.935,,,Substantial to Heavy,moderate,0.51
2919,steer,38.6697434414,-90.2291212331,,,7,8,,2,0.52,,gable_family,0.474,,masonry,0.955,,,Negligible to Slight,none,0.665
2920,steer,38.6747064755,-90.2271306154,,,7,8,,2,0.62,,gable_family,0.563,,masonry,0.925,,,Substantial to Heavy,moderate,0.49
2921,steer,38.6504256062,-90.2791507692,34 Kingsbury Pl åœ£è·¯æ˜“æ–¯ MO 63112 US,,7,8,,2,0.783,,gable_family,0.584,,masonry,0.961,,,Negligible to Slight,none,0.51
2922,steer,38.6738709186,-90.226065038,,,7,8,,2,0.51,,gable_family,0.484,,masonry,0.845,,,Moderate,moderate,0.485
2923,steer,38.6696964198,-90.2290289428,,,7,8,,2,0.706,,gable_family,0.438,,masonry,0.915,,,Negligible to Slight,none,0.6
2924,steer,38.6726736462,-90.2292218582,,,7,8,,2,0.472,,gable_family,0.399,,masonry,0.64,,,Very Heavy,moderate,0.47
2925,steer,38.6737793447,-90.2255992071,,,7,8,,2,0.527,,gable_family,0.433,,masonry,0.91,,,Moderate,none,0.45
2926,steer,38.6497415584,-90.2860354146,5722 Waterman Blvd St. Louis MO 63112 US,,7,8,,2,0.567,,gable_family,0.393,,masonry,0.915,,,Negligible to Slight,moderate,0.455
2927,steer,38.6742613685,-90.2298977756,,,7,8,,2,0.642,,gable_family,0.495,,masonry,0.85,,,Moderate,none,0.625
2928,steer,38.669439839,-90.2285236307,,,7,8,,2,0.689,,gable_family,0.55,,masonry,0.885,,,Negligible to Slight,none,0.66
2929,steer,38.6516124412,-90.277086817,20 Washington Terr åœ£è·¯æ˜“æ–¯ MO 63112 US,,7,8,,2,0.651,,gable_family,0.455,,masonry,0.951,,,Negligible to Slight,none,0.49
2930,steer,38.6745057379,-90.2296579852,,,7,8,,2,0.549,,gable_family,0.379,,masonry,0.88,,,Moderate,moderate,0.495
2931,steer,38.6720074805,-90.2323276706,,,7,8,,2,0.542,,gable_family,0.486,,masonry,0.915,,,Substantial to Heavy,none,0.49
2932,steer,38.6698281355,-90.2281508146,,,7,8,,2,0.557,,gable_family,0.444,,masonry,0.885,,,Negligible to Slight,none,0.45
2933,steer,38.6523825147,-90.2791281969,29 Washington Terr åœ£è·¯æ˜“æ–¯ MO 63112 US,,7,8,,2,0.585,,gable_family,0.478,,masonry,0.952,,,Negligible to Slight,none,0.46
2934,steer,38.6504560723,-90.2798539961,40 Kingsbury Pl St. Louis MO 63112 US,,7,8,,2,0.525,,gable_family,0.472,,masonry,0.935,,,Moderate,none,0.43
2935,steer,38.6693531131,-90.2282997583,,,7,8,,2,0.708,,gable_family,0.512,,masonry,0.91,,,Negligible to Slight,none,0.56
2936,steer,38.6748174188,-90.2269601838,,,7,8,,2,0.574,,gable_family,0.437,,masonry,0.894,,,Negligible to Slight,none,0.48
2937,steer,38.6721857327,-90.2316766197,,,7,8,,2,0.693,,gable_family,0.423,,masonry,0.9,,,Substantial to Heavy,moderate,0.465
2938,steer,38.6498287668,-90.2870386335,5750 Waterman Blvd St. Louis MO 63112 US,,7,8,,2,0.704,,gable_family,0.535,,masonry,0.925,,,Moderate,moderate,0.455
2939,steer,38.6746286645,-90.2295856539,,,7,8,,2,0.532,,gable_family,0.382,,masonry,0.885,,,Moderate,none,0.435
2940,steer,38.6749003076,-90.226934545,,,7,8,,2,0.667,,gable_family,0.438,,masonry,0.91,,,Substantial to Heavy,none,0.405
2941,steer,38.6692576426,-90.2281069539,,,7,8,,2,0.65,,gable_family,0.483,,masonry,0.9,,,Negligible to Slight,none,0.535
2942,steer,38.6497533621,-90.2864254668,5732 Waterman Blvd St. Louis MO 63112 US,,7,8,,2,0.755,,gable_family,0.526,,masonry,0.929,,,Moderate,moderate,0.51
2943,steer,38.6717220087,-90.2317331963,,,7,8,,2,0.545,,gable_family,0.607,,masonry,0.795,,,Moderate,moderate,0.47
2944,steer,38.6495036522,-90.2874306272,5769 De Giverville Ave St. Louis MO 63112 US,,7,8,,2,0.653,,gable_family,0.512,,masonry,0.895,,,Moderate,none,0.545
2945,steer,38.6748492814,-90.22934839,,,7,8,,2,0.51,,gable_family,0.512,,masonry,0.83,,,Moderate,none,0.42
2946,steer,38.6692177493,-90.2279954745,,,7,8,,2,0.695,,gable_family,0.491,,masonry,0.965,,,Negligible to Slight,none,0.65
2947,steer,38.6746746229,-90.2279817558,,,7,8,,2,0.693,,gable_family,0.51,,masonry,0.953,,,Moderate,none,0.465
2948,steer,38.6506080857,-90.2812900106,54 Kingsbury Pl St. Louis MO 63112 US,,7,8,,2,0.475,,gable_family,0.523,,masonry,0.919,,,Negligible to Slight,none,0.575
2949,steer,38.6720794709,-90.2313172502,,,7,8,,2,0.54,,gable_family,0.452,,masonry,0.875,,,Moderate,none,0.48
2950,steer,38.6696616085,-90.227900443,,,7,8,,2,0.586,,gable_family,0.527,,masonry,0.835,,,Negligible to Slight,none,0.45
2951,steer,38.6750121854,-90.2268753106,,,7,8,,2,0.54,,gable_family,0.419,,masonry,0.86,,,Moderate,moderate,0.445
2952,steer,38.6720156193,-90.2312412441,,,7,8,,2,0.59,,gable_family,0.554,,masonry,0.865,,,Moderate,moderate,0.49
2953,steer,38.6520918093,-90.2756994596,11 Washington Terr åœ£è·¯æ˜“æ–¯ MO 63112 US,,7,8,,2,0.64,,gable_family,0.523,,masonry,0.948,,,Negligible to Slight,none,0.57
2954,steer,38.650650647,-90.2817620589,58 Kingsbury Pl St. Louis MO 63112 US,,7,8,,2,0.6,,gable_family,0.443,,masonry,0.915,,,Negligible to Slight,none,0.495
2955,steer,38.651856438,-90.2795873242,34 Washington Terr åœ£è·¯æ˜“æ–¯ MO 63112 US,,7,8,,2,0.715,,gable_family,0.452,,masonry,0.925,,,Negligible to Slight,none,0.6
2956,steer,38.6692972639,-90.2271475206,,,7,8,,2,0.62,,gable_family,0.55,,masonry,0.935,,,Negligible to Slight,none,0.625
2957,steer,38.6513328802,-90.2814191128,55 Kingsbury Pl åœ£è·¯æ˜“æ–¯ MO 63112 US,,7,8,,2,0.654,,gable_family,0.483,,masonry,0.951,,,Negligible to Slight,none,0.445
2958,steer,38.6519382867,-90.2741259653,1 Washington Terr åœ£è·¯æ˜“æ–¯ MO 63112 US,,7,8,,2,0.616,,gable_family,0.315,,masonry,0.908,,,Negligible to Slight,none,0.495
2959,steer,38.6747517925,-90.2263548915,,,7,8,,2,0.517,,gable_family,0.427,,masonry,0.865,,,Moderate,moderate,0.51
2960,steer,38.6700470662,-90.229860469,,,7,8,,2,0.592,,gable_family,0.457,,masonry,0.92,,,Negligible to Slight,none,0.55
2961,steer,38.675725439,-90.2283004319,,,7,6,,2,0.473,,complex_family,0.325,,masonry,0.865,,,Negligible to Slight,moderate,0.445
2962,steer,38.6532741227,-90.2819320474,5574 Delmar Blvd åœ£è·¯æ˜“æ–¯ MO 63112 US,,7,8,,2,0.565,,gable_family,0.354,,masonry,0.985,,,Negligible to Slight,none,0.69
2963,steer,38.6550963466,-90.2863207934,5742 Enright Ave åœ£è·¯æ˜“æ–¯ MO 63112 US,,7,8,,2,0.707,,gable_family,0.556,,masonry,0.895,,,Negligible to Slight,none,0.57
2964,steer,38.6519188733,-90.2800013503,36 Washington Terr åœ£è·¯æ˜“æ–¯ MO 63112 US,,7,8,,2,0.685,,gable_family,0.512,,masonry,0.982,,,Negligible to Slight,none,0.465
2965,steer,38.6685453586,-90.2286455925,,,7,8,,2,0.535,,gable_family,0.482,,masonry,0.905,,,Negligible to Slight,none,0.53
2966,steer,38.6511683316,-90.2795501562,37 Kingsbury Pl åœ£è·¯æ˜“æ–¯ MO 63112 US,,7,8,,2,0.567,,gable_family,0.51,,masonry,0.973,,,Negligible to Slight,moderate,0.465
2967,steer,38.6512417733,-90.2806316031,49 Kingsbury Pl åœ£è·¯æ˜“æ–¯ MO 63112 US,,7,8,,2,0.671,,gable_family,0.535,,masonry,0.941,,,Negligible to Slight,none,0.6
2968,steer,38.6719840817,-90.2310880405,,,7,8,,2,0.663,,gable_family,0.466,,masonry,0.95,,,Substantial to Heavy,none,0.52
2969,steer,38.6745845036,-90.2259058618,,,6,8,,1,0.48,,gable_family,0.468,,masonry,0.92,,,Negligible to Slight,none,0.575
2970,steer,38.6686807571,-90.2289402526,,,7,8,,2,0.565,,gable_family,0.493,,masonry,0.815,,,Negligible to Slight,none,0.555
2971,steer,38.6500441087,-90.2891050188,5792 Waterman Blvd St. Louis MO 63112 US,,7,8,,2,0.75,,gable_family,0.634,,masonry,0.995,,,Negligible to Slight,none,0.605
2972,steer,38.6544506037,-90.2771133767,16 Beverly Pl åœ£è·¯æ˜“æ–¯ MO 63112 US,,7,8,,2,0.815,,gable_family,0.713,,masonry,0.955,,,Negligible to Slight,none,0.525
2973,steer,38.6744456155,-90.2255651466,,,7,6,,2,0.636,,complex_family,0.338,,masonry,0.95,,,Moderate,none,0.465
2974,steer,38.669094465,-90.2286677172,,,7,8,,2,0.655,,gable_family,0.472,,masonry,0.845,,,Moderate,moderate,0.445
2975,steer,38.6488299221,-90.2840974724,5631 Pershing Ave St. Louis MO 63112 US,,7,6,,2,0.415,,complex_family,0.325,,masonry,0.954,,,Negligible to Slight,moderate,0.435
2976,steer,38.6512445973,-90.2799460683,41 Kingsbury Pl åœ£è·¯æ˜“æ–¯ MO 63112 US,,7,8,,2,0.725,,gable_family,0.575,,masonry,0.967,,,Negligible to Slight,none,0.6
2977,steer,38.6526624585,-90.2648168602,5036 Enright Ave St. Louis MO 63108 US,,7,8,,2,0.528,,gable_family,0.508,,masonry,0.77,,,Very Heavy,none,0.47
2978,steer,38.6489937563,-90.28616018,5725 De Giverville Ave St. Louis MO 63112 US,,7,8,,2,0.59,,gable_family,0.399,,masonry,0.985,,,Moderate,moderate,0.445
2979,steer,38.6487717778,-90.2836900298,5621 Pershing Ave St. Louis MO 63112 US,,7,8,,2,0.543,,gable_family,0.364,,masonry,0.945,,,Negligible to Slight,none,0.495
2980,steer,38.6689217399,-90.2295170375,,,7,8,,2,0.79,,gable_family,0.522,,masonry,0.95,,,Moderate,moderate,0.435
2981,steer,38.6718140967,-90.2308389064,,,7,8,,2,0.53,,gable_family,0.428,,masonry,0.9,,,Moderate,none,0.545
2982,steer,38.6498024925,-90.2867727359,5744 Waterman Blvd St. Louis MO 63112 US,,7,8,,2,0.801,,gable_family,0.624,,masonry,0.93,,,Negligible to Slight,none,0.47
2983,steer,38.6529590981,-90.2786562053,5460 Delmar Blvd åœ£è·¯æ˜“æ–¯ MO 63112 US,,7,6,,2,0.474,,complex_family,0.32,,masonry,0.91,,,Negligible to Slight,none,0.44
2984,steer,38.6526581949,-90.2813183937,43 Washington Terr åœ£è·¯æ˜“æ–¯ MO 63112 US,,7,8,,2,0.733,,gable_family,0.449,,masonry,0.871,,,Negligible to Slight,none,0.62
2985,steer,38.6693540034,-90.2292938704,,,7,8,,2,0.775,,gable_family,0.493,,masonry,0.965,,,Moderate,moderate,0.42
2986,steer,38.6526777246,-90.2647101108,5032 Enright Ave St. Louis MO 63108 US,,7,8,,2,0.545,,gable_family,0.507,,masonry,0.895,,,Moderate,moderate,0.5
2987,steer,38.6507901646,-90.2761847329,13 Kingsbury Pl åœ£è·¯æ˜“æ–¯ MO 63112 US,,7,8,,2,0.722,,gable_family,0.491,,masonry,0.934,,,Negligible to Slight,none,0.61
2988,steer,38.6525254035,-90.2801714356,37 Washington Terr åœ£è·¯æ˜“æ–¯ MO 63112 US,,7,8,,2,0.696,,gable_family,0.45,,masonry,0.926,,,Negligible to Slight,none,0.7
2989,steer,38.6750548549,-90.2276666572,,,7,8,,2,0.595,,gable_family,0.535,,masonry,0.9,,,Moderate,moderate,0.475
2990,steer,38.669152219,-90.2299944472,,,7,8,,2,0.51,,gable_family,0.398,,masonry,0.858,,,Negligible to Slight,none,0.61
2991,steer,38.650743703,-90.2750429518,7 Kingsbury Pl åœ£è·¯æ˜“æ–¯ MO 63112 US,,7,8,,2,0.695,,gable_family,0.526,,masonry,0.957,,,Negligible to Slight,none,0.54
2992,steer,38.6737049321,-90.2256539924,,,7,8,,2,0.497,,gable_family,0.433,,masonry,0.88,,,Moderate,none,0.585
2993,steer,38.6717503996,-90.2306318497,,,7,6,,2,0.507,,complex_family,0.308,,masonry,0.915,,,Moderate,none,0.485
2994,steer,38.669632162,-90.2298686211,,,7,8,,2,0.629,,gable_family,0.454,,masonry,0.92,,,Negligible to Slight,none,0.475
2995,steer,38.6513528951,-90.2811811566,53 Kingsbury Pl åœ£è·¯æ˜“æ–¯ MO 63112 US,,7,8,,2,0.721,,gable_family,0.583,,masonry,0.931,,,Negligible to Slight,moderate,0.48
2996,steer,38.6717975298,-90.2307374352,,,7,8,,2,0.583,,gable_family,0.333,,masonry,0.905,,,Moderate,moderate,0.49
2997,steer,38.6692389661,-90.2302354787,,,7,8,,2,0.615,,gable_family,0.512,,masonry,0.805,,,Negligible to Slight,none,0.56
2998,steer,38.6738206405,-90.2261906854,,,7,8,,2,0.592,,gable_family,0.535,,masonry,0.86,,,Moderate,moderate,0.5
2999,steer,38.650724289,-90.2747542407,5 Kingsbury Pl åœ£è·¯æ˜“æ–¯ MO 63112 US,,7,8,,2,0.722,,gable_family,0.444,,masonry,0.95,,,Negligible to Slight,moderate,0.475
3000,steer,38.6739754906,-90.2275709218,,,7,8,,2,0.587,,gable_family,0.394,,masonry,0.89,,,Negligible to Slight,moderate,0.475
3001,steer,38.6526530162,-90.2643918207,5024 Enright Ave St. Louis MO 63108 US,,7,8,,2,0.622,,gable_family,0.369,,masonry,0.965,,,Negligible to Slight,none,0.505
3002,steer,38.6736604119,-90.2277944673,,,7,8,,2,0.611,,gable_family,0.433,,masonry,0.855,,,Substantial to Heavy,none,0.545
3003,steer,38.6693500677,-90.2304950286,,,7,8,,2,0.502,,gable_family,0.477,,masonry,0.83,,,Moderate,none,0.465
3004,steer,38.6506407655,-90.274449021,3 Kingsbury Pl åœ£è·¯æ˜“æ–¯ MO 63112 US,,7,8,,2,0.636,,gable_family,0.4,,masonry,0.91,,,Negligible to Slight,none,0.455
3005,steer,38.6509417553,-90.2775964691,21 Kingsbury Pl åœ£è·¯æ˜“æ–¯ MO 63112 US,,7,8,,2,0.705,,gable_family,0.444,,masonry,0.893,,,Negligible to Slight,none,0.615
3006,steer,38.6542914329,-90.2840038568,5647 Delmar Blvd åœ£è·¯æ˜“æ–¯ MO 63112 US,,14,8,,2,0.499,,flat,0.325,,masonry,0.96,,,Negligible to Slight,none,0.585
3007,steer,38.6734585754,-90.2272971897,,,7,8,,2,0.646,,gable_family,0.443,,masonry,0.88,,,Moderate,moderate,0.48
3008,steer,38.6490819106,-90.2866209259,5735 De Giverville Ave St. Louis MO 63112 US,,7,8,,2,0.762,,gable_family,0.526,,masonry,0.99,,,Negligible to Slight,none,0.65
3009,steer,38.6497156558,-90.2859177307,5718 Waterman Blvd St. Louis MO 63112 US,,7,8,,2,0.49,,gable_family,0.386,,masonry,0.91,,,Negligible to Slight,none,0.55
3010,steer,38.6676930845,-90.2282014439,,,7,8,,2,0.6,,gable_family,0.476,,masonry,0.914,,,Negligible to Slight,none,0.705
3011,steer,38.6489945722,-90.279268164,5522 Waterman Blvd St. Louis MO 63112 US,,7,8,,2,0.609,,gable_family,0.408,,masonry,0.975,,,Negligible to Slight,none,0.63
3012,steer,38.6526556034,-90.2642479068,5020 Enright Ave St. Louis MO 63108 US,,7,8,,2,0.544,,gable_family,0.304,,masonry,0.945,,,Negligible to Slight,none,0.63
3013,steer,38.667578252,-90.2286817211,,,7,8,,2,0.505,,gable_family,0.522,,masonry,0.865,,,Negligible to Slight,none,0.66
3014,steer,38.6513463063,-90.2743052616,4 Washington Terr åœ£è·¯æ˜“æ–¯ MO 63112 US,,7,8,,2,0.653,,gable_family,0.456,,masonry,0.948,,,Negligible to Slight,none,0.575
3015,steer,38.6743389464,-90.228197611,,,7,8,,2,0.62,,gable_family,0.505,,masonry,0.965,,,Moderate,none,0.56
3016,steer,38.6680441447,-90.2284890775,,,7,8,,2,0.89,,gable_family,0.639,,masonry,0.975,,,Negligible to Slight,none,0.58
3017,steer,38.6716203889,-90.2302971403,,,7,8,,2,0.554,,gable_family,0.548,,masonry,0.93,,,Very Heavy,none,0.425
3018,steer,38.6734527269,-90.226398486,,,7,8,,2,0.52,,gable_family,0.418,,masonry,0.865,,,Very Heavy,none,0.64
3019,steer,38.6513588836,-90.2746659812,6 Washington Terr åœ£è·¯æ˜“æ–¯ MO 63112 US,,7,8,,2,0.773,,gable_family,0.453,,masonry,0.944,,,Negligible to Slight,none,0.48
3020,steer,38.6523157051,-90.2752743815,9 Washington Terr åœ£è·¯æ˜“æ–¯ MO 63112 US,,7,8,,2,0.44,,gable_family,0.349,,masonry,0.925,,,Negligible to Slight,none,0.5
3021,steer,38.6514358523,-90.2753806428,10 Washington Terr åœ£è·¯æ˜“æ–¯ MO 63112 US,,7,8,,2,0.691,,gable_family,0.571,,masonry,0.912,,,Negligible to Slight,none,0.59
3022,steer,38.6680844076,-90.2286408842,4118 San Francisco Ave St. Louis MO 63115 US,,7,8,,2,0.7,,gable_family,0.528,,masonry,0.935,,,Negligible to Slight,none,0.5
3023,steer,38.6496970633,-90.2858056042,5714 Waterman Blvd St. Louis MO 63112 US,,7,8,,2,0.522,,gable_family,0.394,,masonry,0.92,,,Negligible to Slight,none,0.525
3024,steer,38.6681845428,-90.2288321167,,,7,8,,2,0.6,,gable_family,0.478,,masonry,0.92,,,Negligible to Slight,none,0.63
3025,steer,38.6733656587,-90.2258885344,,,7,8,,2,0.61,,gable_family,0.549,,masonry,0.825,,,Moderate,none,0.54
3026,steer,38.6520604148,-90.2650276219,5039 Delmar Blvd St. Louis MO 63108 US,,7,8,,2,0.51,,gable_family,0.498,,masonry,0.793,,,Substantial to Heavy,moderate,0.465
3027,steer,38.6746156272,-90.2271588342,,,7,8,,2,0.613,,gable_family,0.488,,masonry,0.87,,,Moderate,none,0.415
3028,steer,38.6687622577,-90.2302076963,,,7,8,,2,0.58,,gable_family,0.521,,masonry,0.93,,,Negligible to Slight,none,0.64
3029,steer,38.6521805156,-90.2741484649,1 Washington Terr åœ£è·¯æ˜“æ–¯ MO 63112 US,,7,8,,2,0.639,,gable_family,0.354,,masonry,0.865,,,Negligible to Slight,none,0.575
3030,steer,38.6517803865,-90.278465141,30E Washington Terr åœ£è·¯æ˜“æ–¯ MO 63112 US,,7,8,,2,0.667,,gable_family,0.454,,masonry,0.924,,,Negligible to Slight,none,0.63
3031,steer,38.6729793303,-90.2252800858,,,7,8,,2,0.66,,gable_family,0.55,,masonry,0.865,,,Negligible to Slight,none,0.51
3032,steer,38.6710830496,-90.2302803072,,,7,8,,2,0.51,,gable_family,0.523,,masonry,0.87,,,Moderate,moderate,0.475
3033,steer,38.6739188534,-90.2285290838,,,7,8,,2,0.573,,gable_family,0.423,,masonry,0.92,,,Moderate,none,0.555
3034,steer,38.651088179,-90.279101884,33 Kingsbury Pl åœ£è·¯æ˜“æ–¯ MO 63112 US,,7,8,,2,0.69,,gable_family,0.534,,masonry,0.939,,,Negligible to Slight,none,0.68
3035,steer,38.6502142518,-90.2823992743,418 Clara Ave St. Louis MO 63112 US,,7,8,,2,0.509,,gable_family,0.447,,masonry,0.94,,,Negligible to Slight,none,0.475
3036,steer,38.668907854,-90.2305942253,,,7,8,,2,0.521,,gable_family,0.586,,masonry,0.91,,,Moderate,moderate,0.475
3037,steer,38.6737495111,-90.2286676371,,,7,8,,2,0.498,,gable_family,0.409,,masonry,0.86,,,Substantial to Heavy,moderate,0.415
3038,steer,38.6710682732,-90.2301718657,,,7,8,,2,0.555,,gable_family,0.483,,masonry,0.91,,,Negligible to Slight,moderate,0.445
3039,steer,38.6677390183,-90.230122744,,,7,8,,2,0.66,,gable_family,0.447,,masonry,0.945,,,Negligible to Slight,none,0.455
3040,steer,38.64934821,-90.2871687586,5757 De Giverville Ave St. Louis MO 63112 US,,7,8,,2,0.73,,gable_family,0.614,,masonry,0.96,,,Moderate,none,0.68
3041,steer,38.6680392017,-90.2308496836,,,7,8,,2,0.563,,gable_family,0.487,,masonry,0.915,,,Negligible to Slight,none,0.64
3042,steer,38.6730195024,-90.2253640955,,,7,8,,2,0.645,,gable_family,0.543,,masonry,0.845,,,Moderate,none,0.47
3043,steer,38.653275895,-90.2814221556,5560 Delmar Blvd åœ£è·¯æ˜“æ–¯ MO 63112 US,,7,8,,2,0.55,,gable_family,0.368,,masonry,0.935,,,Negligible to Slight,none,0.595
3044,steer,38.6558782869,-90.2800550981,5536 Clemens Ave åœ£è·¯æ˜“æ–¯ MO 63112 US,,7,8,,2,0.81,,gable_family,0.604,,masonry,0.945,,,Negligible to Slight,none,0.625
3045,steer,38.675171743,-90.2267701032,,,7,8,,2,0.661,,gable_family,0.468,,masonry,0.865,,,Moderate,moderate,0.565
3046,steer,38.6517208523,-90.2782258467,28 Washington Terr åœ£è·¯æ˜“æ–¯ MO 63112 US,,7,8,,2,0.54,,gable_family,0.427,,masonry,0.938,,,Moderate,moderate,0.485
3047,steer,38.6742445929,-90.2273581795,,,7,6,,2,0.568,,complex_family,0.352,,masonry,0.9,,,Moderate,moderate,0.54
3048,steer,38.6560441884,-90.2837916639,5650 Clemens Ave åœ£è·¯æ˜“æ–¯ MO 63112 US,,7,8,,2,0.709,,gable_family,0.496,,masonry,0.96,,,Negligible to Slight,none,0.68
3049,steer,38.6745500057,-90.2265244694,,,7,8,,2,0.547,,gable_family,0.455,,masonry,0.9,,,Moderate,moderate,0.44
3050,steer,38.6676407344,-90.2307966162,,,7,8,,2,0.51,,gable_family,0.484,,masonry,0.755,,,Negligible to Slight,none,0.615
3051,steer,38.6738192489,-90.2276573483,,,7,8,,2,0.67,,gable_family,0.467,,masonry,0.935,,,Negligible to Slight,none,0.52
3052,steer,38.6500380887,-90.283661441,5653 Waterman Blvd St. Louis MO 63112 US,,7,8,,2,0.645,,gable_family,0.532,,masonry,0.96,,,Negligible to Slight,none,0.44
3053,steer,38.6681121769,-90.2310167296,,,7,8,,2,0.515,,gable_family,0.521,,masonry,0.92,,,Moderate,moderate,0.425
3054,steer,38.6742907888,-90.2390405192,,,7,8,,2,0.562,,gable_family,0.418,,masonry,0.865,,,Very Heavy,moderate,0.495
3055,steer,38.6749006635,-90.2263125315,,,7,8,,2,0.547,,gable_family,0.443,,masonry,0.865,,,Moderate,moderate,0.51
3056,steer,38.6726048215,-90.2280556838,,,7,8,,2,0.56,,gable_family,0.399,,masonry,0.928,,,Moderate,moderate,0.475
3057,steer,38.6678303974,-90.2312736094,,,6,8,,1,0.48,,gable_family,0.443,,masonry,0.81,,,Negligible to Slight,none,0.49
3058,steer,38.6737421011,-90.2277080408,,,7,8,,2,0.744,,gable_family,0.626,,masonry,0.89,,,Negligible to Slight,none,0.59
3059,steer,38.6519227943,-90.2807019604,40 Washington Terr åœ£è·¯æ˜“æ–¯ MO 63112 US,,7,8,,2,0.692,,gable_family,0.512,,masonry,0.9,,,Negligible to Slight,none,0.49
3060,steer,38.659940514,-90.2708105546,5237 Maple Ave St. Louis MO 63113 US,,7,8,,2,0.725,,gable_family,0.535,,masonry,0.958,,,Negligible to Slight,none,0.49
3061,steer,38.6728830495,-90.2276517966,,,7,8,,2,0.61,,gable_family,0.402,,masonry,0.91,,,Moderate,moderate,0.425
3062,steer,38.6740433845,-90.2268904124,,,7,8,,2,0.488,,gable_family,0.304,,masonry,0.85,,,Moderate,moderate,0.49
3063,steer,38.6489699597,-90.2860598604,5721 De Giverville Ave St. Louis MO 63112 US,,7,8,,2,0.455,,gable_family,0.437,,masonry,0.91,,,Negligible to Slight,none,0.575
3064,steer,38.6670454828,-90.2286831969,,,7,8,,2,0.677,,gable_family,0.572,,masonry,0.96,,,Moderate,none,0.575
3065,steer,38.6598920262,-90.2704098141,5225 Maple Ave St. Louis MO 63113 US,,7,8,,2,0.811,,gable_family,0.581,,masonry,0.965,,,Negligible to Slight,none,0.52
3066,steer,38.6485945385,-90.2749638611,20 Waterman Pl åœ£è·¯æ˜“æ–¯ MO 63112 US,,7,8,,2,0.505,,gable_family,0.408,,masonry,0.875,,,Moderate,none,0.505
3067,steer,38.6739811997,-90.2269433152,,,7,8,,2,0.511,,gable_family,0.342,,masonry,0.84,,,Moderate,moderate,0.505
3068,steer,38.6729421555,-90.2278117553,,,7,8,,2,0.653,,gable_family,0.578,,masonry,0.96,,,Moderate,moderate,0.46
3069,steer,38.6598760903,-90.2700483448,5215 Maple Ave St. Louis MO 63113 US,,7,8,,2,0.615,,gable_family,0.434,,masonry,0.965,,,Negligible to Slight,none,0.42
3070,steer,38.6492713398,-90.2878672036,5762 De Giverville Ave St. Louis MO 63112 US,,7,8,,2,0.71,,gable_family,0.515,,masonry,0.955,,,Negligible to Slight,moderate,0.48
3071,steer,38.6748570907,-90.2285221771,,,7,8,,2,0.689,,gable_family,0.409,,masonry,0.99,,,Moderate,none,0.5
3072,steer,38.6512810358,-90.2804057465,45 Kingsbury Pl åœ£è·¯æ˜“æ–¯ MO 63112 US,,7,8,,2,0.769,,gable_family,0.554,,masonry,0.961,,,Negligible to Slight,none,0.715
3073,steer,38.6733381797,-90.2286111455,,,7,8,,2,0.482,,gable_family,0.417,,masonry,0.85,,,Substantial to Heavy,moderate,0.58
3074,steer,38.6600658561,-90.2666006712,5120 Page Blvd St. Louis MO 63113 US,,7,8,,2,0.478,,gable_family,0.427,,masonry,0.755,,,Negligible to Slight,none,0.42
3075,steer,38.674089009,-90.2259292451,,,7,8,,2,0.39,,gable_family,0.324,,masonry,0.824,,,Moderate,none,0.46
3076,steer,38.649181292,-90.2750964368,27 Waterman Pl åœ£è·¯æ˜“æ–¯ MO 63112 US,,7,8,,2,0.717,,gable_family,0.461,,masonry,0.938,,,Negligible to Slight,none,0.595
3077,steer,38.6495536065,-90.27896054,5521 Waterman Blvd St. Louis MO 63112 US,,7,8,,2,0.635,,gable_family,0.438,,masonry,0.955,,,Negligible to Slight,moderate,0.43
3078,steer,38.6600599411,-90.2662772054,5110 Page Blvd St. Louis MO 63113 US,,7,8,,2,0.505,,gable_family,0.433,,masonry,0.845,,,Negligible to Slight,none,0.455
3079,steer,38.6734205312,-90.2288878036,,,7,8,,2,0.52,,gable_family,0.374,,masonry,0.88,,,Substantial to Heavy,moderate,0.515
3080,steer,38.6488124363,-90.2870905152,5744 De Giverville Ave St. Louis MO 63112 US,,7,8,,2,0.705,,gable_family,0.502,,masonry,0.96,,,Negligible to Slight,none,0.535
3081,steer,38.6526298304,-90.2805580781,39 Washington Terr åœ£è·¯æ˜“æ–¯ MO 63112 US,,7,8,,2,0.722,,gable_family,0.483,,masonry,0.891,,,Negligible to Slight,none,0.44
3082,steer,38.6529169922,-90.2781327493,5450 Delmar Blvd åœ£è·¯æ˜“æ–¯ MO 63112 US,,7,6,,2,0.445,,complex_family,0.375,,masonry,0.925,,,Very Heavy,moderate,0.44
3083,steer,38.6494169738,-90.277322524,85 Waterman Pl åœ£è·¯æ˜“æ–¯ MO 63112 US,,7,8,,2,0.74,,gable_family,0.59,,masonry,0.905,,,Negligible to Slight,none,0.57
3084,steer,38.6602616326,-90.2680394148,5162 Page Blvd St. Louis MO 63113 US,,7,8,,2,0.6,,gable_family,0.517,,masonry,0.92,,,Negligible to Slight,moderate,0.455
3085,steer,38.6510008229,-90.2782674335,25 Kingsbury Pl åœ£è·¯æ˜“æ–¯ MO 63112 US,,7,8,,2,0.714,,gable_family,0.429,,masonry,0.95,,,Moderate,none,0.645
3086,steer,38.6509657458,-90.277998205,23 Kingsbury Pl åœ£è·¯æ˜“æ–¯ MO 63112 US,,7,8,,2,0.686,,gable_family,0.452,,masonry,0.897,,,Negligible to Slight,none,0.535
3087,steer,38.6490018898,-90.2791646068,5522 Waterman Blvd St. Louis MO 63112 US,,7,8,,2,0.554,,gable_family,0.407,,masonry,0.975,,,Negligible to Slight,none,0.54
3088,steer,38.6496383185,-90.2883747642,5774 De Giverville Ave St. Louis MO 63112 US,,7,8,,2,0.755,,gable_family,0.551,,masonry,0.925,,,Moderate,none,0.55
3089,steer,38.6523824438,-90.2788126842,29 Washington Terr åœ£è·¯æ˜“æ–¯ MO 63112 US,,7,8,,2,0.506,,gable_family,0.391,,masonry,0.951,,,Negligible to Slight,moderate,0.47
3090,steer,38.6740027426,-90.2301639357,,,7,8,,2,0.502,,gable_family,0.397,,masonry,0.87,,,Moderate,none,0.475
3091,steer,38.6602698479,-90.2681342106,5164 Page Blvd St. Louis MO 63113 US,,7,8,,2,0.67,,gable_family,0.504,,masonry,0.96,,,Negligible to Slight,moderate,0.45
3092,steer,38.6496921545,-90.2884626835,5778 De Giverville Ave St. Louis MO 63112 US,,7,8,,2,0.693,,gable_family,0.55,,masonry,0.928,,,Moderate,none,0.565
3093,steer,38.6532249816,-90.2807087491,5540 Delmar Blvd åœ£è·¯æ˜“æ–¯ MO 63112 US,,7,6,,2,0.456,,complex_family,0.363,,masonry,0.926,,,Moderate,moderate,0.4
3094,steer,38.6745608031,-90.2286926513,,,7,8,,2,0.696,,gable_family,0.61,,masonry,0.955,,,Negligible to Slight,none,0.66
3095,steer,38.674030332,-90.2302715793,,,7,8,,2,0.525,,gable_family,0.482,,masonry,0.925,,,Very Heavy,none,0.585
3096,steer,38.6486539621,-90.2754961798,34 Waterman Pl åœ£è·¯æ˜“æ–¯ MO 63112 US,,7,8,,2,0.444,,gable_family,0.413,,masonry,0.965,,,Negligible to Slight,none,0.605
3097,steer,38.6602625148,-90.2682493993,5168 Page Blvd St. Louis MO 63113 US,,7,8,,2,0.655,,gable_family,0.546,,masonry,0.98,,,Negligible to Slight,none,0.64
3098,steer,38.6736274414,-90.2257189231,,,7,8,,2,0.574,,gable_family,0.58,,masonry,0.87,,,Moderate,none,0.515
3099,steer,38.6730706171,-90.2260636401,,,7,8,,2,0.52,,gable_family,0.452,,masonry,0.895,,,Moderate,moderate,0.47
3100,steer,38.6480901153,-90.2759096923,5345 Pershing Ave åœ£è·¯æ˜“æ–¯ MO 63112 US,,7,8,,2,0.468,,gable_family,0.519,,masonry,0.865,,,Negligible to Slight,none,0.455
3101,steer,38.6737293961,-90.2306289208,,,7,8,,2,0.455,,gable_family,0.493,,masonry,0.78,,,Substantial to Heavy,none,0.42
3102,steer,38.6597254141,-90.2685094006,5173 Maple Ave St. Louis MO 63113 US,,7,8,,2,0.674,,gable_family,0.581,,masonry,0.945,,,Negligible to Slight,none,0.51
3103,steer,38.6531880101,-90.2804053411,5530 Delmar Blvd åœ£è·¯æ˜“æ–¯ MO 63112 US,,8,6,,3,0.431,,complex_family,0.406,,masonry,0.965,,,Moderate,moderate,0.475
3104,steer,38.649787252,-90.2865497431,5736 Waterman Blvd St. Louis MO 63112 US,,7,8,,2,0.84,,gable_family,0.613,,masonry,0.955,,,Moderate,none,0.385
3105,steer,38.6747979604,-90.2320165799,,,7,8,,2,0.463,,gable_family,0.507,,masonry,0.785,,,Moderate,none,0.49
3106,steer,38.6491021326,-90.2804079658,5560 Waterman Blvd St. Louis MO 63112 US,,7,8,,2,0.547,,gable_family,0.386,,masonry,0.945,,,Moderate,moderate,0.47
3107,steer,38.6482183432,-90.2769200193,5375 Pershing Ave åœ£è·¯æ˜“æ–¯ MO 63112 US,,6,8,,1,0.45,,gable_family,0.438,,masonry,0.93,,,Negligible to Slight,moderate,0.475
3108,steer,38.6595601333,-90.2670900622,5131 Maple Ave St. Louis MO 63113 US,,7,8,,2,0.745,,gable_family,0.593,,masonry,0.895,,,Negligible to Slight,none,0.505
3109,steer,38.6522335676,-90.2770518324,19 Washington Terr åœ£è·¯æ˜“æ–¯ MO 63112 US,,7,8,,2,0.715,,gable_family,0.459,,masonry,0.96,,,Negligible to Slight,none,0.515
3110,steer,38.6747602582,-90.2319341059,,,7,8,,2,0.525,,gable_family,0.502,,masonry,0.845,,,Moderate,moderate,0.405
3111,steer,38.674410925,-90.2281440449,,,7,8,,2,0.6,,gable_family,0.527,,masonry,0.865,,,Negligible to Slight,none,0.565
3112,steer,38.6592399248,-90.2676113912,5146 Maple Ave St. Louis MO 63113 US,,7,8,,2,0.579,,gable_family,0.458,,masonry,0.875,,,Negligible to Slight,none,0.535
3113,steer,38.6491498838,-90.2806382016,5568 Waterman Blvd St. Louis MO 63112 US,,7,8,,2,0.69,,gable_family,0.538,,masonry,0.995,,,Moderate,none,0.425
3114,steer,38.6480599527,-90.2762982415,5355 Pershing Ave åœ£è·¯æ˜“æ–¯ MO 63112 US,,7,8,,2,0.555,,gable_family,0.407,,masonry,0.965,,,Negligible to Slight,none,0.615
3115,steer,38.6498499865,-90.2872548814,5756 Waterman Blvd St. Louis MO 63112 US,,7,8,,2,0.607,,gable_family,0.436,,masonry,0.84,,,Negligible to Slight,none,0.52
3116,steer,38.6722026531,-90.226077292,,,6,8,,1,0.475,,gable_family,0.464,,masonry,0.745,,,Negligible to Slight,none,0.455
3117,steer,38.6748286499,-90.2321823288,,,7,8,,2,0.49,,gable_family,0.531,,masonry,0.83,,,Moderate,none,0.595
3118,steer,38.6482482692,-90.2777873678,5391 Pershing Ave åœ£è·¯æ˜“æ–¯ MO 63112 US,,7,8,,2,0.5,,gable_family,0.517,,masonry,0.924,,,Negligible to Slight,none,0.545
3119,steer,38.6594682991,-90.269896293,5208 Maple Ave St. Louis MO 63113 US,,7,8,,2,0.84,,gable_family,0.546,,masonry,0.95,,,Negligible to Slight,none,0.485
3120,steer,38.6723502583,-90.2274179646,,,7,8,,2,0.597,,gable_family,0.49,,masonry,0.875,,,Moderate,moderate,0.435
3121,steer,38.6518264419,-90.2841774077,500 Debaliviere Ave åœ£è·¯æ˜“æ–¯ MO 63112 US,,7,8,,2,0.551,,gable_family,0.349,,masonry,0.96,,,Negligible to Slight,none,0.5
3122,steer,38.6741348839,-90.2283705072,,,7,8,,2,0.532,,gable_family,0.444,,masonry,0.93,,,Destruction,moderate,0.455
3123,steer,38.6740595211,-90.2330924757,,,7,8,,2,0.593,,gable_family,0.423,,masonry,0.92,,,Negligible to Slight,none,0.56
3124,steer,38.6724432568,-90.2277399503,,,7,8,,2,0.555,,gable_family,0.492,,masonry,0.885,,,Moderate,moderate,0.435
3125,steer,38.6494216565,-90.2834792125,5646 Waterman Blvd St. Louis MO 63112 US,,7,8,,2,0.69,,gable_family,0.488,,masonry,0.975,,,Moderate,moderate,0.495
3126,steer,38.6734083549,-90.2329171591,,,7,8,,2,0.45,,gable_family,0.393,,masonry,0.71,,,Negligible to Slight,moderate,0.46
3127,steer,38.6520648981,-90.2828449969,527 Clara Ave åœ£è·¯æ˜“æ–¯ MO 63112 US,,7,8,,2,0.549,,gable_family,0.485,,masonry,0.903,,,Negligible to Slight,none,0.495
3128,steer,38.6594413542,-90.2696561185,5202 Maple Ave St. Louis MO 63113 US,,7,8,,2,0.653,,gable_family,0.419,,masonry,0.84,,,Negligible to Slight,none,0.505
3129,steer,38.6533171495,-90.2815973671,5564 Delmar Blvd åœ£è·¯æ˜“æ–¯ MO 63112 US,,7,8,,2,0.519,,gable_family,0.355,,masonry,0.88,,,Negligible to Slight,none,0.5
3130,steer,38.6745348324,-90.2313879913,,,7,8,,2,0.593,,gable_family,0.499,,masonry,0.925,,,Moderate,none,0.605
3131,steer,38.6537407687,-90.2839386533,5654 Delmar Blvd åœ£è·¯æ˜“æ–¯ MO 63112 US,,14,8,,2,0.512,,flat,0.397,,masonry,0.95,,,Negligible to Slight,moderate,0.505
3132,steer,38.6728570796,-90.2275674733,,,7,8,,2,0.7,,gable_family,0.586,,masonry,0.9,,,Substantial to Heavy,moderate,0.415
3133,steer,38.6488248039,-90.2834016004,5615 Pershing Ave St. Louis MO 63112 US,,8,6,,3,0.405,,complex_family,0.406,,masonry,0.884,,,Negligible to Slight,none,0.55
3134,steer,38.6720841178,-90.234427543,,,7,8,,2,0.675,,gable_family,0.59,,masonry,0.93,,,Substantial to Heavy,moderate,0.435
3135,steer,38.6761925753,-90.2307459986,,,7,8,,2,0.588,,gable_family,0.492,,masonry,0.935,,,Moderate,none,0.495
3136,steer,38.674572724,-90.2314748412,,,7,8,,2,0.583,,gable_family,0.489,,masonry,0.91,,,Moderate,moderate,0.43
3137,steer,38.6500917553,-90.284190298,5671 Waterman Blvd St. Louis MO 63112 US,,7,8,,2,0.604,,gable_family,0.453,,masonry,0.985,,,Negligible to Slight,none,0.565
3138,steer,38.6725990524,-90.2341337527,,,7,8,,2,0.68,,gable_family,0.57,,masonry,0.88,,,Very Heavy,moderate,0.385
3139,steer,38.6527025347,-90.2772729145,5424 Delmar Ct åœ£è·¯æ˜“æ–¯ MO 63112 US,,7,8,,2,0.76,,gable_family,0.541,,masonry,0.975,,,Negligible to Slight,none,0.615
3140,steer,38.6498384475,-90.2817470931,5601 Waterman Blvd St. Louis MO 63112 US,,7,8,,2,0.66,,gable_family,0.443,,masonry,0.935,,,,none,0.41
3141,steer,38.6757928831,-90.230366326,,,7,8,,2,0.7,,gable_family,0.531,,masonry,0.97,,,Negligible to Slight,none,0.635
3142,steer,38.6729235825,-90.2324404063,,,7,8,,2,0.46,,gable_family,0.337,,masonry,0.83,,,Destruction,moderate,0.48
3143,steer,38.6721970382,-90.2331085667,,,7,8,,2,0.781,,gable_family,0.558,,masonry,0.88,,,Moderate,moderate,0.455
3144,steer,38.6738931526,-90.2276099799,,,7,8,,2,0.74,,gable_family,0.502,,masonry,0.835,,,Negligible to Slight,moderate,0.58
3145,steer,38.6731417734,-90.2281848221,,,7,8,,2,0.497,,gable_family,0.412,,masonry,0.915,,,Very Heavy,moderate,0.43
3146,steer,38.6758906873,-90.2302715651,,,7,8,,2,0.52,,gable_family,0.389,,masonry,0.96,,,Negligible to Slight,none,0.54
3147,steer,38.6725843453,-90.2315205986,,,7,8,,2,0.513,,gable_family,0.504,,masonry,0.705,,,Moderate,none,0.58
3148,steer,38.6525341206,-90.2751353491,5340 Delmar Blvd åœ£è·¯æ˜“æ–¯ MO 63112 US,,7,8,,2,0.657,,gable_family,0.466,,masonry,0.98,,,Negligible to Slight,none,0.48
3149,steer,38.6596137285,-90.2712304345,5246 Maple Ave St. Louis MO 63113 US,,7,8,,2,0.735,,gable_family,0.574,,masonry,0.915,,,Negligible to Slight,none,0.45
3150,steer,38.6755108194,-90.2305578494,,,7,8,,2,0.61,,gable_family,0.481,,masonry,0.9,,,Negligible to Slight,none,0.475
3151,steer,38.6725095164,-90.2313326914,,,7,8,,2,0.495,,gable_family,0.408,,masonry,0.83,,,Moderate,moderate,0.435
3152,steer,38.672714088,-90.2283284272,,,7,8,,2,0.475,,gable_family,0.444,,masonry,0.8,,,Substantial to Heavy,moderate,0.495
3153,steer,38.6504580226,-90.28026747,44 Kingsbury Pl åœ£è·¯æ˜“æ–¯ MO 63112 US,,7,8,,2,0.643,,gable_family,0.439,,masonry,0.92,,,Negligible to Slight,none,0.58
3154,steer,38.6715019411,-90.2320946473,,,7,8,,2,0.494,,gable_family,0.513,,masonry,0.84,,,Very Heavy,none,0.515
3155,steer,38.6738177641,-90.2270563679,,,7,8,,2,0.51,,gable_family,0.393,,masonry,0.909,,,Negligible to Slight,moderate,0.505
3156,steer,38.6734237552,-90.2309274424,,,7,8,,2,0.512,,gable_family,0.573,,masonry,0.96,,,Substantial to Heavy,moderate,0.445
3157,steer,38.6731957958,-90.2283419977,,,7,8,,2,0.48,,gable_family,0.468,,masonry,0.89,,,Destruction,moderate,0.48
3158,steer,38.6750771024,-90.2308273338,,,7,8,,2,0.66,,gable_family,0.498,,masonry,0.955,,,Negligible to Slight,none,0.485
3159,steer,38.6733809453,-90.2308378331,,,7,8,,2,0.557,,gable_family,0.526,,masonry,0.963,,,Moderate,moderate,0.495
3160,steer,38.6711187298,-90.2311764606,,,7,8,,2,0.451,,gable_family,0.568,,masonry,0.895,,,Negligible to Slight,none,0.495
3161,steer,38.6493113423,-90.2763655684,63 Waterman Pl åœ£è·¯æ˜“æ–¯ MO 63112 US,,7,8,,2,0.619,,gable_family,0.472,,masonry,0.961,,,Moderate,moderate,0.465
3162,steer,38.6736189543,-90.2271877176,,,7,8,,2,0.745,,gable_family,0.595,,masonry,0.95,,,Negligible to Slight,none,0.46
3163,steer,38.6749299237,-90.2299880806,,,7,8,,2,0.593,,gable_family,0.493,,masonry,0.86,,,Negligible to Slight,moderate,0.425
3164,steer,38.6710074241,-90.2309269229,,,7,8,,2,0.528,,gable_family,0.453,,masonry,0.835,,,Moderate,moderate,0.47
3165,steer,38.6732458094,-90.2295433161,,,7,8,,2,0.492,,gable_family,0.407,,masonry,0.785,,,Substantial to Heavy,moderate,0.425
3166,steer,38.6735378693,-90.2272441465,,,7,8,,2,0.656,,gable_family,0.463,,masonry,0.93,,,Moderate,none,0.505
3167,steer,38.6726457716,-90.230697003,,,7,8,,2,0.672,,gable_family,0.486,,masonry,0.88,,,Substantial to Heavy,moderate,0.485
3168,steer,38.6501133872,-90.2762636174,14 Kingsbury Pl åœ£è·¯æ˜“æ–¯ MO 63112 US,,7,8,,2,0.715,,gable_family,0.493,,masonry,0.913,,,Negligible to Slight,none,0.53
3169,steer,38.6748323172,-90.2300709296,,,7,8,,2,0.54,,gable_family,0.372,,masonry,0.805,,,Negligible to Slight,moderate,0.405
3170,steer,38.6706918147,-90.2301728192,,,7,8,,2,0.535,,gable_family,0.457,,masonry,0.875,,,Moderate,none,0.51
3171,steer,38.6495431887,-90.2787006622,5515 Waterman Blvd St. Louis MO 63112 US,,7,8,,2,0.689,,gable_family,0.494,,masonry,0.985,,,Negligible to Slight,none,0.55
3172,steer,38.6727651392,-90.2306026527,,,7,8,,2,0.597,,gable_family,0.344,,masonry,0.93,,,Substantial to Heavy,moderate,0.47
3173,steer,38.673808696,-90.2297885915,,,7,8,,2,0.504,,gable_family,0.394,,masonry,0.795,,,Moderate,moderate,0.42
3174,steer,38.6732385359,-90.2275217768,,,7,8,,2,0.633,,gable_family,0.496,,masonry,0.955,,,Moderate,moderate,0.46
3175,steer,38.6728107873,-90.2305487383,,,7,8,,2,0.675,,gable_family,0.522,,masonry,0.955,,,Substantial to Heavy,moderate,0.4
3176,steer,38.6504926077,-90.2805705434,46 Kingsbury Pl åœ£è·¯æ˜“æ–¯ MO 63112 US,,7,8,,2,0.58,,gable_family,0.527,,masonry,0.895,,,Negligible to Slight,none,0.455
3177,steer,38.6706191155,-90.2300837158,,,7,8,,2,0.524,,gable_family,0.33,,masonry,0.885,,,Moderate,moderate,0.41
3178,steer,38.6735273448,-90.2301875526,,,7,8,,2,0.55,,gable_family,0.418,,masonry,0.855,,,Substantial to Heavy,moderate,0.495
3179,steer,38.6728809942,-90.2305045584,,,7,8,,2,0.563,,gable_family,0.433,,masonry,0.845,,,Moderate,moderate,0.48
3180,steer,38.6745265739,-90.2305252407,,,7,8,,2,0.474,,gable_family,0.448,,masonry,0.825,,,Moderate,none,0.475
3181,steer,38.6495727982,-90.2791600939,5527 Waterman Blvd St. Louis MO 63112 US,,7,8,,2,0.698,,gable_family,0.447,,masonry,0.953,,,Negligible to Slight,moderate,0.515
3182,steer,38.6695049585,-90.2308366117,,,7,8,,2,0.568,,gable_family,0.482,,masonry,0.865,,,Substantial to Heavy,none,0.425
3183,steer,38.6505768666,-90.2809379784,50 Kingsbury Pl St. Louis MO 63112 US,,7,8,,2,0.522,,gable_family,0.538,,masonry,0.88,,,Negligible to Slight,none,0.63
3184,steer,38.6730620595,-90.2272348522,,,7,8,,2,0.517,,gable_family,0.389,,masonry,0.905,,,Destruction,moderate,0.545
3185,steer,38.6731639591,-90.2302492135,,,7,8,,2,0.44,,gable_family,0.468,,masonry,0.935,,,Substantial to Heavy,moderate,0.56
3186,steer,38.673840423,-90.2308967596,,,7,8,,2,0.545,,gable_family,0.524,,masonry,0.875,,,Negligible to Slight,none,0.535
3187,steer,38.6730423879,-90.2270763316,,,7,8,,2,0.458,,gable_family,0.525,,masonry,0.93,,,Moderate,moderate,0.47
3188,steer,38.6504946913,-90.280271204,44 Kingsbury Pl St. Louis MO 63112 US,,7,8,,2,0.672,,gable_family,0.453,,masonry,0.915,,,Negligible to Slight,none,0.54
3189,steer,38.6702425784,-90.2312732989,,,7,8,,2,0.537,,gable_family,0.58,,masonry,0.94,,,Moderate,none,0.5
3190,steer,38.6489561808,-90.2789569861,5518 Waterman Blvd St. Louis MO 63112 US,,7,8,,2,0.729,,gable_family,0.557,,masonry,0.955,,,Moderate,moderate,0.43
3191,steer,38.6738004518,-90.2307932886,,,7,8,,2,0.669,,gable_family,0.597,,masonry,0.94,,,Substantial to Heavy,none,0.46
3192,steer,38.6749684489,-90.2294373739,,,7,8,,2,0.63,,gable_family,0.502,,masonry,0.905,,,Negligible to Slight,none,0.44
3193,steer,38.6721654763,-90.2306003783,,,7,8,,2,0.72,,gable_family,0.459,,masonry,0.99,,,Moderate,none,0.53
3194,steer,38.6705576367,-90.2310366085,,,7,8,,2,0.567,,gable_family,0.595,,masonry,0.94,,,Negligible to Slight,none,0.51
3195,steer,38.6742359308,-90.2307170608,,,7,8,,2,0.478,,gable_family,0.412,,masonry,0.835,,,Moderate,moderate,0.545
3196,steer,38.6498183612,-90.2868921297,5746 Waterman Blvd St. Louis MO 63112 US,,7,8,,2,0.795,,gable_family,0.537,,masonry,0.965,,,Negligible to Slight,none,0.545
3197,steer,38.6511158053,-90.2792930809,35 Kingsbury Pl åœ£è·¯æ˜“æ–¯ MO 63112 US,,7,8,,2,0.673,,gable_family,0.46,,masonry,0.935,,,Negligible to Slight,none,0.58
3198,steer,38.6722731342,-90.2303649436,,,7,8,,2,0.649,,gable_family,0.509,,masonry,0.91,,,Moderate,none,0.42
3199,steer,38.6728273372,-90.2247564049,,,7,8,,2,0.5,,gable_family,0.559,,masonry,0.855,,,Negligible to Slight,none,0.6
3200,steer,38.6733683788,-90.2264373867,,,7,8,,2,0.425,,gable_family,0.412,,masonry,0.825,,,Very Heavy,moderate,0.515
3201,steer,38.6484748937,-90.2699501916,5164 Waterman Blvd åœ£è·¯æ˜“æ–¯ MO 63108 US,,7,8,,2,0.655,,gable_family,0.476,,masonry,0.945,,,Negligible to Slight,none,0.51
3202,steer,38.6754219041,-90.2275011517,,,7,8,,2,0.775,,gable_family,0.431,,masonry,0.9,,,Moderate,none,0.43
3203,steer,38.6724602176,-90.2302550194,,,7,8,,2,0.6,,gable_family,0.369,,masonry,0.955,,,Moderate,moderate,0.42
3204,steer,38.6743260254,-90.2309402862,,,7,8,,2,0.482,,gable_family,0.447,,masonry,0.845,,,Destruction,none,0.495
3205,steer,38.6497907781,-90.2794736945,5537 Waterman Blvd St. Louis MO 63112 US,,7,8,,2,0.62,,gable_family,0.388,,masonry,0.965,,,,moderate,0.425
3206,steer,38.6702765389,-90.2313696848,,,7,8,,2,0.51,,gable_family,0.483,,masonry,0.83,,,Very Heavy,none,0.425
3207,steer,38.6513043111,-90.2809695588,51 Kingsbury Pl åœ£è·¯æ˜“æ–¯ MO 63112 US,,7,8,,2,0.736,,gable_family,0.589,,masonry,0.964,,,Negligible to Slight,none,0.455
3208,steer,38.6726849289,-90.2300860313,,,7,8,,2,0.578,,gable_family,0.412,,masonry,0.9,,,Moderate,moderate,0.5
3209,steer,38.6732165644,-90.2260335846,,,7,8,,2,0.485,,gable_family,0.463,,masonry,0.795,,,Moderate,moderate,0.57
3210,steer,38.6491129896,-90.2698960369,5171 Waterman Blvd åœ£è·¯æ˜“æ–¯ MO 63108 US,,7,8,,2,0.569,,gable_family,0.354,,masonry,0.98,,,Negligible to Slight,moderate,0.41
3211,steer,38.6499238352,-90.2878831947,5782 Waterman Blvd St. Louis MO 63112 US,,7,8,,2,0.525,,gable_family,0.445,,masonry,0.865,,,Negligible to Slight,none,0.54
3212,steer,38.6729058618,-90.2297148312,,,7,8,,2,0.505,,gable_family,0.424,,masonry,0.845,,,Destruction,moderate,0.47
3213,steer,38.6724785989,-90.2257126843,,,6,8,,1,0.51,,gable_family,0.513,,masonry,0.795,,,Negligible to Slight,none,0.48
3214,steer,38.6731096715,-90.2255958205,,,7,8,,2,0.553,,gable_family,0.449,,masonry,0.82,,,Substantial to Heavy,moderate,0.49
3215,steer,38.6744206655,-90.2287813533,,,7,8,,2,0.638,,gable_family,0.498,,masonry,0.92,,,Negligible to Slight,none,0.54
3216,steer,38.6702917092,-90.2326167463,,,7,8,,2,0.595,,gable_family,0.515,,masonry,0.835,,,Moderate,none,0.615
3217,steer,38.6731387445,-90.233701384,,,7,8,,2,0.57,,gable_family,0.413,,masonry,0.89,,,Moderate,none,0.545
3218,steer,38.6748726644,-90.2322691457,,,6,8,,1,0.43,,gable_family,0.443,,masonry,0.759,,,Moderate,none,0.51
3219,steer,38.6491849649,-90.2808300295,5572 Waterman Blvd St. Louis MO 63112 US,,7,8,,2,0.652,,gable_family,0.521,,masonry,0.99,,,Moderate,none,0.48
3220,steer,38.6741723986,-90.2289556883,,,7,8,,2,0.687,,gable_family,0.418,,masonry,0.925,,,Negligible to Slight,none,0.46
3221,steer,38.6591673492,-90.2668763163,5120 Maple Ave St. Louis MO 63113 US,,7,8,,2,0.584,,gable_family,0.414,,masonry,0.88,,,Negligible to Slight,none,0.43
3222,steer,38.6530471153,-90.2794167596,5504 Delmar Blvd åœ£è·¯æ˜“æ–¯ MO 63112 US,,7,8,,2,0.566,,gable_family,0.36,,masonry,0.92,,,Substantial to Heavy,moderate,0.425
3223,steer,38.6744898576,-90.2323137274,,,7,8,,2,0.598,,gable_family,0.625,,masonry,0.915,,,Moderate,none,0.52
3224,steer,38.6495840428,-90.2875886171,5773 De Giverville Ave St. Louis MO 63112 US,,7,8,,2,0.555,,gable_family,0.482,,masonry,0.88,,,Negligible to Slight,none,0.43
3225,steer,38.6719836102,-90.2291818827,,,7,8,,2,0.577,,gable_family,0.532,,masonry,0.76,,,Substantial to Heavy,none,0.465
3226,steer,38.6726751805,-90.2245908384,,,7,8,,2,0.446,,gable_family,0.31,,masonry,0.91,,,Moderate,none,0.415
3227,steer,38.6704847718,-90.2330100325,,,7,8,,2,0.568,,gable_family,0.568,,masonry,0.83,,,Negligible to Slight,none,0.48
3228,steer,38.6563471298,-90.2748291229,18 Windermere Pl åœ£è·¯æ˜“æ–¯ MO 63112 US,,7,8,,2,0.728,,gable_family,0.602,,masonry,0.902,,,Negligible to Slight,none,0.515
3229,steer,38.6748989553,-90.2324857477,,,7,8,,2,0.467,,gable_family,0.425,,masonry,0.9,,,Moderate,moderate,0.47
3230,steer,38.6493015103,-90.2871259154,5755 De Giverville Ave St. Louis MO 63112 US,,7,8,,2,0.749,,gable_family,0.688,,masonry,0.975,,,Negligible to Slight,none,0.615
3231,steer,38.6705480041,-90.2331996921,,,7,8,,2,0.562,,gable_family,0.53,,masonry,0.925,,,Negligible to Slight,none,0.545
3232,steer,38.673915621,-90.2292478682,,,7,8,,2,0.593,,gable_family,0.368,,masonry,0.87,,,Moderate,moderate,0.48
3233,steer,38.6563203473,-90.2746435341,16 Windermere Pl åœ£è·¯æ˜“æ–¯ MO 63112 US,,7,8,,2,0.704,,gable_family,0.515,,masonry,0.91,,,Negligible to Slight,none,0.51
3234,steer,38.6732746919,-90.2331870368,,,6,8,,1,0.452,,gable_family,0.429,,masonry,0.814,,,Substantial to Heavy,moderate,0.44
3235,steer,38.6729520845,-90.2252077271,,,7,8,,2,0.561,,gable_family,0.64,,masonry,0.89,,,Moderate,moderate,0.47
3236,steer,38.6492093699,-90.2869298393,5745 De Giverville Ave St. Louis MO 63112 US,,7,8,,2,0.682,,gable_family,0.577,,masonry,0.925,,,Negligible to Slight,none,0.6
3237,steer,38.6732291976,-90.2370378718,,,7,8,,2,0.612,,gable_family,0.447,,masonry,0.855,,,Negligible to Slight,moderate,0.525
3238,steer,38.6740493704,-90.232412614,,,7,8,,2,0.557,,gable_family,0.517,,masonry,0.935,,,Moderate,moderate,0.45
3239,steer,38.6563037217,-90.2744221599,14 Windermere Pl åœ£è·¯æ˜“æ–¯ MO 63112 US,,7,8,,2,0.722,,gable_family,0.491,,masonry,0.977,,,Negligible to Slight,none,0.64
3240,steer,38.6491467774,-90.2868282729,5743 De Giverville Ave St. Louis MO 63112 US,,7,8,,2,0.745,,gable_family,0.463,,masonry,0.97,,,Negligible to Slight,none,0.595
3241,steer,38.6726488867,-90.2271033088,,,7,8,,2,0.458,,gable_family,0.371,,masonry,0.84,,,Moderate,moderate,0.465
3242,steer,38.6703875512,-90.230573786,,,7,8,,2,0.559,,gable_family,0.403,,masonry,0.895,,,Moderate,none,0.565
3243,steer,38.6740065696,-90.2322151978,,,7,8,,2,0.635,,gable_family,0.592,,masonry,0.875,,,Moderate,moderate,0.49
3244,steer,38.6718237031,-90.2319278057,,,7,8,,2,0.55,,gable_family,0.434,,masonry,0.885,,,Substantial to Heavy,none,0.515
3245,steer,38.6730267935,-90.2279742693,,,7,8,,2,0.585,,gable_family,0.393,,masonry,0.93,,,Substantial to Heavy,moderate,0.45
3246,steer,38.674346967,-90.2267233798,,,7,8,,2,0.535,,gable_family,0.457,,masonry,0.825,,,Moderate,moderate,0.595
3247,steer,38.6737840329,-90.2324024748,,,7,8,,2,0.61,,gable_family,0.437,,masonry,0.83,,,Very Heavy,moderate,0.455
3248,steer,38.6730581623,-90.2367495336,,,7,8,,2,0.577,,gable_family,0.387,,masonry,0.88,,,Negligible to Slight,moderate,0.395
3249,steer,38.6502397637,-90.2844455228,5679 Waterman Blvd St. Louis MO 63112 US,,7,8,,2,0.628,,gable_family,0.513,,masonry,0.98,,,Moderate,none,0.455
3250,steer,38.6515449193,-90.2756950402,12 Washington Terr åœ£è·¯æ˜“æ–¯ MO 63112 US,,7,8,,2,0.662,,gable_family,0.435,,masonry,0.894,,,Negligible to Slight,none,0.57
3251,steer,38.6560991043,-90.2731557695,2 Windermere Pl åœ£è·¯æ˜“æ–¯ MO 63112 US,,7,8,,2,0.607,,gable_family,0.379,,masonry,0.97,,,Negligible to Slight,none,0.425
3252,steer,38.6498705173,-90.2661789974,5063 Westminster Pl åœ£è·¯æ˜“æ–¯ MO 63108 US,,7,8,,2,0.6,,gable_family,0.588,,masonry,0.925,,,Negligible to Slight,none,0.475
3253,steer,38.6515190224,-90.2760625757,14 Washington Terr åœ£è·¯æ˜“æ–¯ MO 63112 US,,7,8,,2,0.678,,gable_family,0.562,,masonry,0.966,,,Negligible to Slight,moderate,0.435
3254,steer,38.6733554312,-90.2307231717,,,7,8,,2,0.565,,gable_family,0.456,,masonry,0.935,,,Moderate,moderate,0.48
3255,steer,38.6720970237,-90.2314158077,,,7,8,,2,0.575,,gable_family,0.506,,masonry,0.91,,,Moderate,none,0.475
3256,steer,38.6496012703,-90.284581453,324 Debaliviere Ave St. Louis MO 63112 US,,7,8,,2,0.645,,gable_family,0.448,,masonry,1.0,,,Negligible to Slight,none,0.515
3257,steer,38.6516531821,-90.2774931682,24 Washington Terr åœ£è·¯æ˜“æ–¯ MO 63112 US,,7,8,,2,0.544,,gable_family,0.333,,masonry,0.975,,,Negligible to Slight,moderate,0.395
3258,steer,38.6717349612,-90.2347551937,,,7,8,,2,0.577,,gable_family,0.379,,masonry,0.91,,,Moderate,none,0.51
3259,steer,38.6742291693,-90.2318169925,,,7,8,,2,0.651,,gable_family,0.525,,masonry,0.895,,,Moderate,moderate,0.45
3260,steer,38.6492695483,-90.2761248714,57 Waterman Pl åœ£è·¯æ˜“æ–¯ MO 63112 US,,7,8,,2,0.656,,gable_family,0.566,,masonry,0.966,,,Moderate,none,0.65
3261,steer,38.6546548261,-90.2863563178,710 Goodfellow Blvd åœ£è·¯æ˜“æ–¯ MO 63112 US,,7,8,,2,0.43,,gable_family,0.507,,masonry,0.935,,,Negligible to Slight,none,0.63
3262,steer,38.6734017348,-90.2287162771,,,7,8,,2,0.513,,gable_family,0.434,,masonry,0.93,,,Moderate,moderate,0.46
3263,steer,38.6724427069,-90.2307961642,,,7,8,,2,0.668,,gable_family,0.436,,masonry,0.88,,,Moderate,moderate,0.43
3264,steer,38.6518014636,-90.2792214874,32 Washington Terr åœ£è·¯æ˜“æ–¯ MO 63112 US,,7,8,,2,0.621,,gable_family,0.534,,masonry,0.935,,,Negligible to Slight,none,0.525
3265,steer,38.6544050597,-90.2864336528,5745 Delmar Blvd åœ£è·¯æ˜“æ–¯ MO 63112 US,,14,8,,2,0.499,,flat,0.331,,masonry,0.905,,,Negligible to Slight,none,0.475
3266,steer,38.6505349035,-90.2663712244,5070 Washington Pl åœ£è·¯æ˜“æ–¯ MO 63108 US,,7,8,,2,0.64,,gable_family,0.453,,masonry,0.94,,,Negligible to Slight,none,0.465
3267,steer,38.67358669,-90.2302894068,,,7,8,,2,0.519,,gable_family,0.429,,masonry,0.784,,,Negligible to Slight,moderate,0.5
3268,steer,38.6722142092,-90.2304338513,,,7,8,,2,0.645,,gable_family,0.483,,masonry,0.95,,,Substantial to Heavy,none,0.505
3269,steer,38.6499302292,-90.2877148706,5770 Waterman Blvd St. Louis MO 63112 US,,7,8,,2,0.564,,gable_family,0.496,,masonry,0.9,,,Negligible to Slight,none,0.58
3270,steer,38.6713492701,-90.2308963212,,,7,8,,2,0.545,,gable_family,0.482,,masonry,0.9,,,Negligible to Slight,none,0.45
3271,steer,38.6736877419,-90.2305130549,,,7,8,,2,0.58,,gable_family,0.635,,masonry,0.8,,,Negligible to Slight,none,0.525
3272,steer,38.6746841416,-90.2263926978,,,7,8,,2,0.582,,gable_family,0.438,,masonry,0.88,,,Moderate,moderate,0.51
3273,steer,38.6728009068,-90.2299555988,,,7,8,,2,0.575,,gable_family,0.423,,masonry,0.9,,,Very Heavy,none,0.445
3274,steer,38.6587239676,-90.2685087274,5169 Vernon Ave St. Louis MO 63113 US,,7,8,,2,0.67,,gable_family,0.483,,masonry,0.915,,,Negligible to Slight,none,0.43
3275,steer,38.6747627271,-90.226072285,,,7,8,,2,0.718,,gable_family,0.569,,masonry,0.945,,,Negligible to Slight,none,0.515
3276,steer,38.6713343019,-90.2308148124,,,7,8,,2,0.5,,gable_family,0.458,,masonry,0.87,,,Moderate,moderate,0.455
3277,steer,38.6742718671,-90.2308136885,,,7,8,,2,0.5,,gable_family,0.455,,masonry,0.795,,,Moderate,none,0.475
3278,steer,38.6729238186,-90.2338579629,,,7,8,,2,0.566,,gable_family,0.498,,masonry,0.855,,,Moderate,none,0.435
3279,steer,38.6505201197,-90.2662476719,5068 Washington Pl åœ£è·¯æ˜“æ–¯ MO 63108 US,,7,8,,2,0.665,,gable_family,0.497,,masonry,0.895,,,Negligible to Slight,none,0.52
3280,steer,38.6739270165,-90.2310792853,,,7,8,,2,0.438,,gable_family,0.595,,masonry,0.795,,,Negligible to Slight,moderate,0.46
3281,steer,38.652600818,-90.2637178977,721 N Kingshighway Blvd St. Louis MO 63108 US,,14,8,,2,0.459,,flat,0.35,,masonry,0.85,,,Negligible to Slight,moderate,0.465
3282,steer,38.6727494614,-90.2334744797,,,7,8,,2,0.66,,gable_family,0.487,,masonry,0.875,,,Substantial to Heavy,moderate,0.535
3283,steer,38.6499140403,-90.2875229407,5766 Waterman Blvd St. Louis MO 63112 US,,7,8,,2,0.635,,gable_family,0.443,,masonry,0.905,,,Negligible to Slight,none,0.53
3284,steer,38.6739679509,-90.2311594586,,,7,8,,2,0.63,,gable_family,0.443,,masonry,0.849,,,Negligible to Slight,none,0.435
3285,steer,38.6557846986,-90.2814722129,5572 Clemens Ave åœ£è·¯æ˜“æ–¯ MO 63112 US,,7,8,,2,0.667,,gable_family,0.457,,masonry,0.96,,,Negligible to Slight,none,0.455
3286,steer,38.670293433,-90.2344733235,,,7,8,,2,0.5,,gable_family,0.4,,masonry,0.82,,,Moderate,none,0.515
3287,steer,38.6720682177,-90.2325073365,,,7,8,,2,0.553,,gable_family,0.577,,masonry,0.87,,,Substantial to Heavy,moderate,0.445
3288,steer,38.6489635983,-90.2858472279,5715 De Giverville Ave St. Louis MO 63112 US,,7,8,,2,0.454,,gable_family,0.392,,masonry,0.913,,,Moderate,none,0.49
3289,steer,38.6513934228,-90.2823055812,63 Kingsbury Pl åœ£è·¯æ˜“æ–¯ MO 63112 US,,7,8,,2,0.49,,gable_family,0.406,,masonry,0.945,,,Negligible to Slight,none,0.505
3290,steer,38.6520212737,-90.2655481986,5053 Delmar Blvd St. Louis MO 63108 US,,7,8,,2,0.616,,gable_family,0.34,,masonry,0.93,,,Moderate,moderate,0.45
3291,steer,38.6746975879,-90.2285887036,,,7,8,,2,0.67,,gable_family,0.508,,masonry,0.92,,,Moderate,none,0.585
3292,steer,38.6586061062,-90.2671113593,5129 Vernon Ave St. Louis MO 63113 US,,7,8,,2,0.625,,gable_family,0.471,,masonry,0.87,,,Negligible to Slight,none,0.575
3293,steer,38.6719343954,-90.2321961052,,,7,8,,2,0.554,,gable_family,0.378,,masonry,0.86,,,Very Heavy,none,0.41
3294,steer,38.6738719746,-90.2255231164,,,7,8,,2,0.477,,gable_family,0.347,,masonry,0.92,,,Moderate,moderate,0.49
3295,steer,38.6726444976,-90.224671782,,,7,8,,2,0.51,,gable_family,0.394,,masonry,0.85,,,Moderate,moderate,0.495
3296,steer,38.6562715184,-90.2742142288,12 Windermere Pl åœ£è·¯æ˜“æ–¯ MO 63112 US,,7,8,,2,0.636,,gable_family,0.514,,masonry,0.966,,,Negligible to Slight,none,0.605
3297,steer,38.6563184427,-90.2815978419,5579 Clemens Ave åœ£è·¯æ˜“æ–¯ MO 63112 US,,7,8,,2,0.68,,gable_family,0.477,,masonry,0.888,,,Negligible to Slight,none,0.575
3298,steer,38.6500212284,-90.2677092765,5109 Westminster Pl åœ£è·¯æ˜“æ–¯ MO 63108 US,,7,8,,2,0.648,,gable_family,0.639,,masonry,0.935,,,Negligible to Slight,none,0.485
3299,steer,38.6748310421,-90.2320970762,,,7,8,,2,0.465,,gable_family,0.477,,masonry,0.805,,,Moderate,none,0.59
3300,steer,38.6522390535,-90.2777586226,23 Washington Terr åœ£è·¯æ˜“æ–¯ MO 63112 US,,7,8,,2,0.693,,gable_family,0.545,,masonry,0.927,,,Negligible to Slight,moderate,0.42
3301,steer,38.6562658331,-90.2735964827,6 Windermere Pl åœ£è·¯æ˜“æ–¯ MO 63112 US,,7,8,,2,0.643,,gable_family,0.483,,masonry,0.946,,,Negligible to Slight,none,0.445
3302,steer,38.655913451,-90.2825558684,5618 Clemens Ave åœ£è·¯æ˜“æ–¯ MO 63112 US,,7,8,,2,0.847,,gable_family,0.674,,masonry,0.94,,,Negligible to Slight,none,0.57
3303,steer,38.6737163647,-90.2332436834,,,7,8,,2,0.545,,gable_family,0.325,,masonry,0.89,,,Substantial to Heavy,none,0.43
3304,steer,38.6698503917,-90.2339792346,,,7,8,,2,0.673,,gable_family,0.567,,masonry,0.955,,,Moderate,none,0.46
3305,steer,38.6522566413,-90.2774457945,21 Washington Terr åœ£è·¯æ˜“æ–¯ MO 63112 US,,7,8,,2,0.745,,gable_family,0.509,,masonry,0.938,,,Negligible to Slight,none,0.57
3306,steer,38.6717931083,-90.2318476233,,,7,8,,2,0.546,,gable_family,0.537,,masonry,0.83,,,Moderate,none,0.525
3307,steer,38.6741131247,-90.2325539663,,,7,8,,2,0.455,,gable_family,0.343,,masonry,0.92,,,Moderate,moderate,0.41
3308,steer,38.6491999861,-90.2855054538,311 Debaliviere Ave St. Louis MO 63112 US,,7,8,,2,0.564,,gable_family,0.342,,masonry,0.87,,,Negligible to Slight,none,0.425
3309,steer,38.6501075708,-90.2684568716,5129 Westminster Pl åœ£è·¯æ˜“æ–¯ MO 63108 US,,7,8,,2,0.569,,gable_family,0.483,,masonry,0.923,,,Negligible to Slight,none,0.68
3310,steer,38.6567055832,-90.2730996152,1 Windermere Pl åœ£è·¯æ˜“æ–¯ MO 63112 US,,7,8,,2,0.617,,gable_family,0.338,,masonry,0.945,,,Negligible to Slight,moderate,0.49
3311,steer,38.6530723209,-90.2737768286,5305 Delmar Blvd åœ£è·¯æ˜“æ–¯ MO 63112 US,,7,6,,2,0.462,,complex_family,0.368,,masonry,0.955,,,Negligible to Slight,none,0.515
3312,steer,38.6742052399,-90.2283079251,,,7,8,,2,0.678,,gable_family,0.479,,masonry,0.98,,,Moderate,moderate,0.48
3313,steer,38.6741379443,-90.2315704435,,,7,8,,2,0.539,,gable_family,0.422,,masonry,0.78,,,Moderate,moderate,0.465
3314,steer,38.6701710126,-90.23341075,,,7,8,,2,0.653,,gable_family,0.464,,masonry,0.91,,,Moderate,none,0.43
3315,steer,38.655134267,-90.2732711043,867â€“913 Union Blvd åœ£è·¯æ˜“æ–¯ MO 63108 US,,7,8,,2,0.512,,gable_family,0.395,,masonry,0.945,,,Negligible to Slight,moderate,0.455
3316,steer,38.6520527757,-90.2753078112,9 Washington Terr åœ£è·¯æ˜“æ–¯ MO 63112 US,,7,8,,2,0.651,,gable_family,0.454,,masonry,0.92,,,Negligible to Slight,none,0.64
3317,steer,38.655915562,-90.2803681969,5544 Clemens Ave åœ£è·¯æ˜“æ–¯ MO 63112 US,,7,8,,2,0.683,,gable_family,0.604,,masonry,0.915,,,Negligible to Slight,none,0.57
3318,steer,38.6501246947,-90.2686427733,5133 Westminster Pl åœ£è·¯æ˜“æ–¯ MO 63108 US,,7,8,,2,0.503,,gable_family,0.449,,masonry,0.92,,,Negligible to Slight,none,0.56
3319,steer,38.6720006802,-90.2311710845,,,7,8,,2,0.497,,gable_family,0.466,,masonry,0.98,,,Negligible to Slight,none,0.545
3320,steer,38.6558517177,-90.2797075616,5524 Clemens Ave åœ£è·¯æ˜“æ–¯ MO 63112 US,,7,8,,2,0.805,,gable_family,0.611,,masonry,0.93,,,Negligible to Slight,none,0.425
3321,steer,38.6735537114,-90.2320196994,,,7,8,,2,0.56,,gable_family,0.502,,masonry,0.78,,,Moderate,moderate,0.48
3322,steer,38.6494231832,-90.2837766448,5656 Waterman Blvd St. Louis MO 63112 US,,7,6,,2,0.477,,complex_family,0.395,,masonry,0.945,,,Moderate,moderate,0.565
3323,steer,38.6701287384,-90.2333170352,,,7,8,,2,0.605,,gable_family,0.551,,masonry,0.93,,,Moderate,none,0.505
3324,steer,38.671648601,-90.2314884731,,,6,8,,1,0.487,,gable_family,0.532,,masonry,0.81,,,Negligible to Slight,none,0.48
3325,steer,38.6539205862,-90.2760587485,5370 Enright Ave åœ£è·¯æ˜“æ–¯ MO 63112 US,,7,8,,2,0.612,,gable_family,0.469,,masonry,0.943,,,Negligible to Slight,none,0.51
3326,steer,38.673848497,-90.2286070463,,,7,8,,2,0.578,,gable_family,0.398,,masonry,0.945,,,Moderate,moderate,0.46
3327,steer,38.673406862,-90.2321145066,,,7,8,,2,0.532,,gable_family,0.434,,masonry,0.805,,,Moderate,moderate,0.45
3328,steer,38.6507314029,-90.2682377065,5122 Washington Pl åœ£è·¯æ˜“æ–¯ MO 63108 US,,7,8,,2,0.654,,gable_family,0.481,,masonry,0.945,,,Negligible to Slight,none,0.55
3329,steer,38.6736519182,-90.2284548789,,,7,8,,2,0.525,,gable_family,0.386,,masonry,0.905,,,Moderate,none,0.415
3330,steer,38.6557737044,-90.2759477044,800 Arlington Ave åœ£è·¯æ˜“æ–¯ MO 63112 US,,7,8,,2,0.502,,gable_family,0.421,,masonry,0.96,,,Negligible to Slight,none,0.505
3331,steer,38.6600175947,-90.2715158082,5257 Maple Ave St. Louis MO 63113 US,,7,8,,2,0.703,,gable_family,0.584,,masonry,0.925,,,Negligible to Slight,moderate,0.445
3332,steer,38.6730541717,-90.2323293041,,,7,8,,2,0.552,,gable_family,0.497,,masonry,0.73,,,Moderate,moderate,0.465
3333,steer,38.6532382005,-90.2809627303,5548 Delmar Blvd åœ£è·¯æ˜“æ–¯ MO 63112 US,,7,8,,2,0.542,,gable_family,0.34,,masonry,0.922,,,Negligible to Slight,none,0.415
3334,steer,38.650190583,-90.2692973425,5153 Westminster Pl åœ£è·¯æ˜“æ–¯ MO 63108 US,,7,8,,2,0.48,,gable_family,0.522,,masonry,0.772,,,Negligible to Slight,none,0.525
3335,steer,38.6527334772,-90.2650904372,5044 Enright Ave St. Louis MO 63108 US,,7,8,,2,0.738,,gable_family,0.535,,masonry,0.93,,,Negligible to Slight,none,0.71
3336,steer,38.6600133138,-90.2714246706,5255 Maple Ave St. Louis MO 63113 US,,7,8,,2,0.733,,gable_family,0.473,,masonry,0.9,,,Negligible to Slight,none,0.505
3337,steer,38.6729888795,-90.2323855959,,,7,8,,2,0.591,,gable_family,0.527,,masonry,0.835,,,Destruction,moderate,0.445
3338,steer,38.6557032335,-90.27504452,800 Arlington Ave åœ£è·¯æ˜“æ–¯ MO 63112 US,,7,8,,2,0.467,,gable_family,0.463,,masonry,0.943,,,Negligible to Slight,none,0.53
3339,steer,38.6727489448,-90.2320265766,,,7,8,,2,0.583,,gable_family,0.442,,masonry,0.86,,,Moderate,moderate,0.495
3340,steer,38.6487976801,-90.2839132433,5625 Pershing Ave St. Louis MO 63112 US,,8,6,,3,0.528,,complex_family,0.49,,masonry,0.965,,,Moderate,none,0.48
3341,steer,38.6493031371,-90.265212957,5032 Westminster Pl åœ£è·¯æ˜“æ–¯ MO 63108 US,,7,8,,2,0.61,,gable_family,0.643,,masonry,0.9,,,Negligible to Slight,none,0.53
3342,steer,38.6598539601,-90.2697855504,5207 Maple Ave St. Louis MO 63113 US,,7,8,,2,0.8,,gable_family,0.546,,masonry,0.989,,,Negligible to Slight,none,0.5
3343,steer,38.6734888115,-90.228098666,,,7,8,,2,0.532,,gable_family,0.417,,masonry,0.885,,,Substantial to Heavy,moderate,0.5
3344,steer,38.6598256528,-90.2696564959,5203 Maple Ave St. Louis MO 63113 US,,7,8,,2,0.865,,gable_family,0.607,,masonry,0.975,,,Negligible to Slight,none,0.565
3345,steer,38.6741265718,-90.227478678,,,7,8,,2,0.521,,gable_family,0.422,,masonry,0.865,,,Moderate,moderate,0.445
3346,steer,38.6526868178,-90.2646011573,5030 Enright Ave St. Louis MO 63108 US,,7,8,,2,0.57,,gable_family,0.565,,masonry,0.835,,,Negligible to Slight,none,0.485
3347,steer,38.6728246564,-90.2319682716,,,7,8,,2,0.498,,gable_family,0.493,,masonry,0.7,,,Moderate,none,0.5
3348,steer,38.6699650294,-90.2328874364,,,7,8,,2,0.628,,gable_family,0.591,,masonry,0.87,,,Moderate,none,0.57
3349,steer,38.6741953973,-90.2274346337,,,7,8,,2,0.556,,gable_family,0.392,,masonry,0.825,,,Moderate,moderate,0.485
3350,steer,38.6605259495,-90.2708932435,5264 Page Blvd St. Louis MO 63113 US,,7,8,,2,0.556,,gable_family,0.459,,masonry,0.908,,,Negligible to Slight,moderate,0.45
3351,steer,38.6526737309,-90.2644967769,5026 Enright Ave St. Louis MO 63108 US,,7,8,,2,0.586,,gable_family,0.497,,masonry,0.92,,,Negligible to Slight,none,0.56
3352,steer,38.6736345594,-90.2313638697,,,7,8,,2,0.498,,gable_family,0.512,,masonry,0.858,,,Moderate,moderate,0.41
3353,steer,38.6602549859,-90.2685008468,5174 Page Blvd St. Louis MO 63113 US,,7,8,,2,0.515,,gable_family,0.419,,masonry,0.725,,,Moderate,none,0.46
3354,steer,38.6559508898,-90.2833469616,5638 Clemens Ave åœ£è·¯æ˜“æ–¯ MO 63112 US,,7,8,,2,0.597,,gable_family,0.419,,masonry,0.965,,,Negligible to Slight,none,0.66
3355,steer,38.6604735639,-90.2704165095,5228 Page Blvd St. Louis MO 63113 US,,7,8,,2,0.515,,gable_family,0.408,,masonry,0.79,,,Negligible to Slight,none,0.465
3356,steer,38.6723859362,-90.2310865805,,,7,8,,2,0.595,,gable_family,0.467,,masonry,0.8,,,Negligible to Slight,none,0.515
3357,steer,38.6508471259,-90.2769253271,17 Kingsbury Pl åœ£è·¯æ˜“æ–¯ MO 63112 US,,7,8,,2,0.716,,gable_family,0.455,,masonry,0.914,,,Negligible to Slight,none,0.6
3358,steer,38.654225767,-90.2807594419,5555 Delmar Blvd åœ£è·¯æ˜“æ–¯ MO 63112 US,,8,6,,3,0.42,,complex_family,0.405,,masonry,0.945,,,Negligible to Slight,none,0.405
3359,steer,38.6600453403,-90.2664963474,5116 Page Blvd St. Louis MO 63113 US,,7,8,,2,0.498,,gable_family,0.333,,masonry,0.8,,,Negligible to Slight,none,0.435
3360,steer,38.672534914,-90.2309960747,,,7,8,,2,0.539,,gable_family,0.538,,masonry,0.76,,,Negligible to Slight,moderate,0.505
3361,steer,38.649374312,-90.2657801305,5048 Westminster Pl åœ£è·¯æ˜“æ–¯ MO 63108 US,,7,8,,2,0.525,,gable_family,0.601,,masonry,0.91,,,Negligible to Slight,none,0.59
3362,steer,38.656004641,-90.2835779349,5646 Clemens Ave åœ£è·¯æ˜“æ–¯ MO 63112 US,,7,8,,2,0.602,,gable_family,0.353,,masonry,0.955,,,Negligible to Slight,none,0.495
3363,steer,38.652873754,-90.2762759554,5400 Delmar Blvd åœ£è·¯æ˜“æ–¯ MO 63112 US,,7,8,,2,0.692,,gable_family,0.517,,masonry,0.955,,,Negligible to Slight,none,0.57
3364,steer,38.6601684163,-90.2672300657,5138 Page Blvd St. Louis MO 63113 US,,7,8,,2,0.715,,gable_family,0.483,,masonry,0.885,,,Negligible to Slight,none,0.445
3365,steer,38.6732721855,-90.2304834695,,,7,8,,2,0.629,,gable_family,0.49,,masonry,0.925,,,Destruction,moderate,0.5
3366,steer,38.6494313195,-90.2663151659,5062 Westminster Pl åœ£è·¯æ˜“æ–¯ MO 63108 US,,7,8,,2,0.52,,gable_family,0.521,,masonry,0.845,,,Negligible to Slight,none,0.54
3367,steer,38.6734366647,-90.2279457137,,,7,8,,2,0.56,,gable_family,0.399,,masonry,0.869,,,Moderate,moderate,0.445
3368,steer,38.6599658315,-90.2710329653,5245 Maple Ave St. Louis MO 63113 US,,7,8,,2,0.765,,gable_family,0.506,,masonry,0.965,,,Negligible to Slight,none,0.55
3369,steer,38.6722649892,-90.2309444275,,,7,8,,2,0.556,,gable_family,0.58,,masonry,0.97,,,Moderate,none,0.515
3370,steer,38.6601971938,-90.2674035876,5144 Page Blvd St. Louis MO 63113 US,,7,8,,2,0.705,,gable_family,0.407,,masonry,0.9,,,Negligible to Slight,none,0.51
3371,steer,38.6594750718,-90.2662604898,5109 Maple Ave St. Louis MO 63113 US,,7,8,,2,0.653,,gable_family,0.451,,masonry,0.91,,,Destruction,moderate,0.535
3372,steer,38.673900322,-90.2270041898,,,7,8,,2,0.521,,gable_family,0.472,,masonry,0.885,,,Moderate,moderate,0.46
3373,steer,38.659883232,-90.2701609682,5221 Maple Ave St. Louis MO 63113 US,,7,8,,2,0.706,,gable_family,0.535,,masonry,0.935,,,Negligible to Slight,none,0.595
3374,steer,38.6723170744,-90.2308852154,,,7,8,,2,0.72,,gable_family,0.463,,masonry,0.965,,,Moderate,none,0.485
3375,steer,38.673765763,-90.2271128943,,,7,8,,2,0.615,,gable_family,0.438,,masonry,0.98,,,Negligible to Slight,none,0.47
3376,steer,38.6601993231,-90.2676204964,5150 Page Blvd St. Louis MO 63113 US,,7,8,,2,0.625,,gable_family,0.456,,masonry,0.885,,,Negligible to Slight,none,0.545
3377,steer,38.6723840838,-90.230848849,,,7,8,,2,0.615,,gable_family,0.428,,masonry,0.95,,,Moderate,moderate,0.435
3378,steer,38.6487210529,-90.2658481824,5047 Waterman Blvd åœ£è·¯æ˜“æ–¯ MO 63108 US,,7,8,,2,0.48,,gable_family,0.454,,masonry,0.88,,,Negligible to Slight,none,0.49
3379,steer,38.660543056,-90.2710101162,5266 Page Blvd St. Louis MO 63113 US,,7,8,,2,0.622,,gable_family,0.447,,masonry,0.945,,,Negligible to Slight,none,0.43
3380,steer,38.672500977,-90.2307514055,,,7,8,,2,0.663,,gable_family,0.421,,masonry,0.92,,,Moderate,moderate,0.475
3381,steer,38.6597336963,-90.2687596554,5181 Maple Ave St. Louis MO 63113 US,,7,8,,2,0.723,,gable_family,0.511,,masonry,0.88,,,Negligible to Slight,none,0.545
3382,steer,38.6601560886,-90.2717795946,1244 Union Blvd St. Louis MO 63113 US,,7,8,,2,0.527,,gable_family,0.468,,masonry,0.77,,,Negligible to Slight,none,0.615
3383,steer,38.6736905648,-90.2271527526,,,7,8,,2,0.685,,gable_family,0.518,,masonry,0.895,,,Negligible to Slight,none,0.465
3384,steer,38.6729394164,-90.2304558856,,,7,8,,2,0.598,,gable_family,0.373,,masonry,0.94,,,Moderate,moderate,0.405
3385,steer,38.6692778588,-90.2326296705,,,6,8,,1,0.5,,gable_family,0.439,,masonry,0.77,,,Moderate,moderate,0.47
3386,steer,38.6596815486,-90.2682176497,5165 Maple Ave St. Louis MO 63113 US,,7,8,,2,0.75,,gable_family,0.527,,masonry,0.93,,,Negligible to Slight,none,0.435
3387,steer,38.6734101959,-90.2273716759,,,7,8,,2,0.738,,gable_family,0.469,,masonry,0.9,,,Negligible to Slight,none,0.45
3388,steer,38.6600832856,-90.2668654292,5128 Page Blvd St. Louis MO 63113 US,,7,8,,2,0.528,,gable_family,0.368,,masonry,0.738,,,Negligible to Slight,none,0.49
3389,steer,38.6730025574,-90.2304334212,,,7,8,,2,0.63,,gable_family,0.403,,masonry,0.93,,,Moderate,moderate,0.435
3390,steer,38.6732475228,-90.2265988249,,,7,8,,2,0.547,,gable_family,0.438,,masonry,0.86,,,Moderate,moderate,0.5
3391,steer,38.6691511273,-90.2321571421,,,7,8,,2,0.57,,gable_family,0.434,,masonry,0.714,,,Moderate,none,0.485
3392,steer,38.6596176855,-90.267609543,5145 Maple Ave St. Louis MO 63113 US,,7,8,,2,0.605,,gable_family,0.508,,masonry,0.935,,,Negligible to Slight,none,0.54
3393,steer,38.6733273152,-90.2265288035,,,7,8,,2,0.62,,gable_family,0.512,,masonry,0.84,,,Substantial to Heavy,moderate,0.46
3394,steer,38.6597412357,-90.2689421875,5187 Maple Ave St. Louis MO 63113 US,,7,8,,2,0.62,,gable_family,0.453,,masonry,0.88,,,Negligible to Slight,none,0.49
3395,steer,38.6740952032,-90.231478616,,,7,8,,2,0.575,,gable_family,0.498,,masonry,0.835,,,Negligible to Slight,moderate,0.495
3396,steer,38.6488509491,-90.2679895651,5109 Waterman Blvd åœ£è·¯æ˜“æ–¯ MO 63108 US,,7,8,,2,0.785,,gable_family,0.567,,masonry,0.96,,,Negligible to Slight,none,0.56
3397,steer,38.6596890722,-90.2718892841,5266 Maple Ave St. Louis MO 63113 US,,7,8,,2,0.738,,gable_family,0.543,,masonry,0.94,,,Negligible to Slight,none,0.565
3398,steer,38.6736001276,-90.2262788663,,,7,8,,2,0.525,,gable_family,0.477,,masonry,0.89,,,Substantial to Heavy,moderate,0.435
3399,steer,38.6597466589,-90.2688454433,5183 Maple Ave St. Louis MO 63113 US,,7,8,,2,0.613,,gable_family,0.562,,masonry,0.845,,,Negligible to Slight,none,0.395
3400,steer,38.6723794867,-90.2302943952,,,7,8,,2,0.603,,gable_family,0.393,,masonry,0.92,,,Moderate,moderate,0.495
3401,steer,38.6488606348,-90.2681139564,5111 Waterman Blvd åœ£è·¯æ˜“æ–¯ MO 63108 US,,7,8,,2,0.534,,gable_family,0.492,,masonry,0.924,,,Negligible to Slight,none,0.71
3402,steer,38.6595592827,-90.2708801677,5236 Maple Ave St. Louis MO 63113 US,,7,8,,2,0.715,,gable_family,0.531,,masonry,0.978,,,Negligible to Slight,none,0.55
3403,steer,38.6596511634,-90.2715712511,5258 Maple Ave St. Louis MO 63113 US,,7,8,,2,0.635,,gable_family,0.555,,masonry,0.91,,,Negligible to Slight,none,0.565
3404,steer,38.6727369781,-90.224539942,,,7,8,,2,0.573,,gable_family,0.515,,masonry,0.855,,,Negligible to Slight,none,0.5
3405,steer,38.6722894744,-90.2297223723,,,7,8,,2,0.47,,gable_family,0.538,,masonry,0.765,,,Moderate,none,0.585
3406,steer,38.649700555,-90.2689187081,5136 Westminster Pl åœ£è·¯æ˜“æ–¯ MO 63108 US,,7,8,,2,0.54,,gable_family,0.389,,masonry,0.895,,,Negligible to Slight,none,0.535
3407,steer,38.6500539464,-90.2838049845,5657 Waterman Blvd St. Louis MO 63112 US,,7,8,,2,0.59,,gable_family,0.433,,masonry,0.99,,,Negligible to Slight,moderate,0.455
3408,steer,38.6595513005,-90.270760092,5232 Maple Ave St. Louis MO 63113 US,,7,8,,2,0.683,,gable_family,0.57,,masonry,0.965,,,Negligible to Slight,none,0.595
3409,steer,38.6597071423,-90.2719805792,5268 Maple Ave St. Louis MO 63113 US,,7,8,,2,0.575,,gable_family,0.476,,masonry,0.92,,,Negligible to Slight,none,0.635
3410,steer,38.6497176718,-90.2690895832,5142 Westminster Pl åœ£è·¯æ˜“æ–¯ MO 63108 US,,7,8,,2,0.43,,gable_family,0.399,,masonry,0.925,,,Negligible to Slight,none,0.605
3411,steer,38.6725283243,-90.2289853748,,,7,8,,2,0.6,,gable_family,0.377,,masonry,0.86,,,Destruction,moderate,0.475
3412,steer,38.6729109988,-90.2277310094,,,7,8,,2,0.534,,gable_family,0.379,,masonry,0.93,,,Moderate,none,0.5
3413,steer,38.6710123259,-90.2301259862,4261 E Farlin Ave St. Louis MO 63115 US,,7,8,,2,0.54,,gable_family,0.522,,masonry,0.925,,,Negligible to Slight,none,0.46
3414,steer,38.6595274811,-90.270502626,5226 Maple Ave St. Louis MO 63113 US,,7,8,,2,0.72,,gable_family,0.52,,masonry,0.92,,,Negligible to Slight,none,0.575
3415,steer,38.6497734173,-90.2695596771,5156 Westminster Pl åœ£è·¯æ˜“æ–¯ MO 63108 US,,7,8,,2,0.641,,gable_family,0.53,,masonry,0.925,,,Negligible to Slight,none,0.59
3416,steer,38.6717835697,-90.2297127778,,,7,8,,2,0.606,,gable_family,0.454,,masonry,0.93,,,Negligible to Slight,none,0.555
3417,steer,38.6500698794,-90.2839394272,5661 Waterman Blvd St. Louis MO 63112 US,,7,6,,2,0.46,,complex_family,0.332,,masonry,0.96,,,Moderate,none,0.49
3418,steer,38.6595446769,-90.2669526408,5129 Maple Ave St. Louis MO 63113 US,,7,8,,2,0.64,,gable_family,0.448,,masonry,0.87,,,Negligible to Slight,none,0.53
3419,steer,38.6684352019,-90.2317106946,,,6,8,,1,0.52,,gable_family,0.468,,masonry,0.86,,,Substantial to Heavy,none,0.485
3420,steer,38.6500806436,-90.2840750963,5667 Waterman Blvd St. Louis MO 63112 US,,7,8,,2,0.55,,gable_family,0.414,,masonry,0.99,,,Negligible to Slight,none,0.63
3421,steer,38.6594762174,-90.2701482987,5214 Maple Ave St. Louis MO 63113 US,,7,8,,2,0.716,,gable_family,0.573,,masonry,0.925,,,Negligible to Slight,none,0.525
3422,steer,38.6730451605,-90.2337897874,,,7,8,,2,0.525,,gable_family,0.518,,masonry,0.835,,,Negligible to Slight,none,0.61
3423,steer,38.6594581962,-90.2697796853,5204 Maple Ave St. Louis MO 63113 US,,7,8,,2,0.795,,gable_family,0.506,,masonry,0.955,,,Negligible to Slight,none,0.615
3424,steer,38.6594278483,-90.2693131452,5194 Maple Ave St. Louis MO 63113 US,,7,8,,2,0.535,,gable_family,0.444,,masonry,0.89,,,Negligible to Slight,none,0.585
3425,steer,38.6729152637,-90.2251323023,,,7,8,,2,0.586,,gable_family,0.63,,masonry,0.883,,,Negligible to Slight,none,0.54
3426,steer,38.6725740891,-90.2329782735,,,7,8,,2,0.6,,gable_family,0.516,,masonry,0.89,,,Moderate,none,0.485
3427,steer,38.6594083245,-90.2691977544,5190 Maple Ave St. Louis MO 63113 US,,7,8,,2,0.665,,gable_family,0.589,,masonry,0.924,,,Negligible to Slight,none,0.585
3428,steer,38.6510358228,-90.2714672428,5240 Washington Pl åœ£è·¯æ˜“æ–¯ MO 63108 US,,7,8,,2,0.8,,gable_family,0.58,,masonry,0.96,,,Negligible to Slight,moderate,0.495
3429,steer,38.659383633,-90.2689412252,5182 Maple Ave St. Louis MO 63113 US,,7,8,,2,0.621,,gable_family,0.525,,masonry,0.895,,,Negligible to Slight,none,0.51
3430,steer,38.6562634596,-90.2739918238,10 Windermere Pl åœ£è·¯æ˜“æ–¯ MO 63112 US,,7,8,,2,0.518,,gable_family,0.35,,masonry,0.901,,,Negligible to Slight,moderate,0.5
3431,steer,38.6732354295,-90.2284281449,,,7,8,,2,0.463,,gable_family,0.393,,masonry,0.9,,,Destruction,moderate,0.54
3432,steer,38.6721711346,-90.2343871872,,,7,8,,2,0.552,,gable_family,0.448,,masonry,0.785,,,Very Heavy,moderate,0.475
3433,steer,38.6718748857,-90.232056156,,,7,8,,2,0.472,,gable_family,0.458,,masonry,0.92,,,Very Heavy,none,0.47
3434,steer,38.6732683851,-90.2284977959,,,7,8,,2,0.407,,gable_family,0.359,,masonry,0.88,,,Substantial to Heavy,moderate,0.465
3435,steer,38.6593500219,-90.2687055238,5176 Maple Ave St. Louis MO 63113 US,,7,8,,2,0.665,,gable_family,0.496,,masonry,0.87,,,Negligible to Slight,none,0.505
3436,steer,38.6683143198,-90.2319183354,,,7,8,,2,0.485,,gable_family,0.485,,masonry,0.863,,,Negligible to Slight,none,0.59
3437,steer,38.6713938813,-90.2297733746,,,7,6,,2,0.501,,complex_family,0.339,,masonry,0.92,,,Moderate,none,0.53
3438,steer,38.6562424409,-90.2738180881,8 Windermere Pl åœ£è·¯æ˜“æ–¯ MO 63112 US,,7,8,,2,0.665,,gable_family,0.499,,masonry,0.966,,,Negligible to Slight,none,0.485
3439,steer,38.6592771862,-90.2680090753,,,7,8,,2,0.595,,gable_family,0.46,,masonry,0.86,,,Negligible to Slight,none,0.54
3440,steer,38.6734111202,-90.2295649052,,,7,8,,2,0.545,,gable_family,0.482,,masonry,0.775,,,Substantial to Heavy,moderate,0.485
3441,steer,38.656227096,-90.2733862913,4 Windermere Pl åœ£è·¯æ˜“æ–¯ MO 63112 US,,7,8,,2,0.642,,gable_family,0.507,,masonry,0.95,,,Negligible to Slight,none,0.605
3442,steer,38.6595946119,-90.2711150025,5242 Maple Ave St. Louis MO 63113 US,,7,8,,2,0.725,,gable_family,0.575,,masonry,0.98,,,Negligible to Slight,none,0.53
3443,steer,38.6510154798,-90.2711203443,5232 Washington Pl åœ£è·¯æ˜“æ–¯ MO 63108 US,,7,8,,2,0.71,,gable_family,0.434,,masonry,0.945,,,Negligible to Slight,moderate,0.44
3444,steer,38.6505371909,-90.2811659007,52 Kingsbury Pl åœ£è·¯æ˜“æ–¯ MO 63112 US,,7,8,,2,0.62,,gable_family,0.496,,masonry,0.895,,,Moderate,none,0.6
3445,steer,38.6592680938,-90.2677324618,,,7,8,,2,0.65,,gable_family,0.369,,masonry,0.92,,,Negligible to Slight,none,0.435
3446,steer,38.6715033345,-90.2299718018,,,7,8,,2,0.606,,gable_family,0.461,,masonry,0.96,,,Destruction,moderate,0.445
3447,steer,38.6721596404,-90.2315828544,,,7,8,,2,0.569,,gable_family,0.575,,masonry,0.89,,,Moderate,none,0.64
3448,steer,38.6741071376,-90.2304349288,,,7,8,,2,0.62,,gable_family,0.485,,masonry,0.86,,,Moderate,moderate,0.515
3449,steer,38.6592156004,-90.2673786486,5134 Maple Ave St. Louis MO 63113 US,,7,8,,2,0.7,,gable_family,0.595,,masonry,0.89,,,Negligible to Slight,none,0.565
3450,steer,38.6683450339,-90.232000781,,,7,8,,2,0.555,,gable_family,0.445,,masonry,0.845,,,Very Heavy,none,0.55
3451,steer,38.6551094833,-90.2864561327,5746 Enright Ave åœ£è·¯æ˜“æ–¯ MO 63112 US,,7,8,,2,0.71,,gable_family,0.561,,masonry,0.975,,,Negligible to Slight,moderate,0.445
3452,steer,38.6716496679,-90.23339411,,,6,8,,1,0.585,,gable_family,0.473,,masonry,0.81,,,Moderate,none,0.435
3453,steer,38.6714609061,-90.2330254178,,,6,8,,1,0.515,,gable_family,0.477,,masonry,0.804,,,Moderate,none,0.525
3454,steer,38.6544107651,-90.2855029062,5739 Delmar Blvd åœ£è·¯æ˜“æ–¯ MO 63112 US,,7,8,,2,0.53,,gable_family,0.459,,masonry,0.96,,,Negligible to Slight,none,0.58
3455,steer,38.6497003048,-90.2807010827,5565 Waterman Blvd St. Louis MO 63112 US,,7,8,,2,0.714,,gable_family,0.56,,masonry,0.985,,,Moderate,moderate,0.475
3456,steer,38.6592773231,-90.2678697327,,,7,8,,2,0.661,,gable_family,0.481,,masonry,0.945,,,Negligible to Slight,none,0.515
3457,steer,38.6509689902,-90.2709340158,5226 Washington Pl åœ£è·¯æ˜“æ–¯ MO 63108 US,,7,8,,2,0.855,,gable_family,0.579,,masonry,0.955,,,Negligible to Slight,none,0.52
3458,steer,38.6714049607,-90.2329057041,,,7,8,,2,0.589,,gable_family,0.511,,masonry,0.82,,,Moderate,moderate,0.485
3459,steer,38.6543326417,-90.284649392,5669 Delmar Blvd åœ£è·¯æ˜“æ–¯ MO 63112 US,,7,8,,2,0.468,,gable_family,0.313,,masonry,0.905,,,Negligible to Slight,none,0.455
3460,steer,38.6741438841,-90.2305377572,,,7,8,,2,0.522,,gable_family,0.358,,masonry,0.803,,,Moderate,moderate,0.445
3461,steer,38.6711819319,-90.2324197686,,,7,8,,2,0.552,,gable_family,0.407,,masonry,0.72,,,Very Heavy,moderate,0.48
3462,steer,38.6518607215,-90.2638098541,707 N Kingshighway Blvd St. Louis MO 63108 US,,7,8,,2,0.474,,gable_family,0.307,,masonry,0.855,,,Moderate,none,0.495
3463,steer,38.6735297868,-90.2366950205,,,7,8,,2,0.622,,gable_family,0.477,,masonry,0.86,,,Negligible to Slight,none,0.595
3464,steer,38.6506817686,-90.2823901872,62 Kingsbury Pl åœ£è·¯æ˜“æ–¯ MO 63112 US,,7,8,,2,0.647,,gable_family,0.472,,masonry,0.965,,,Negligible to Slight,none,0.565
3465,steer,38.6596401548,-90.2677362186,5151 Maple Ave St. Louis MO 63113 US,,7,8,,2,0.68,,gable_family,0.503,,masonry,0.885,,,Negligible to Slight,none,0.525
3466,steer,38.6714670971,-90.2319458503,,,7,8,,2,0.603,,gable_family,0.569,,masonry,0.855,,,Moderate,moderate,0.445
3467,steer,38.6685512955,-90.2324701998,,,7,8,,2,0.55,,gable_family,0.483,,masonry,0.824,,,Negligible to Slight,none,0.49
3468,steer,38.6740088808,-90.2312659626,,,7,8,,2,0.536,,gable_family,0.578,,masonry,0.875,,,Moderate,none,0.465
3469,steer,38.6527437803,-90.2651766569,5046 Enright Ave St. Louis MO 63108 US,,7,8,,2,0.575,,gable_family,0.452,,masonry,0.955,,,Negligible to Slight,none,0.575
3470,steer,38.6714568795,-90.2298981362,,,7,8,,2,0.589,,gable_family,0.457,,masonry,0.895,,,Negligible to Slight,moderate,0.515
3471,steer,38.6744274114,-90.2311338511,,,7,8,,2,0.625,,gable_family,0.53,,masonry,0.86,,,Negligible to Slight,none,0.655
3472,steer,38.6499194442,-90.2715532801,5240 Westminster Pl åœ£è·¯æ˜“æ–¯ MO 63108 US,,7,8,,2,0.573,,gable_family,0.483,,masonry,0.908,,,Negligible to Slight,moderate,0.425
3473,steer,38.674757889,-90.2375636562,,,7,8,,2,0.646,,gable_family,0.527,,masonry,0.89,,,Negligible to Slight,none,0.555
3474,steer,38.6715806352,-90.2313547022,,,7,8,,2,0.703,,gable_family,0.518,,masonry,0.845,,,Moderate,moderate,0.46
3475,steer,38.6713006572,-90.2295466449,,,7,8,,2,0.599,,gable_family,0.423,,masonry,0.98,,,Moderate,none,0.555
3476,steer,38.6740697365,-90.2313866668,,,7,8,,2,0.558,,gable_family,0.61,,masonry,0.89,,,Negligible to Slight,none,0.43
3477,steer,38.6699369851,-90.2305572892,,,7,8,,2,0.521,,gable_family,0.476,,masonry,0.895,,,Moderate,none,0.625
3478,steer,38.6526926354,-90.2648902654,5038 Enright Ave St. Louis MO 63108 US,,7,8,,2,0.513,,gable_family,0.473,,masonry,0.77,,,Substantial to Heavy,moderate,0.56
3479,steer,38.6687425414,-90.2323390225,,,7,8,,2,0.45,,gable_family,0.372,,masonry,0.86,,,Moderate,none,0.49
3480,steer,38.6717847543,-90.2327018352,,,7,8,,2,0.588,,gable_family,0.53,,masonry,0.855,,,Moderate,none,0.53
3481,steer,38.6743003068,-90.2320553882,,,7,8,,2,0.555,,gable_family,0.412,,masonry,0.94,,,Substantial to Heavy,none,0.425
3482,steer,38.6713021364,-90.2307202945,,,7,8,,2,0.505,,gable_family,0.429,,masonry,0.855,,,Moderate,none,0.5
3483,steer,38.6700278141,-90.2307979261,,,7,8,,2,0.541,,gable_family,0.6,,masonry,0.91,,,Substantial to Heavy,none,0.42
3484,steer,38.6590672922,-90.2714972019,5253 Vernon Ave St. Louis MO 63113 US,,7,8,,2,0.68,,gable_family,0.386,,masonry,0.94,,,Negligible to Slight,moderate,0.415
3485,steer,38.6707341216,-90.2302998171,,,7,8,,2,0.49,,gable_family,0.462,,masonry,0.93,,,Substantial to Heavy,moderate,0.465
3486,steer,38.6747318753,-90.2318337264,,,7,8,,2,0.49,,gable_family,0.462,,masonry,0.865,,,Moderate,none,0.555
3487,steer,38.6706085269,-90.2311080986,,,7,8,,2,0.705,,gable_family,0.58,,masonry,0.845,,,Negligible to Slight,none,0.67
3488,steer,38.6500639996,-90.2727896607,5272 Westminster Pl åœ£è·¯æ˜“æ–¯ MO 63108 US,,7,8,,2,0.667,,gable_family,0.575,,masonry,0.95,,,Negligible to Slight,none,0.59
3489,steer,38.6695362283,-90.230925785,,,7,8,,2,0.499,,gable_family,0.477,,masonry,0.865,,,Substantial to Heavy,moderate,0.435
3490,steer,38.6712500959,-90.2306508038,,,7,8,,2,0.506,,gable_family,0.526,,masonry,0.85,,,Negligible to Slight,none,0.495
3491,steer,38.6745382404,-90.232476268,,,7,8,,2,0.419,,gable_family,0.395,,masonry,0.915,,,Very Heavy,moderate,0.54
3492,steer,38.6701139741,-90.2309952878,,,7,8,,2,0.696,,gable_family,0.566,,masonry,0.935,,,Negligible to Slight,none,0.53
3493,steer,38.6501095094,-90.2733696803,5290 Westminster Pl åœ£è·¯æ˜“æ–¯ MO 63108 US,,7,8,,2,0.617,,gable_family,0.473,,masonry,0.92,,,Negligible to Slight,moderate,0.485
3494,steer,38.6695726216,-90.2310438086,,,6,8,,1,0.475,,gable_family,0.477,,masonry,0.87,,,Negligible to Slight,none,0.58
3495,steer,38.6736259972,-90.2333040245,,,7,8,,2,0.575,,gable_family,0.524,,masonry,0.95,,,Substantial to Heavy,moderate,0.45
3496,steer,38.6520035659,-90.264560522,5025 Delmar Blvd St. Louis MO 63108 US,,7,8,,2,0.429,,gable_family,0.389,,masonry,0.855,,,Negligible to Slight,none,0.41
3497,steer,38.6701672568,-90.2311047874,,,7,8,,2,0.69,,gable_family,0.453,,masonry,0.9,,,Negligible to Slight,none,0.66
3498,steer,38.6487727397,-90.2722281832,5254 Waterman Blvd åœ£è·¯æ˜“æ–¯ MO 63108 US,,7,8,,2,0.645,,gable_family,0.409,,masonry,0.965,,,Negligible to Slight,none,0.48
3499,steer,38.6737867969,-90.2331819225,,,7,8,,2,0.531,,gable_family,0.357,,masonry,0.915,,,Moderate,moderate,0.485
3500,steer,38.6715226852,-90.2300752418,,,7,8,,2,0.49,,gable_family,0.445,,masonry,0.925,,,Destruction,none,0.49
3501,steer,38.6697033778,-90.2313139514,,,7,8,,2,0.49,,gable_family,0.533,,masonry,0.885,,,Moderate,none,0.465
3502,steer,38.6698838436,-90.2316922826,,,7,8,,2,0.712,,gable_family,0.511,,masonry,0.835,,,Negligible to Slight,none,0.56
3503,steer,38.658145624,-90.2714865462,5249 Raymond Ave St. Louis MO 63113 US,,7,8,,2,0.722,,gable_family,0.537,,masonry,0.85,,,Negligible to Slight,none,0.52
3504,steer,38.6731494372,-90.2328516377,,,7,8,,2,0.63,,gable_family,0.526,,masonry,0.835,,,Moderate,moderate,0.525
3505,steer,38.6521094771,-90.2662402714,5079 Barack Obama Blvd St. Louis MO 63108 US,,7,8,,2,0.648,,gable_family,0.416,,masonry,0.92,,,Substantial to Heavy,moderate,0.46
3506,steer,38.673724612,-90.2381654507,,,7,8,,2,0.545,,gable_family,0.512,,masonry,0.945,,,Negligible to Slight,none,0.565
3507,steer,38.6699136472,-90.2317716207,,,7,8,,2,0.682,,gable_family,0.462,,masonry,0.849,,,Negligible to Slight,none,0.43
3508,steer,38.6562410962,-90.2811158093,5567 Clemens Ave åœ£è·¯æ˜“æ–¯ MO 63112 US,,7,8,,2,0.685,,gable_family,0.511,,masonry,0.975,,,Moderate,none,0.57
3509,steer,38.6731096855,-90.2327166616,,,7,8,,2,0.554,,gable_family,0.473,,masonry,0.855,,,Moderate,moderate,0.51
3510,steer,38.6478597454,-90.2706724044,35 Portland Pl åœ£è·¯æ˜“æ–¯ MO 63108 US,,7,8,,2,0.646,,gable_family,0.462,,masonry,0.965,,,Negligible to Slight,none,0.535
3511,steer,38.6704717247,-90.2316670323,,,7,8,,2,0.57,,gable_family,0.517,,masonry,0.88,,,Negligible to Slight,none,0.47
3512,steer,38.6736430872,-90.2380309189,,,7,8,,2,0.51,,gable_family,0.394,,masonry,0.839,,,Negligible to Slight,none,0.52
3513,steer,38.6534374698,-90.2760191224,5355 Delmar Blvd åœ£è·¯æ˜“æ–¯ MO 63112 US,,7,8,,2,0.595,,gable_family,0.341,,masonry,0.904,,,Negligible to Slight,none,0.57
3514,steer,38.6506106652,-90.2838761266,5660 Kingsbury Ave åœ£è·¯æ˜“æ–¯ MO 63112 US,,7,8,,2,0.557,,gable_family,0.434,,masonry,0.97,,,Negligible to Slight,moderate,0.45
3515,steer,38.6581158572,-90.2698762888,5201 Raymond Ave St. Louis MO 63113 US,,7,8,,2,0.525,,gable_family,0.487,,masonry,0.875,,,Negligible to Slight,none,0.445
3516,steer,38.6703065776,-90.2318083698,,,7,8,,2,0.595,,gable_family,0.483,,masonry,0.875,,,Moderate,none,0.495
3517,steer,38.6746163929,-90.2315751563,,,7,8,,2,0.453,,gable_family,0.452,,masonry,0.87,,,Moderate,none,0.465
3518,steer,38.669774714,-90.2315041005,,,7,8,,2,0.535,,gable_family,0.592,,masonry,0.925,,,Moderate,none,0.42
3519,steer,38.6556492567,-90.2810219472,5560 Clemens Ave åœ£è·¯æ˜“æ–¯ MO 63112 US,,7,8,,2,0.73,,gable_family,0.492,,masonry,0.94,,,Destruction,moderate,0.42
3520,steer,38.6708730306,-90.2306165553,,,7,8,,2,0.435,,gable_family,0.389,,masonry,0.825,,,Substantial to Heavy,moderate,0.415
3521,steer,38.6726283113,-90.2316002972,,,7,8,,2,0.527,,gable_family,0.458,,masonry,0.73,,,Moderate,moderate,0.415
3522,steer,38.6688609662,-90.232603305,,,6,8,,1,0.483,,gable_family,0.423,,masonry,0.755,,,Negligible to Slight,none,0.54
3523,steer,38.673307766,-90.2371132316,,,7,8,,2,0.6,,gable_family,0.422,,masonry,0.875,,,Moderate,none,0.48
3524,steer,38.6482164235,-90.2700304884,422 Lake Ave åœ£è·¯æ˜“æ–¯ MO 63108 US,,7,8,,2,0.657,,gable_family,0.388,,masonry,0.92,,,Negligible to Slight,none,0.46
3525,steer,38.6599984217,-90.271289917,5253 Maple Ave St. Louis MO 63113 US,,7,8,,2,0.615,,gable_family,0.523,,masonry,0.92,,,Negligible to Slight,none,0.55
3526,steer,38.6732899944,-90.2372875465,,,7,8,,2,0.568,,gable_family,0.502,,masonry,0.815,,,Negligible to Slight,moderate,0.475
3527,steer,38.6725873554,-90.2309578329,,,7,8,,2,0.513,,gable_family,0.517,,masonry,0.795,,,Very Heavy,moderate,0.43
3528,steer,38.6599252214,-90.2705501268,5229 Maple Ave St. Louis MO 63113 US,,7,8,,2,0.717,,gable_family,0.488,,masonry,0.94,,,Negligible to Slight,none,0.605
3529,steer,38.670018841,-90.2320894518,,,6,8,,1,0.48,,gable_family,0.399,,masonry,0.845,,,Moderate,none,0.46
3530,steer,38.6584317577,-90.2692969484,5188 Vernon Ave St. Louis MO 63113 US,,7,8,,2,0.633,,gable_family,0.451,,masonry,0.885,,,Negligible to Slight,none,0.55
3531,steer,38.659179293,-90.2669982532,5124 Maple Ave St. Louis MO 63113 US,,7,8,,2,0.71,,gable_family,0.459,,masonry,0.92,,,Negligible to Slight,none,0.61
3532,steer,38.6725679871,-90.2306940078,,,7,8,,2,0.713,,gable_family,0.441,,masonry,0.925,,,Moderate,none,0.655
3533,steer,38.6600518264,-90.266380378,5114 Page Blvd St. Louis MO 63113 US,,7,8,,2,0.508,,gable_family,0.38,,masonry,0.785,,,Negligible to Slight,none,0.46
3534,steer,38.6588998366,-90.2697483818,5201 Vernon Ave St. Louis MO 63113 US,,7,8,,2,0.51,,gable_family,0.427,,masonry,0.875,,,Negligible to Slight,none,0.525
3535,steer,38.6703187316,-90.2327079005,,,7,8,,2,0.55,,gable_family,0.513,,masonry,0.865,,,Moderate,none,0.545
3536,steer,38.6700084423,-90.2319748836,,,7,8,,2,0.443,,gable_family,0.416,,masonry,0.81,,,Negligible to Slight,none,0.615
3537,steer,38.6601720714,-90.2671271806,5136 Page Blvd St. Louis MO 63113 US,,7,6,,2,0.66,,complex_family,0.356,,masonry,0.95,,,Negligible to Slight,none,0.67
3538,steer,38.6736748915,-90.2361676972,4463 Farlin Avenue St. Louis Missouri 63115 United States,,7,8,,2,0.547,,gable_family,0.499,,masonry,0.9,,,Negligible to Slight,moderate,0.495
3539,steer,38.6491273773,-90.269455195,5151 Waterman Blvd åœ£è·¯æ˜“æ–¯ MO 63108 US,,7,8,,2,0.584,,gable_family,0.61,,masonry,0.925,,,Negligible to Slight,none,0.465
3540,steer,38.6487211287,-90.266518585,5069 Waterman Blvd åœ£è·¯æ˜“æ–¯ MO 63108 US,,7,8,,2,0.705,,gable_family,0.566,,masonry,0.92,,,Negligible to Slight,none,0.51
3541,steer,38.6602765751,-90.268678062,5180 Page Blvd St. Louis MO 63113 US,,7,8,,2,0.455,,gable_family,0.431,,masonry,0.815,,,Negligible to Slight,moderate,0.47
3542,steer,38.6726949322,-90.2306535719,,,7,8,,2,0.6,,gable_family,0.431,,masonry,0.875,,,Moderate,moderate,0.48
3543,steer,38.6584244089,-90.2694586702,5192 Vernon Ave St. Louis MO 63113 US,,7,8,,2,0.64,,gable_family,0.524,,masonry,0.96,,,Negligible to Slight,none,0.63
3544,steer,38.6708241156,-90.2305115208,,,7,8,,2,0.555,,gable_family,0.488,,masonry,0.87,,,Substantial to Heavy,none,0.52
3545,steer,38.649538777,-90.2673421055,5092 Westminster Pl åœ£è·¯æ˜“æ–¯ MO 63108 US,,7,8,,2,0.585,,gable_family,0.551,,masonry,0.85,,,Negligible to Slight,none,0.58
3546,steer,38.6720872822,-90.2304502579,,,7,8,,2,0.522,,gable_family,0.375,,masonry,0.92,,,Moderate,moderate,0.525
3547,steer,38.6597610453,-90.2690308496,5189 Maple Ave St. Louis MO 63113 US,,7,8,,2,0.655,,gable_family,0.485,,masonry,0.96,,,Negligible to Slight,none,0.59
3548,steer,38.6583625716,-90.2685733363,5168 Vernon Ave St. Louis MO 63113 US,,7,8,,2,0.683,,gable_family,0.425,,masonry,0.905,,,Negligible to Slight,none,0.525
3549,steer,38.6703830602,-90.2327917035,,,7,8,,2,0.665,,gable_family,0.461,,masonry,0.803,,,Moderate,none,0.575
3550,steer,38.6493514109,-90.2655734378,5044 Westminster Pl åœ£è·¯æ˜“æ–¯ MO 63108 US,,7,8,,2,0.65,,gable_family,0.581,,masonry,0.895,,,Negligible to Slight,none,0.505
3551,steer,38.6726004621,-90.2301122819,,,7,8,,2,0.7,,gable_family,0.536,,masonry,0.905,,,Moderate,moderate,0.47
3552,steer,38.659622501,-90.2713411061,5250 Maple Ave St. Louis MO 63113 US,,7,8,,2,0.67,,gable_family,0.565,,masonry,0.915,,,Negligible to Slight,none,0.45
3553,steer,38.673761677,-90.236333089,,,7,8,,2,0.629,,gable_family,0.472,,masonry,0.948,,,Negligible to Slight,none,0.415
3554,steer,38.6488027539,-90.2674747204,5095 Waterman Blvd åœ£è·¯æ˜“æ–¯ MO 63108 US,,7,8,,2,0.629,,gable_family,0.478,,masonry,0.935,,,Negligible to Slight,none,0.55
3555,steer,38.6744656597,-90.2312295496,,,7,8,,2,0.56,,gable_family,0.498,,masonry,0.845,,,Moderate,none,0.575
3556,steer,38.6595249616,-90.2667627609,5123 Maple Ave St. Louis MO 63113 US,,7,8,,2,0.594,,gable_family,0.458,,masonry,0.85,,,Negligible to Slight,none,0.46
3557,steer,38.659593672,-90.2673660115,5139 Maple Ave St. Louis MO 63113 US,,7,8,,2,0.715,,gable_family,0.482,,masonry,0.93,,,Negligible to Slight,none,0.51
3558,steer,38.6694548746,-90.2339758897,,,7,8,,2,0.485,,gable_family,0.453,,masonry,0.875,,,Moderate,moderate,0.475
3559,steer,38.6591035736,-90.2665044845,5112 Maple Ave St. Louis MO 63113 US,,7,8,,2,0.658,,gable_family,0.421,,masonry,0.945,,,Negligible to Slight,none,0.555
3560,steer,38.6729494865,-90.2298190281,,,7,8,,2,0.479,,gable_family,0.319,,masonry,0.805,,,Very Heavy,moderate,0.555
3561,steer,38.6706709586,-90.2313278656,,,7,8,,2,0.563,,gable_family,0.502,,masonry,0.8,,,Moderate,none,0.615
3562,steer,38.6596428488,-90.2716772639,5260 Maple Ave St. Louis MO 63113 US,,7,8,,2,0.675,,gable_family,0.52,,masonry,0.925,,,Negligible to Slight,none,0.525
3563,steer,38.6706002799,-90.2333062836,,,7,8,,2,0.6,,gable_family,0.498,,masonry,0.84,,,Moderate,none,0.42
3564,steer,38.659524916,-90.2706402019,5228 Maple Ave St. Louis MO 63113 US,,7,8,,2,0.704,,gable_family,0.502,,masonry,0.925,,,Negligible to Slight,none,0.49
3565,steer,38.6582718172,-90.2677040761,5142 Vernon Ave St. Louis MO 63113 US,,7,8,,2,0.739,,gable_family,0.356,,masonry,0.88,,,Negligible to Slight,moderate,0.47
3566,steer,38.6723495846,-90.2296416696,,,7,8,,2,0.542,,gable_family,0.413,,masonry,0.815,,,Moderate,none,0.52
3567,steer,38.6497460233,-90.2649944639,5027 Westminster Pl åœ£è·¯æ˜“æ–¯ MO 63108 US,,7,8,,2,0.577,,gable_family,0.453,,masonry,0.895,,,Negligible to Slight,none,0.43
3568,steer,38.6710479999,-90.2330886897,,,6,8,,1,0.47,,gable_family,0.432,,masonry,0.805,,,Moderate,none,0.42
3569,steer,38.6595003402,-90.2703975915,5220 Maple Ave St. Louis MO 63113 US,,7,8,,2,0.836,,gable_family,0.592,,masonry,0.964,,,Negligible to Slight,none,0.545
3570,steer,38.6582543384,-90.2675365693,5136 Vernon Ave St. Louis MO 63113 US,,7,8,,2,0.75,,gable_family,0.516,,masonry,0.89,,,Negligible to Slight,none,0.55
3571,steer,38.6588053069,-90.2691641514,5189 Vernon Ave St. Louis MO 63113 US,,7,8,,2,0.558,,gable_family,0.427,,masonry,0.91,,,Negligible to Slight,none,0.655
3572,steer,38.6719623032,-90.2301290312,,,7,8,,2,0.515,,gable_family,0.442,,masonry,0.79,,,Substantial to Heavy,moderate,0.475
3573,steer,38.659493131,-90.270263995,5218 Maple Ave St. Louis MO 63113 US,,7,8,,2,0.833,,gable_family,0.561,,masonry,0.88,,,Negligible to Slight,none,0.585
3574,steer,38.6707560059,-90.2334863867,,,7,8,,2,0.509,,gable_family,0.393,,masonry,0.945,,,Moderate,none,0.575
3575,steer,38.6694025592,-90.2338408124,,,7,8,,2,0.549,,gable_family,0.477,,masonry,0.91,,,Substantial to Heavy,moderate,0.43
3576,steer,38.6587969117,-90.2690495086,5185 Vernon Ave St. Louis MO 63113 US,,7,8,,2,0.606,,gable_family,0.428,,masonry,0.915,,,Negligible to Slight,none,0.55
3577,steer,38.672565263,-90.2290570807,,,7,8,,2,0.625,,gable_family,0.507,,masonry,0.843,,,Very Heavy,moderate,0.5
3578,steer,38.6720128545,-90.2344937266,,,7,8,,2,0.467,,gable_family,0.392,,masonry,0.81,,,Substantial to Heavy,moderate,0.505
3579,steer,38.6735753882,-90.2360328159,,,7,8,,2,0.587,,gable_family,0.352,,masonry,0.895,,,Negligible to Slight,none,0.615
3580,steer,38.6587950825,-90.2689318318,5181 Vernon Ave St. Louis MO 63113 US,,7,6,,2,0.535,,complex_family,0.346,,masonry,0.895,,,Negligible to Slight,none,0.47
3581,steer,38.6710057452,-90.2300091951,,,7,8,,2,0.545,,gable_family,0.517,,masonry,0.935,,,Negligible to Slight,none,0.48
3582,steer,38.6718555193,-90.2298687846,,,7,8,,2,0.63,,gable_family,0.468,,masonry,0.96,,,Moderate,none,0.525
3583,steer,38.6730853782,-90.2368394595,,,7,8,,2,0.556,,gable_family,0.345,,masonry,0.875,,,Negligible to Slight,moderate,0.44
3584,steer,38.6504194451,-90.2710686919,5227 Westminster Pl åœ£è·¯æ˜“æ–¯ MO 63108 US,,7,8,,2,0.52,,gable_family,0.578,,masonry,0.76,,,Negligible to Slight,none,0.415
3585,steer,38.6498241214,-90.2656182702,5045 Westminster Pl åœ£è·¯æ˜“æ–¯ MO 63108 US,,7,8,,2,0.564,,gable_family,0.388,,masonry,0.844,,,Negligible to Slight,none,0.635
3586,steer,38.6718636557,-90.2339892789,,,7,8,,2,0.647,,gable_family,0.398,,masonry,0.96,,,Substantial to Heavy,moderate,0.36
3587,steer,38.6724949036,-90.2288924727,,,7,8,,2,0.54,,gable_family,0.392,,masonry,0.83,,,Destruction,moderate,0.44
3588,steer,38.6499146561,-90.2667618152,5077 Westminster Pl åœ£è·¯æ˜“æ–¯ MO 63108 US,,7,8,,2,0.605,,gable_family,0.562,,masonry,0.87,,,Negligible to Slight,none,0.58
3589,steer,38.6504460915,-90.2714518193,5239 Westminster Pl åœ£è·¯æ˜“æ–¯ MO 63108 US,,7,8,,2,0.55,,gable_family,0.437,,masonry,0.925,,,Negligible to Slight,none,0.485
3590,steer,38.6718338953,-90.2297846553,,,7,8,,2,0.606,,gable_family,0.437,,masonry,0.94,,,Negligible to Slight,none,0.555
3591,steer,38.6593386025,-90.2685825094,,,7,8,,2,0.609,,gable_family,0.482,,masonry,0.875,,,Negligible to Slight,none,0.455
3592,steer,38.658767398,-90.2686718914,5173 Vernon Ave St. Louis MO 63113 US,,7,8,,2,0.655,,gable_family,0.463,,masonry,0.855,,,Negligible to Slight,none,0.545
3593,steer,38.6586734649,-90.2676376233,5143 Vernon Ave St. Louis MO 63113 US,,7,8,,2,0.645,,gable_family,0.414,,masonry,0.889,,,Negligible to Slight,moderate,0.44
3594,steer,38.6717278318,-90.2295722398,,,7,6,,2,0.511,,complex_family,0.339,,masonry,0.915,,,Moderate,none,0.43
3595,steer,38.6580170643,-90.2701333381,5205 Raymond Ave St. Louis MO 63113 US,,7,8,,2,0.655,,gable_family,0.472,,masonry,0.943,,,Moderate,none,0.55
3596,steer,38.6721262698,-90.2328976056,,,7,8,,2,0.798,,gable_family,0.682,,masonry,0.955,,,Destruction,moderate,0.49
3597,steer,38.6506352128,-90.2673544607,5096 Washington Pl åœ£è·¯æ˜“æ–¯ MO 63108 US,,7,8,,2,0.677,,gable_family,0.471,,masonry,0.965,,,Negligible to Slight,none,0.585
3598,steer,38.650440233,-90.2656045972,5046 Washington Pl åœ£è·¯æ˜“æ–¯ MO 63108 US,,7,8,,2,0.85,,gable_family,0.525,,masonry,0.945,,,Negligible to Slight,none,0.495
3599,steer,38.6716532637,-90.2293824952,,,7,8,,2,0.516,,gable_family,0.424,,masonry,0.935,,,Negligible to Slight,moderate,0.475
3600,steer,38.649892528,-90.271157237,5228 Westminster Pl åœ£è·¯æ˜“æ–¯ MO 63108 US,,7,8,,2,0.77,,gable_family,0.522,,masonry,0.955,,,Substantial to Heavy,none,0.525
3601,steer,38.6730219433,-90.2366128535,,,7,8,,2,0.573,,gable_family,0.424,,masonry,0.838,,,Negligible to Slight,none,0.505
3602,steer,38.6703545789,-90.2338204617,,,7,8,,2,0.527,,gable_family,0.457,,masonry,0.955,,,Moderate,none,0.51
3603,steer,38.6592327062,-90.267498479,5142 Maple Ave St. Louis MO 63113 US,,7,8,,2,0.69,,gable_family,0.388,,masonry,0.94,,,Negligible to Slight,none,0.545
3604,steer,38.6723822289,-90.2321449388,,,7,8,,2,0.538,,gable_family,0.51,,masonry,0.75,,,Moderate,moderate,0.475
3605,steer,38.6705122836,-90.235335762,,,7,6,,2,0.46,,complex_family,0.45,,masonry,0.945,,,Moderate,none,0.615
3606,steer,38.6497493543,-90.2644308683,507 N Kingshighway Blvd åœ£è·¯æ˜“æ–¯ MO 63108 US,,7,6,,2,0.51,,complex_family,0.333,,masonry,0.905,,,Negligible to Slight,none,0.465
3607,steer,38.6489548611,-90.2688844258,5133 Waterman Blvd åœ£è·¯æ˜“æ–¯ MO 63108 US,,7,8,,2,0.6,,gable_family,0.399,,masonry,0.985,,,Moderate,none,0.43
3608,steer,38.6592018504,-90.2672578076,5130 Maple Ave St. Louis MO 63113 US,,7,8,,2,0.766,,gable_family,0.611,,masonry,0.885,,,Negligible to Slight,none,0.49
3609,steer,38.6720280276,-90.2324104518,,,7,8,,2,0.579,,gable_family,0.513,,masonry,0.895,,,Moderate,moderate,0.455
3610,steer,38.6499986161,-90.267408414,5097 Westminster Pl åœ£è·¯æ˜“æ–¯ MO 63108 US,,7,8,,2,0.59,,gable_family,0.61,,masonry,0.91,,,Negligible to Slight,moderate,0.43
3611,steer,38.6581688045,-90.2668191423,5118 Vernon Ave St. Louis MO 63113 US,,7,8,,2,0.685,,gable_family,0.427,,masonry,0.875,,,Negligible to Slight,none,0.5
3612,steer,38.6527538238,-90.2652637366,5048 Enright Ave St. Louis MO 63108 US,,7,8,,2,0.618,,gable_family,0.528,,masonry,0.975,,,Negligible to Slight,none,0.6
3613,steer,38.6502089347,-90.2643297042,5000 Washington Pl åœ£è·¯æ˜“æ–¯ MO 63108 US,,7,6,,2,0.44,,complex_family,0.345,,masonry,0.91,,,Negligible to Slight,none,0.685
3614,steer,38.6586083225,-90.2669295569,5123 Vernon Ave St. Louis MO 63113 US,,7,8,,2,0.715,,gable_family,0.413,,masonry,0.905,,,Negligible to Slight,none,0.685
3615,steer,38.6591942894,-90.2671249126,5128 Maple Ave St. Louis MO 63113 US,,7,8,,2,0.695,,gable_family,0.467,,masonry,0.9,,,Negligible to Slight,none,0.51
3616,steer,38.6581531662,-90.2665292282,5108 Vernon Ave St. Louis MO 63113 US,,7,8,,2,0.708,,gable_family,0.562,,masonry,0.945,,,Negligible to Slight,none,0.595
3617,steer,38.6717206942,-90.2305215289,,,7,8,,2,0.568,,gable_family,0.369,,masonry,0.965,,,Moderate,moderate,0.555
3618,steer,38.6702746155,-90.2302762611,,,7,8,,2,0.438,,gable_family,0.389,,masonry,0.87,,,Substantial to Heavy,none,0.52
3619,steer,38.6500853104,-90.268302246,5123 Westminster Pl åœ£è·¯æ˜“æ–¯ MO 63108 US,,7,8,,2,0.524,,gable_family,0.588,,masonry,0.9,,,Negligible to Slight,none,0.535
3620,steer,38.6712407199,-90.2305627724,,,7,8,,2,0.46,,gable_family,0.485,,masonry,0.83,,,Moderate,moderate,0.435
3621,steer,38.6702427911,-90.2336237381,,,7,8,,2,0.609,,gable_family,0.498,,masonry,0.88,,,Negligible to Slight,none,0.605
3622,steer,38.6496100966,-90.2678672128,5106 Westminster Pl åœ£è·¯æ˜“æ–¯ MO 63108 US,,7,8,,2,0.623,,gable_family,0.659,,masonry,0.869,,,Moderate,none,0.465
3623,steer,38.6739958726,-90.238656445,,,7,8,,2,0.49,,gable_family,0.527,,masonry,0.895,,,Negligible to Slight,none,0.495
3624,steer,38.6716557652,-90.2303687725,,,7,8,,2,0.566,,gable_family,0.432,,masonry,0.9,,,Substantial to Heavy,moderate,0.445
3625,steer,38.6501162761,-90.268839891,5139 Westminster Pl åœ£è·¯æ˜“æ–¯ MO 63108 US,,7,8,,2,0.573,,gable_family,0.433,,masonry,0.96,,,Negligible to Slight,moderate,0.46
3626,steer,38.6585679604,-90.2665938083,5111 Vernon Ave St. Louis MO 63113 US,,7,8,,2,0.56,,gable_family,0.418,,masonry,0.935,,,Negligible to Slight,none,0.505
3627,steer,38.6696151539,-90.2311277365,,,6,8,,1,0.522,,gable_family,0.477,,masonry,0.86,,,Moderate,none,0.45
3628,steer,38.6741605875,-90.2361516851,,,7,8,,2,0.533,,gable_family,0.556,,masonry,0.895,,,Negligible to Slight,none,0.485
3629,steer,38.6732415651,-90.2360135322,,,7,8,,2,0.615,,gable_family,0.517,,masonry,0.875,,,Negligible to Slight,moderate,0.495
3630,steer,38.669766231,-90.23374931,,,7,8,,2,0.472,,gable_family,0.438,,masonry,0.885,,,Substantial to Heavy,none,0.51
3631,steer,38.6711878666,-90.2304247945,,,6,8,,1,0.445,,gable_family,0.389,,masonry,0.845,,,Moderate,moderate,0.55
3632,steer,38.6700826325,-90.2309002132,,,7,8,,2,0.542,,gable_family,0.452,,masonry,0.97,,,Negligible to Slight,none,0.59
3633,steer,38.6500668979,-90.2679910047,5115 Westminster Pl åœ£è·¯æ˜“æ–¯ MO 63108 US,,7,8,,2,0.49,,gable_family,0.464,,masonry,0.87,,,Negligible to Slight,none,0.585
3634,steer,38.6711314228,-90.2303479316,,,6,8,,1,0.44,,gable_family,0.414,,masonry,0.865,,,Negligible to Slight,none,0.5
3635,steer,38.6696690364,-90.2312175655,,,7,8,,2,0.66,,gable_family,0.512,,masonry,0.78,,,Substantial to Heavy,none,0.445
3636,steer,38.6696734359,-90.2335434576,,,7,8,,2,0.489,,gable_family,0.364,,masonry,0.85,,,Substantial to Heavy,none,0.42
3637,steer,38.6592044475,-90.2720225999,5269 Vernon Ave St. Louis MO 63113 US,,7,8,,2,0.545,,gable_family,0.431,,masonry,0.9,,,Substantial to Heavy,moderate,0.42
3638,steer,38.6699592874,-90.2340853414,,,7,8,,2,0.511,,gable_family,0.333,,masonry,0.905,,,Substantial to Heavy,moderate,0.42
3639,steer,38.6559212272,-90.2827011542,5620 Clemens Ave åœ£è·¯æ˜“æ–¯ MO 63112 US,,7,8,,2,0.645,,gable_family,0.529,,masonry,0.975,,,Negligible to Slight,none,0.635
3640,steer,38.6507985079,-90.2690655443,5148 Washington Pl åœ£è·¯æ˜“æ–¯ MO 63108 US,,7,8,,2,0.665,,gable_family,0.482,,masonry,0.879,,,Negligible to Slight,none,0.6
3641,steer,38.6484403213,-90.2695972277,5150 Waterman Blvd åœ£è·¯æ˜“æ–¯ MO 63108 US,,7,8,,2,0.697,,gable_family,0.512,,masonry,0.95,,,Negligible to Slight,none,0.495
3642,steer,38.6585230836,-90.2662555513,5103 Vernon Ave St. Louis MO 63113 US,,7,8,,2,0.635,,gable_family,0.438,,masonry,0.945,,,Negligible to Slight,none,0.445
3643,steer,38.6559429101,-90.2829478212,5628 Clemens Ave åœ£è·¯æ˜“æ–¯ MO 63112 US,,7,8,,2,0.65,,gable_family,0.511,,masonry,0.895,,,Negligible to Slight,none,0.575
3644,steer,38.657743945,-90.2675956649,5139 Raymond Ave St. Louis MO 63113 US,,7,8,,2,0.743,,gable_family,0.526,,masonry,0.915,,,Negligible to Slight,none,0.485
3645,steer,38.6698443829,-90.2315873727,,,7,8,,2,0.792,,gable_family,0.635,,masonry,0.88,,,Moderate,none,0.53
3646,steer,38.670050026,-90.2330883028,,,7,8,,2,0.64,,gable_family,0.522,,masonry,0.88,,,Substantial to Heavy,none,0.605
3647,steer,38.6559565189,-90.2831869454,5630 Clemens Ave åœ£è·¯æ˜“æ–¯ MO 63112 US,,7,8,,2,0.622,,gable_family,0.458,,masonry,0.945,,,Negligible to Slight,none,0.56
3648,steer,38.6507173919,-90.2684893928,5130 Washington Pl åœ£è·¯æ˜“æ–¯ MO 63108 US,,7,8,,2,0.657,,gable_family,0.465,,masonry,0.94,,,Negligible to Slight,none,0.545
3649,steer,38.648488531,-90.2700880917,5166 Waterman Blvd åœ£è·¯æ˜“æ–¯ MO 63108 US,,7,8,,2,0.635,,gable_family,0.442,,masonry,0.97,,,Negligible to Slight,none,0.515
3650,steer,38.6500202691,-90.2721552199,5256 Westminster Pl åœ£è·¯æ˜“æ–¯ MO 63108 US,,7,8,,2,0.635,,gable_family,0.445,,masonry,0.922,,,Moderate,moderate,0.51
3651,steer,38.6705338373,-90.230952625,,,7,8,,2,0.65,,gable_family,0.452,,masonry,0.81,,,Negligible to Slight,none,0.575
3652,steer,38.6604806202,-90.2705764083,5254 Page Blvd St. Louis MO 63113 US,,7,8,,2,0.45,,gable_family,0.436,,masonry,0.768,,,Moderate,none,0.54
3653,steer,38.6521391979,-90.2637819233,5001 Delmar Blvd St. Louis MO 63108 US,,7,8,,2,0.448,,gable_family,0.309,,masonry,0.93,,,Moderate,none,0.5
3654,steer,38.6586962012,-90.2678026503,5147 Vernon Ave St. Louis MO 63113 US,,7,8,,2,0.698,,gable_family,0.471,,masonry,0.875,,,Negligible to Slight,none,0.525
3655,steer,38.6703170232,-90.2314483672,,,6,8,,1,0.459,,gable_family,0.462,,masonry,0.91,,,Moderate,none,0.495
3656,steer,38.6573227938,-90.2671376608,5122 Raymond Ave St. Louis MO 63113 US,,7,6,,2,0.619,,complex_family,0.347,,masonry,0.92,,,Negligible to Slight,none,0.46
3657,steer,38.6696161999,-90.2334038483,,,7,8,,2,0.561,,gable_family,0.457,,masonry,0.915,,,Substantial to Heavy,moderate,0.49
3658,steer,38.6744679466,-90.2368922013,,,7,8,,2,0.603,,gable_family,0.512,,masonry,0.895,,,Negligible to Slight,none,0.53
3659,steer,38.654045325,-90.27809885,5455 Delmar Blvd åœ£è·¯æ˜“æ–¯ MO 63112 US,,7,8,,2,0.468,,gable_family,0.396,,masonry,0.954,,,Negligible to Slight,none,0.47
3660,steer,38.6597324787,-90.2686510476,5177 Maple Ave St. Louis MO 63113 US,,7,8,,2,0.622,,gable_family,0.452,,masonry,0.87,,,Moderate,none,0.54
3661,steer,38.6502012518,-90.2695337531,5159 Westminster Pl åœ£è·¯æ˜“æ–¯ MO 63108 US,,7,8,,2,0.485,,gable_family,0.462,,masonry,0.878,,,Negligible to Slight,none,0.495
3662,steer,38.6699444091,-90.2318850544,,,7,8,,2,0.544,,gable_family,0.5,,masonry,0.88,,,Negligible to Slight,none,0.565
3663,steer,38.6558176099,-90.2793223113,5514 Clemens Ave åœ£è·¯æ˜“æ–¯ MO 63112 US,,7,8,,2,0.765,,gable_family,0.554,,masonry,0.98,,,Negligible to Slight,none,0.615
3664,steer,38.6573439173,-90.2678399099,5142 Raymond Ave St. Louis MO 63113 US,,7,8,,2,0.597,,gable_family,0.491,,masonry,0.935,,,Negligible to Slight,none,0.535
3665,steer,38.6493429611,-90.2654652817,5044 Westminster Pl åœ£è·¯æ˜“æ–¯ MO 63108 US,,7,8,,2,0.644,,gable_family,0.558,,masonry,0.92,,,Negligible to Slight,none,0.665
3666,steer,38.6694979283,-90.2331264468,,,7,8,,2,0.553,,gable_family,0.502,,masonry,0.89,,,Substantial to Heavy,none,0.535
3667,steer,38.6545102944,-90.281302385,5560 Enright Ave åœ£è·¯æ˜“æ–¯ MO 63112 US,,7,8,,2,0.518,,gable_family,0.343,,masonry,0.93,,,Negligible to Slight,moderate,0.45
3668,steer,38.6618456597,-90.2356301175,,,7,8,,2,0.57,,gable_family,0.511,,masonry,0.95,,,Moderate,moderate,0.515
3669,steer,38.6506138266,-90.2669969784,5088 Washington Pl åœ£è·¯æ˜“æ–¯ MO 63108 US,,7,6,,2,0.555,,complex_family,0.376,,masonry,0.89,,,Negligible to Slight,none,0.46
3670,steer,38.6709466331,-90.2307767864,,,7,8,,2,0.528,,gable_family,0.492,,masonry,0.85,,,Moderate,none,0.545
3671,steer,38.6698517003,-90.232700376,,,6,8,,1,0.495,,gable_family,0.433,,masonry,0.835,,,Substantial to Heavy,moderate,0.415
3672,steer,38.6600185543,-90.2716008294,5259 Maple Ave St. Louis MO 63113 US,,7,8,,2,0.727,,gable_family,0.575,,masonry,0.97,,,Negligible to Slight,none,0.48
3673,steer,38.649412283,-90.2660914328,5056 Westminster Pl åœ£è·¯æ˜“æ–¯ MO 63108 US,,7,8,,2,0.78,,gable_family,0.673,,masonry,0.95,,,Negligible to Slight,none,0.605
3674,steer,38.6574064065,-90.2681946623,5152 Raymond Ave St. Louis MO 63113 US,,7,8,,2,0.68,,gable_family,0.478,,masonry,0.885,,,Negligible to Slight,none,0.655
3675,steer,38.6709077236,-90.2307022977,,,7,8,,2,0.483,,gable_family,0.359,,masonry,0.815,,,Moderate,moderate,0.475
3676,steer,38.6494352557,-90.2664448784,5066 Westminster Pl åœ£è·¯æ˜“æ–¯ MO 63108 US,,7,8,,2,0.529,,gable_family,0.449,,masonry,0.81,,,Negligible to Slight,moderate,0.42
3677,steer,38.6599885777,-90.2711707637,5249 Maple Ave St. Louis MO 63113 US,,7,8,,2,0.725,,gable_family,0.542,,masonry,0.94,,,Negligible to Slight,none,0.515
3678,steer,38.6499644527,-90.2719722662,5250 Westminster Pl åœ£è·¯æ˜“æ–¯ MO 63108 US,,7,8,,2,0.543,,gable_family,0.377,,masonry,0.94,,,Substantial to Heavy,moderate,0.485
3679,steer,38.6701497051,-90.2323374028,,,6,8,,1,0.465,,gable_family,0.394,,masonry,0.78,,,Negligible to Slight,none,0.475
3680,steer,38.6696052963,-90.2321509838,,,7,8,,2,0.595,,gable_family,0.582,,masonry,0.89,,,Negligible to Slight,none,0.63
3681,steer,38.6599595925,-90.2709295051,5241 Maple Ave St. Louis MO 63113 US,,7,8,,2,0.741,,gable_family,0.538,,masonry,0.975,,,Negligible to Slight,none,0.565
3682,steer,38.6495296066,-90.267517004,5098 Westminster Pl åœ£è·¯æ˜“æ–¯ MO 63108 US,,7,8,,2,0.62,,gable_family,0.628,,masonry,0.89,,,Negligible to Slight,none,0.57
3683,steer,38.6732805179,-90.2372788964,,,7,8,,2,0.563,,gable_family,0.547,,masonry,0.825,,,Negligible to Slight,none,0.47
3684,steer,38.6694518963,-90.2317700093,,,6,8,,1,0.48,,gable_family,0.593,,masonry,0.945,,,Moderate,none,0.655
3685,steer,38.6617766273,-90.2355372931,,,7,8,,2,0.593,,gable_family,0.42,,masonry,0.935,,,Moderate,moderate,0.535
3686,steer,38.6599253548,-90.2706803436,5233 Maple Ave St. Louis MO 63113 US,,7,8,,2,0.67,,gable_family,0.541,,masonry,0.955,,,Negligible to Slight,none,0.555
3687,steer,38.6702532079,-90.2325064791,,,7,8,,2,0.579,,gable_family,0.483,,masonry,0.885,,,Moderate,none,0.47
3688,steer,38.6696444198,-90.2322367411,,,7,8,,2,0.526,,gable_family,0.508,,masonry,0.935,,,Negligible to Slight,none,0.615
3689,steer,38.6617210684,-90.2354221745,,,7,8,,2,0.645,,gable_family,0.552,,masonry,0.95,,,Moderate,moderate,0.47
3690,steer,38.6489780626,-90.2690599096,5137 Waterman Blvd åœ£è·¯æ˜“æ–¯ MO 63108 US,,7,8,,2,0.62,,gable_family,0.368,,masonry,0.945,,,Negligible to Slight,none,0.405
3691,steer,38.6599106944,-90.2702735454,5221 Maple Ave St. Louis MO 63113 US,,7,8,,2,0.749,,gable_family,0.477,,masonry,0.945,,,Negligible to Slight,none,0.515
3692,steer,38.650629986,-90.2675109004,5100 Washington Pl åœ£è·¯æ˜“æ–¯ MO 63108 US,,7,8,,2,0.735,,gable_family,0.43,,masonry,0.925,,,Negligible to Slight,none,0.465
3693,steer,38.6487643282,-90.2671087577,5083 Waterman Blvd åœ£è·¯æ˜“æ–¯ MO 63108 US,,7,8,,2,0.73,,gable_family,0.493,,masonry,0.905,,,Negligible to Slight,none,0.545
3694,steer,38.6608457829,-90.2350190662,,,7,8,,2,0.62,,gable_family,0.353,,masonry,0.859,,,Negligible to Slight,none,0.55
3695,steer,38.6598588997,-90.2699106651,5211 Maple Ave St. Louis MO 63113 US,,7,8,,2,0.82,,gable_family,0.523,,masonry,0.955,,,Negligible to Slight,none,0.51
3696,steer,38.6506610129,-90.2676767729,5108 Washington Pl åœ£è·¯æ˜“æ–¯ MO 63108 US,,7,8,,2,0.614,,gable_family,0.452,,masonry,0.918,,,Negligible to Slight,none,0.52
3697,steer,38.6505701601,-90.2666137014,5078 Washington Pl åœ£è·¯æ˜“æ–¯ MO 63108 US,,7,8,,2,0.685,,gable_family,0.442,,masonry,0.95,,,Negligible to Slight,none,0.5
3698,steer,38.6605774883,-90.2711983938,5272 Page Blvd St. Louis MO 63113 US,,7,8,,2,0.755,,gable_family,0.509,,masonry,0.935,,,Negligible to Slight,moderate,0.455
3699,steer,38.6735791085,-90.2359276632,,,7,8,,2,0.607,,gable_family,0.384,,masonry,0.925,,,Negligible to Slight,none,0.56
3700,steer,38.6704198868,-90.2329063814,,,7,8,,2,0.529,,gable_family,0.514,,masonry,0.845,,,Negligible to Slight,none,0.54
3701,steer,38.6495958037,-90.2680631371,5112 Westminster Pl åœ£è·¯æ˜“æ–¯ MO 63108 US,,7,8,,2,0.603,,gable_family,0.557,,masonry,0.88,,,Negligible to Slight,none,0.465
3702,steer,38.66009032,-90.2666969968,5122 Page Blvd St. Louis MO 63113 US,,7,8,,2,0.522,,gable_family,0.369,,masonry,0.88,,,Negligible to Slight,none,0.495
3703,steer,38.6687480337,-90.2313763382,,,7,8,,2,0.475,,gable_family,0.462,,masonry,0.848,,,Moderate,none,0.455
3704,steer,38.6499813954,-90.2672652171,5095 Westminster Pl åœ£è·¯æ˜“æ–¯ MO 63108 US,,7,8,,2,0.63,,gable_family,0.565,,masonry,0.94,,,Negligible to Slight,none,0.47
3705,steer,38.6609919573,-90.2343368121,,,7,8,,2,0.488,,gable_family,0.404,,masonry,0.905,,,Negligible to Slight,none,0.475
3706,steer,38.6601341528,-90.2670002241,5132 Page Blvd St. Louis MO 63113 US,,7,8,,2,0.635,,gable_family,0.459,,masonry,0.925,,,Negligible to Slight,none,0.47
3707,steer,38.6693656891,-90.2315862113,,,6,8,,1,0.495,,gable_family,0.548,,masonry,0.84,,,Moderate,none,0.585
3708,steer,38.6682628464,-90.2318158236,,,6,8,,1,0.49,,gable_family,0.373,,masonry,0.79,,,Very Heavy,moderate,0.405
3709,steer,38.6499055873,-90.2665185207,5071 Westminster Pl åœ£è·¯æ˜“æ–¯ MO 63108 US,,7,8,,2,0.56,,gable_family,0.569,,masonry,0.82,,,Negligible to Slight,none,0.46
3710,steer,38.6602283345,-90.2678386717,5156 Page Blvd St. Louis MO 63113 US,,7,8,,2,0.645,,gable_family,0.536,,masonry,0.905,,,Negligible to Slight,none,0.47
3711,steer,38.6730799006,-90.2357071418,,,7,8,,2,0.667,,gable_family,0.372,,masonry,0.945,,,Negligible to Slight,none,0.41
3712,steer,38.6496894635,-90.2687978961,5136 Westminster Pl åœ£è·¯æ˜“æ–¯ MO 63108 US,,7,8,,2,0.544,,gable_family,0.542,,masonry,0.94,,,Negligible to Slight,none,0.52
3713,steer,38.6706405498,-90.233437134,,,7,8,,2,0.67,,gable_family,0.527,,masonry,0.905,,,Moderate,none,0.44
3714,steer,38.6602758209,-90.2683448517,5170 Page Blvd St. Louis MO 63113 US,,7,8,,2,0.605,,gable_family,0.483,,masonry,0.97,,,Negligible to Slight,none,0.5
3715,steer,38.6728814995,-90.2364313737,,,7,8,,2,0.555,,gable_family,0.496,,masonry,0.94,,,Negligible to Slight,none,0.45
3716,steer,38.6597049296,-90.2683480283,5169 Maple Ave St. Louis MO 63113 US,,7,8,,2,0.711,,gable_family,0.434,,masonry,0.905,,,Negligible to Slight,none,0.49
3717,steer,38.6497358301,-90.2692749466,5148 Westminster Pl åœ£è·¯æ˜“æ–¯ MO 63108 US,,7,8,,2,0.549,,gable_family,0.523,,masonry,0.94,,,Negligible to Slight,none,0.485
3718,steer,38.6626380482,-90.2347245215,,,7,8,,2,0.63,,gable_family,0.442,,masonry,0.945,,,Negligible to Slight,none,0.505
3719,steer,38.6710968786,-90.2332864355,,,7,8,,2,0.535,,gable_family,0.409,,masonry,0.93,,,Substantial to Heavy,moderate,0.425
3720,steer,38.659035062,-90.2712513274,5247 Vernon Ave St. Louis MO 63113 US,,7,8,,2,0.648,,gable_family,0.495,,masonry,0.93,,,Negligible to Slight,none,0.535
3721,steer,38.659663616,-90.2680748747,5161 Maple Ave St. Louis MO 63113 US,,7,8,,2,0.677,,gable_family,0.596,,masonry,0.9,,,Negligible to Slight,none,0.495
3722,steer,38.6688372733,-90.231604279,,,7,8,,2,0.478,,gable_family,0.5,,masonry,0.74,,,Negligible to Slight,none,0.535
3723,steer,38.6499460061,-90.2717183727,5244 Westminster Pl åœ£è·¯æ˜“æ–¯ MO 63108 US,,7,8,,2,0.737,,gable_family,0.539,,masonry,0.954,,,Negligible to Slight,none,0.555
3724,steer,38.6627388307,-90.2349715292,,,7,8,,2,0.587,,gable_family,0.467,,masonry,0.97,,,Substantial to Heavy,none,0.515
3725,steer,38.6731862337,-90.2369618099,,,7,8,,2,0.64,,gable_family,0.469,,masonry,0.9,,,Negligible to Slight,moderate,0.435
3726,steer,38.6596332365,-90.2714579381,5254 Maple Ave St. Louis MO 63113 US,,7,8,,2,0.645,,gable_family,0.463,,masonry,0.905,,,Negligible to Slight,moderate,0.425
3727,steer,38.6490841983,-90.2697110859,5165 Waterman Blvd åœ£è·¯æ˜“æ–¯ MO 63108 US,,7,8,,2,0.637,,gable_family,0.462,,masonry,0.915,,,Negligible to Slight,moderate,0.41
3728,steer,38.650483954,-90.2717004425,5247 Westminster Pl åœ£è·¯æ˜“æ–¯ MO 63108 US,,7,8,,2,0.565,,gable_family,0.491,,masonry,0.885,,,Negligible to Slight,none,0.445
3729,steer,38.6630515851,-90.2356526432,,,7,8,,2,0.605,,gable_family,0.462,,masonry,0.89,,,Negligible to Slight,none,0.545
3730,steer,38.6708238876,-90.2339279001,,,7,8,,2,0.706,,gable_family,0.527,,masonry,0.91,,,Moderate,none,0.555
3731,steer,38.6494496435,-90.2705639673,5209 Waterman Blvd åœ£è·¯æ˜“æ–¯ MO 63108 US,,7,6,,2,0.598,,complex_family,0.355,,masonry,0.965,,,Negligible to Slight,none,0.61
3732,steer,38.6708919569,-90.2354300937,,,7,8,,2,0.567,,gable_family,0.397,,masonry,0.935,,,Destruction,moderate,0.405
3733,steer,38.6596584242,-90.2717913624,5262 Maple Ave St. Louis MO 63113 US,,7,8,,2,0.773,,gable_family,0.574,,masonry,0.95,,,Negligible to Slight,none,0.535
3734,steer,38.6751299891,-90.2384482572,,,7,8,,2,0.539,,gable_family,0.613,,masonry,0.945,,,Negligible to Slight,none,0.5
3735,steer,38.6620833259,-90.2348132954,,,7,8,,2,0.565,,gable_family,0.469,,masonry,0.76,,,Negligible to Slight,moderate,0.41
3736,steer,38.650617727,-90.2727557556,5275 Westminster Pl åœ£è·¯æ˜“æ–¯ MO 63108 US,,7,8,,2,0.579,,gable_family,0.358,,masonry,0.935,,,Negligible to Slight,none,0.515
3737,steer,38.6713697037,-90.2337578675,,,7,8,,2,0.518,,gable_family,0.364,,masonry,0.89,,,Moderate,moderate,0.415
3738,steer,38.6719096044,-90.2340780617,,,7,8,,2,0.502,,gable_family,0.354,,masonry,0.88,,,Substantial to Heavy,moderate,0.485
3739,steer,38.6684041611,-90.2316186521,,,7,8,,2,0.485,,gable_family,0.478,,masonry,0.855,,,Substantial to Heavy,moderate,0.47
3740,steer,38.6586887546,-90.2717095002,5256 Vernon Ave St. Louis MO 63113 US,,7,8,,2,0.647,,gable_family,0.514,,masonry,0.935,,,Negligible to Slight,none,0.63
3741,steer,38.6704198137,-90.2306515758,,,7,8,,2,0.58,,gable_family,0.488,,masonry,0.805,,,Negligible to Slight,none,0.44
3742,steer,38.6732497652,-90.2352138206,,,7,8,,2,0.595,,gable_family,0.501,,masonry,0.945,,,Negligible to Slight,moderate,0.47
3743,steer,38.6594028322,-90.2690791707,5186 Maple Ave St. Louis MO 63113 US,,7,8,,2,0.64,,gable_family,0.616,,masonry,0.96,,,Negligible to Slight,none,0.605
3744,steer,38.6510645921,-90.2716694864,5244 Washington Pl åœ£è·¯æ˜“æ–¯ MO 63108 US,,7,8,,2,0.52,,gable_family,0.366,,masonry,0.92,,,Negligible to Slight,none,0.535
3745,steer,38.6593765996,-90.2688137418,5180 Maple Ave St. Louis MO 63113 US,,7,8,,2,0.598,,gable_family,0.472,,masonry,0.914,,,Negligible to Slight,none,0.68
3746,steer,38.6495227118,-90.2731077756,5281 Waterman Blvd åœ£è·¯æ˜“æ–¯ MO 63108 US,,7,8,,2,0.62,,gable_family,0.493,,masonry,0.93,,,Negligible to Slight,none,0.59
3747,steer,38.6497924685,-90.2651860293,5035 Westminster Pl åœ£è·¯æ˜“æ–¯ MO 63108 US,,7,8,,2,0.62,,gable_family,0.501,,masonry,0.935,,,Negligible to Slight,none,0.655
3748,steer,38.6561868049,-90.2714847331,5237 Cates Ave St. Louis MO 63108 US,,7,8,,2,0.578,,gable_family,0.329,,masonry,0.98,,,Moderate,none,0.53
3749,steer,38.6509516068,-90.2703781311,5210 Washington Pl åœ£è·¯æ˜“æ–¯ MO 63108 US,,7,8,,2,0.714,,gable_family,0.485,,masonry,0.93,,,Negligible to Slight,none,0.575
3750,steer,38.6593311319,-90.2684075601,,,7,8,,2,0.739,,gable_family,0.468,,masonry,0.905,,,Negligible to Slight,none,0.64
3751,steer,38.6587794297,-90.2688167863,5177 Vernon Ave St. Louis MO 63113 US,,7,8,,2,0.596,,gable_family,0.438,,masonry,0.89,,,Negligible to Slight,none,0.57
3752,steer,38.6586168778,-90.2712588522,5242 Vernon Ave St. Louis MO 63113 US,,7,8,,2,0.69,,gable_family,0.505,,masonry,0.91,,,Negligible to Slight,none,0.49
3753,steer,38.6685620469,-90.2319981637,,,7,8,,2,0.505,,gable_family,0.458,,masonry,0.855,,,Substantial to Heavy,moderate,0.505
3754,steer,38.66595209,-90.2388813126,3106 N Newstead Ave St. Louis MO 63115 US,,7,8,,2,0.537,,gable_family,0.377,,masonry,0.915,,,Very Heavy,moderate,0.405
3755,steer,38.6717078981,-90.2335084997,,,7,8,,2,0.565,,gable_family,0.501,,masonry,0.908,,,Moderate,none,0.52
3756,steer,38.6587280202,-90.2681499707,5157 Vernon Ave St. Louis MO 63113 US,,7,8,,2,0.69,,gable_family,0.539,,masonry,0.845,,,Negligible to Slight,none,0.505
3757,steer,38.6486408749,-90.2715470741,5232 Waterman Blvd åœ£è·¯æ˜“æ–¯ MO 63108 US,,7,8,,2,0.632,,gable_family,0.379,,masonry,0.97,,,Negligible to Slight,none,0.49
3758,steer,38.6721508777,-90.2329937031,,,7,8,,2,0.717,,gable_family,0.491,,masonry,0.82,,,Moderate,moderate,0.485
3759,steer,38.6686026043,-90.2320967494,,,7,8,,2,0.538,,gable_family,0.446,,masonry,0.843,,,Substantial to Heavy,none,0.47
3760,steer,38.6653923872,-90.2393496505,3010 N Newstead Ave St. Louis MO 63115 US,,7,8,,2,0.56,,gable_family,0.488,,masonry,0.73,,,Destruction,moderate,0.425
3761,steer,38.6728955772,-90.2362804553,,,7,8,,2,0.565,,gable_family,0.399,,masonry,0.9,,,Negligible to Slight,none,0.525
3762,steer,38.6586149187,-90.2710893702,5236 Vernon Ave St. Louis MO 63113 US,,7,8,,2,0.641,,gable_family,0.428,,masonry,0.96,,,Negligible to Slight,moderate,0.415
3763,steer,38.6715826959,-90.2333052925,,,6,8,,1,0.46,,gable_family,0.527,,masonry,0.82,,,Moderate,moderate,0.43
3764,steer,38.659068224,-90.2713731524,5249 Vernon Ave St. Louis MO 63113 US,,7,8,,2,0.652,,gable_family,0.451,,masonry,0.94,,,Negligible to Slight,none,0.55
3765,steer,38.6504479622,-90.265685186,5054 Washington Pl åœ£è·¯æ˜“æ–¯ MO 63108 US,,7,8,,2,0.79,,gable_family,0.428,,masonry,0.945,,,Negligible to Slight,moderate,0.46
3766,steer,38.6486294048,-90.2713590719,5226 Waterman Blvd åœ£è·¯æ˜“æ–¯ MO 63108 US,,7,8,,2,0.62,,gable_family,0.389,,masonry,0.98,,,Negligible to Slight,none,0.56
3767,steer,38.6563654448,-90.2669667601,5112 Cabanne Ave St. Louis MO 63113 US,,7,8,,2,0.583,,gable_family,0.512,,masonry,0.815,,,Moderate,none,0.46
3768,steer,38.6586655781,-90.2715556666,5252 Vernon Ave St. Louis MO 63113 US,,7,8,,2,0.602,,gable_family,0.408,,masonry,0.91,,,Negligible to Slight,none,0.545
3769,steer,38.6586582945,-90.2674689568,5139 Vernon Ave St. Louis MO 63113 US,,7,8,,2,0.69,,gable_family,0.449,,masonry,0.915,,,Negligible to Slight,none,0.49
3770,steer,38.6713790871,-90.2328191783,,,7,8,,2,0.629,,gable_family,0.443,,masonry,0.855,,,Very Heavy,moderate,0.46
3771,steer,38.6585982849,-90.2707512634,5228 Vernon Ave St. Louis MO 63113 US,,7,8,,2,0.695,,gable_family,0.403,,masonry,0.94,,,Negligible to Slight,none,0.56
3772,steer,38.6557629849,-90.2675445972,5127 Cates Ave St. Louis MO 63108 US,,7,8,,2,0.58,,gable_family,0.419,,masonry,0.955,,,Negligible to Slight,none,0.475
3773,steer,38.6710759944,-90.2321101891,,,7,8,,2,0.585,,gable_family,0.432,,masonry,0.76,,,Destruction,moderate,0.45
3774,steer,38.6586400746,-90.2672902446,5133 Vernon Ave St. Louis MO 63113 US,,7,8,,2,0.65,,gable_family,0.495,,masonry,0.934,,,Negligible to Slight,none,0.535
3775,steer,38.6684859271,-90.2322882605,,,7,8,,2,0.453,,gable_family,0.444,,masonry,0.89,,,Negligible to Slight,none,0.53
3776,steer,38.6480732692,-90.2723974083,45 Portland Pl åœ£è·¯æ˜“æ–¯ MO 63108 US,,7,8,,2,0.49,,gable_family,0.404,,masonry,0.973,,,Negligible to Slight,none,0.505
3777,steer,38.6557480798,-90.2672650179,5119 Cates Ave St. Louis MO 63108 US,,7,8,,2,0.468,,gable_family,0.353,,masonry,0.89,,,Negligible to Slight,none,0.575
3778,steer,38.6709311516,-90.2317859832,,,7,8,,2,0.45,,gable_family,0.444,,masonry,0.76,,,Moderate,none,0.485
3779,steer,38.6500716028,-90.272980383,5280 Westminster Pl åœ£è·¯æ˜“æ–¯ MO 63108 US,,7,8,,2,0.648,,gable_family,0.428,,masonry,0.954,,,Negligible to Slight,none,0.515
3780,steer,38.6480397195,-90.2721389588,43 Portland Pl åœ£è·¯æ˜“æ–¯ MO 63108 US,,7,8,,2,0.6,,gable_family,0.408,,masonry,0.99,,,Negligible to Slight,none,0.625
3781,steer,38.6713308368,-90.2316384137,,,6,8,,1,0.482,,gable_family,0.516,,masonry,0.825,,,Moderate,moderate,0.41
3782,steer,38.6556853167,-90.2666638916,5101 Cates Ave St. Louis MO 63108 US,,7,8,,2,0.53,,gable_family,0.482,,masonry,0.95,,,Negligible to Slight,none,0.585
3783,steer,38.6705842869,-90.2341658266,,,7,8,,2,0.575,,gable_family,0.444,,masonry,0.835,,,Substantial to Heavy,none,0.55
3784,steer,38.6589432626,-90.2702318471,5215 Vernon Ave St. Louis MO 63113 US,,7,8,,2,0.715,,gable_family,0.496,,masonry,0.92,,,Negligible to Slight,none,0.49
3785,steer,38.647877122,-90.2710455371,37 Portland Pl åœ£è·¯æ˜“æ–¯ MO 63108 US,,7,8,,2,0.527,,gable_family,0.424,,masonry,0.9,,,Negligible to Slight,none,0.58
3786,steer,38.6711677687,-90.2312674701,,,6,8,,1,0.55,,gable_family,0.511,,masonry,0.815,,,Moderate,moderate,0.46
3787,steer,38.6552548512,-90.2667608689,5100 Cates Ave St. Louis MO 63108 US,,7,8,,2,0.647,,gable_family,0.552,,masonry,0.96,,,Very Heavy,moderate,0.51
3788,steer,38.6710828477,-90.2310872712,,,7,8,,2,0.591,,gable_family,0.496,,masonry,0.88,,,Negligible to Slight,none,0.54
3789,steer,38.6585500293,-90.2664276231,5105 Vernon Ave St. Louis MO 63113 US,,7,8,,2,0.705,,gable_family,0.506,,masonry,0.945,,,Negligible to Slight,none,0.515
3790,steer,38.6585287231,-90.2702140931,5212 Vernon Ave St. Louis MO 63113 US,,7,8,,2,0.68,,gable_family,0.452,,masonry,0.855,,,Negligible to Slight,moderate,0.395
3791,steer,38.6580882069,-90.2709857908,5233 Raymond Ave St. Louis MO 63113 US,,7,8,,2,0.715,,gable_family,0.545,,masonry,0.935,,,Negligible to Slight,none,0.575
3792,steer,38.6553633741,-90.2674145025,5120 Cates Ave St. Louis MO 63108 US,,7,8,,2,0.61,,gable_family,0.413,,masonry,0.868,,,Negligible to Slight,none,0.5
3793,steer,38.6703169291,-90.2303909688,,,7,8,,2,0.463,,gable_family,0.433,,masonry,0.875,,,Moderate,none,0.56
3794,steer,38.6702223622,-90.2335238273,,,7,8,,2,0.657,,gable_family,0.542,,masonry,0.93,,,Moderate,moderate,0.425
3795,steer,38.6738196903,-90.2365157913,,,7,8,,2,0.594,,gable_family,0.527,,masonry,0.945,,,Negligible to Slight,moderate,0.435
3796,steer,38.6479449859,-90.2717622877,41 Portland Pl åœ£è·¯æ˜“æ–¯ MO 63108 US,,7,8,,2,0.547,,gable_family,0.433,,masonry,0.94,,,Negligible to Slight,none,0.61
3797,steer,38.6700792028,-90.2332070559,,,7,8,,2,0.52,,gable_family,0.459,,masonry,0.905,,,Moderate,none,0.42
3798,steer,38.6572207706,-90.2713108038,5239 Cabanne Ave St. Louis MO 63113 US,,7,8,,2,0.591,,gable_family,0.517,,masonry,0.95,,,Negligible to Slight,none,0.415
3799,steer,38.6702128447,-90.2311854369,,,7,8,,2,0.608,,gable_family,0.512,,masonry,0.925,,,Negligible to Slight,none,0.64
3800,steer,38.6584253349,-90.2691739486,5186 Vernon Ave St. Louis MO 63113 US,,7,8,,2,0.716,,gable_family,0.45,,masonry,0.845,,,Negligible to Slight,none,0.465
3801,steer,38.6507022794,-90.2680160931,5116 Washington Pl åœ£è·¯æ˜“æ–¯ MO 63108 US,,7,8,,2,0.703,,gable_family,0.401,,masonry,0.975,,,Negligible to Slight,none,0.595
3802,steer,38.6584849534,-90.2698600417,5202 Vernon Ave St. Louis MO 63113 US,,7,8,,2,0.653,,gable_family,0.516,,masonry,0.94,,,Negligible to Slight,none,0.605
3803,steer,38.6707643857,-90.2314893312,,,7,8,,2,0.481,,gable_family,0.479,,masonry,0.79,,,Moderate,none,0.55
3804,steer,38.6689448181,-90.2327967556,,,7,8,,2,0.57,,gable_family,0.536,,masonry,0.843,,,Moderate,none,0.445
3805,steer,38.6572154597,-90.2712165085,5237 Cabanne Ave St. Louis MO 63113 US,,7,8,,2,0.561,,gable_family,0.462,,masonry,0.93,,,Negligible to Slight,none,0.57
3806,steer,38.6697334479,-90.2336317818,,,7,8,,2,0.473,,gable_family,0.507,,masonry,0.83,,,Very Heavy,none,0.435
3807,steer,38.6734468406,-90.237633481,,,7,8,,2,0.604,,gable_family,0.404,,masonry,0.81,,,Negligible to Slight,none,0.54
3808,steer,38.6481014289,-90.2733664394,51 Portland Pl åœ£è·¯æ˜“æ–¯ MO 63108 US,,7,8,,2,0.572,,gable_family,0.477,,masonry,0.9,,,Negligible to Slight,none,0.54
3809,steer,38.6699916781,-90.232981459,,,7,8,,2,0.618,,gable_family,0.535,,masonry,0.845,,,Moderate,none,0.495
3810,steer,38.6704006342,-90.2317457405,,,7,8,,2,0.49,,gable_family,0.488,,masonry,0.805,,,Negligible to Slight,none,0.71
3811,steer,38.6571904688,-90.2707832529,5223 Cabanne Ave St. Louis MO 63113 US,,7,8,,2,0.675,,gable_family,0.476,,masonry,0.925,,,Very Heavy,moderate,0.455
3812,steer,38.6737779044,-90.2364150876,,,7,8,,2,0.532,,gable_family,0.368,,masonry,0.885,,,Negligible to Slight,none,0.515
3813,steer,38.6684963299,-90.2326646301,,,7,8,,2,0.47,,gable_family,0.393,,masonry,0.8,,,Destruction,moderate,0.375
3814,steer,38.6733277976,-90.2373559807,,,7,8,,2,0.533,,gable_family,0.517,,masonry,0.835,,,Negligible to Slight,none,0.445
3815,steer,38.6699150234,-90.2327784555,,,7,8,,2,0.557,,gable_family,0.538,,masonry,0.9,,,Substantial to Heavy,none,0.485
3816,steer,38.658407111,-90.2689300795,5176 Vernon Ave St. Louis MO 63113 US,,7,8,,2,0.607,,gable_family,0.335,,masonry,0.87,,,Negligible to Slight,none,0.495
3817,steer,38.6580236198,-90.2702702337,5211 Raymond Ave St. Louis MO 63113 US,,7,8,,2,0.685,,gable_family,0.531,,masonry,0.935,,,Negligible to Slight,none,0.585
3818,steer,38.6568665841,-90.2678791624,5141 Cabanne Ave St. Louis MO 63113 US,,7,8,,2,0.612,,gable_family,0.491,,masonry,0.895,,,Negligible to Slight,none,0.51
3819,steer,38.6706089068,-90.2319955745,,,7,8,,2,0.504,,gable_family,0.56,,masonry,0.83,,,Moderate,moderate,0.415
3820,steer,38.6486029897,-90.271905968,5244 Waterman Blvd åœ£è·¯æ˜“æ–¯ MO 63108 US,,7,8,,2,0.658,,gable_family,0.497,,masonry,0.94,,,Moderate,none,0.48
3821,steer,38.6493877524,-90.265966969,5052 Westminster Pl åœ£è·¯æ˜“æ–¯ MO 63108 US,,7,8,,2,0.67,,gable_family,0.55,,masonry,0.94,,,Negligible to Slight,none,0.545
3822,steer,38.65036817,-90.2705513099,5211 Westminster Pl åœ£è·¯æ˜“æ–¯ MO 63108 US,,7,8,,2,0.545,,gable_family,0.502,,masonry,0.915,,,Negligible to Slight,none,0.665
3823,steer,38.6490809627,-90.2644838159,5000 Westminster Pl åœ£è·¯æ˜“æ–¯ MO 63108 US,,7,6,,2,0.54,,complex_family,0.347,,masonry,0.918,,,Negligible to Slight,moderate,0.415
3824,steer,38.6701888274,-90.2324476699,,,6,8,,1,0.475,,gable_family,0.404,,masonry,0.87,,,Substantial to Heavy,none,0.6
3825,steer,38.6485792332,-90.2717703008,5236 Waterman Blvd åœ£è·¯æ˜“æ–¯ MO 63108 US,,7,8,,2,0.614,,gable_family,0.587,,masonry,0.985,,,Moderate,moderate,0.485
3826,steer,38.6569861911,-90.2691389374,5179 Cabanne Ave St. Louis MO 63113 US,,7,8,,2,0.665,,gable_family,0.432,,masonry,0.845,,,Negligible to Slight,none,0.565
3827,steer,38.6484503296,-90.269725093,5156 Waterman Blvd åœ£è·¯æ˜“æ–¯ MO 63108 US,,7,8,,2,0.529,,gable_family,0.349,,masonry,0.97,,,Moderate,none,0.47
3828,steer,38.6486184566,-90.2646553743,5001 Waterman Blvd åœ£è·¯æ˜“æ–¯ MO 63108 US,,7,8,,2,0.57,,gable_family,0.435,,masonry,0.96,,,Negligible to Slight,none,0.51
3829,steer,38.6485293401,-90.2722440774,10 Portland Ct åœ£è·¯æ˜“æ–¯ MO 63108 US,,7,8,,2,0.492,,gable_family,0.395,,masonry,0.965,,,Moderate,moderate,0.545
3830,steer,38.6494960319,-90.2670047377,5082 Westminster Pl åœ£è·¯æ˜“æ–¯ MO 63108 US,,7,8,,2,0.63,,gable_family,0.483,,masonry,0.935,,,Negligible to Slight,none,0.635
3831,steer,38.6495506516,-90.2676743207,5102 Westminster Pl åœ£è·¯æ˜“æ–¯ MO 63108 US,,7,8,,2,0.61,,gable_family,0.588,,masonry,0.825,,,Negligible to Slight,none,0.495
3832,steer,38.6564244844,-90.2676175029,5132 Cabanne Ave St. Louis MO 63113 US,,7,8,,2,0.554,,gable_family,0.506,,masonry,0.905,,,Negligible to Slight,none,0.585
3833,steer,38.6584029931,-90.2690546604,5182 Vernon Ave St. Louis MO 63113 US,,7,8,,2,0.655,,gable_family,0.368,,masonry,0.895,,,Negligible to Slight,none,0.5
3834,steer,38.658283326,-90.2678655289,5146 Vernon Ave St. Louis MO 63113 US,,7,8,,2,0.678,,gable_family,0.505,,masonry,0.93,,,Negligible to Slight,none,0.535
3835,steer,38.6706267929,-90.2321124577,,,7,8,,2,0.485,,gable_family,0.471,,masonry,0.818,,,Moderate,none,0.64
3836,steer,38.648830979,-90.2676474605,5099 Waterman Blvd åœ£è·¯æ˜“æ–¯ MO 63108 US,,7,8,,2,0.765,,gable_family,0.593,,masonry,0.975,,,Negligible to Slight,none,0.525
3837,steer,38.6689801635,-90.2338151273,,,7,8,,2,0.545,,gable_family,0.522,,masonry,0.81,,,Moderate,none,0.525
3838,steer,38.6487011249,-90.2667167902,5073 Waterman Blvd åœ£è·¯æ˜“æ–¯ MO 63108 US,,7,8,,2,0.648,,gable_family,0.464,,masonry,0.97,,,Negligible to Slight,none,0.52
3839,steer,38.6590172527,-90.2709634353,5237 Vernon Ave St. Louis MO 63113 US,,7,8,,2,0.625,,gable_family,0.374,,masonry,0.93,,,Negligible to Slight,none,0.515
3840,steer,38.6564701616,-90.2679770243,5142 Cabanne Ave St. Louis MO 63113 US,,7,8,,2,0.671,,gable_family,0.518,,masonry,0.9,,,Negligible to Slight,none,0.56
3841,steer,38.669421474,-90.2321683205,,,7,8,,2,0.619,,gable_family,0.334,,masonry,0.755,,,Negligible to Slight,moderate,0.515
3842,steer,38.6583673579,-90.2683817385,5162 Vernon Ave St. Louis MO 63113 US,,7,8,,2,0.533,,gable_family,0.398,,masonry,0.869,,,Negligible to Slight,none,0.56
3843,steer,38.6708141373,-90.2325902822,,,7,8,,2,0.537,,gable_family,0.451,,masonry,0.725,,,Negligible to Slight,none,0.5
3844,steer,38.6562462118,-90.268138299,5146 Cabanne Ave St. Louis MO 63113 US,,7,8,,2,0.48,,gable_family,0.478,,masonry,0.805,,,Negligible to Slight,moderate,0.475
3845,steer,38.6490232039,-90.2692437798,5143 Waterman Blvd åœ£è·¯æ˜“æ–¯ MO 63108 US,,7,8,,2,0.69,,gable_family,0.475,,masonry,0.98,,,Negligible to Slight,moderate,0.45
3846,steer,38.6591600189,-90.266748692,5118 Maple Ave St. Louis MO 63113 US,,7,8,,2,0.84,,gable_family,0.467,,masonry,0.97,,,Negligible to Slight,none,0.475
3847,steer,38.6693568845,-90.233741729,,,7,8,,2,0.503,,gable_family,0.449,,masonry,0.9,,,Substantial to Heavy,none,0.445
3848,steer,38.6566025445,-90.2691957601,5178 Cabanne Ave St. Louis MO 63113 US,,7,8,,2,0.675,,gable_family,0.532,,masonry,0.92,,,Moderate,none,0.615
3849,steer,38.6740286573,-90.2357721011,,,7,8,,2,0.537,,gable_family,0.444,,masonry,0.965,,,Negligible to Slight,moderate,0.46
3850,steer,38.6705100769,-90.2331063325,,,7,8,,2,0.625,,gable_family,0.558,,masonry,0.81,,,Negligible to Slight,none,0.655
3851,steer,38.6691983214,-90.2311676305,,,7,8,,2,0.487,,gable_family,0.492,,masonry,0.895,,,Substantial to Heavy,none,0.5
3852,steer,38.648769965,-90.2737415674,5290 Waterman Blvd åœ£è·¯æ˜“æ–¯ MO 63108 US,,7,8,,2,0.537,,gable_family,0.349,,masonry,0.95,,,Moderate,none,0.54
3853,steer,38.6591202704,-90.2666276711,5114 Maple Ave St. Louis MO 63113 US,,7,8,,2,0.728,,gable_family,0.51,,masonry,0.93,,,Negligible to Slight,none,0.56
3854,steer,38.6583264257,-90.2682269826,5156 Vernon Ave St. Louis MO 63113 US,,7,8,,2,0.69,,gable_family,0.579,,masonry,0.85,,,Negligible to Slight,none,0.575
3855,steer,38.6566046231,-90.2693243863,5182 Cabanne Ave St. Louis MO 63113 US,,7,8,,2,0.692,,gable_family,0.458,,masonry,0.935,,,Negligible to Slight,none,0.51
3856,steer,38.6689869769,-90.2314958313,,,7,8,,2,0.591,,gable_family,0.443,,masonry,0.895,,,Negligible to Slight,none,0.52
3857,steer,38.6692254765,-90.2345925374,,,6,8,,1,0.58,,gable_family,0.33,,masonry,0.905,,,Moderate,none,0.415
3858,steer,38.6691005988,-90.2340924947,,,7,8,,2,0.493,,gable_family,0.477,,masonry,0.785,,,Destruction,moderate,0.46
3859,steer,38.6564014949,-90.2698446413,5192 Cabanne Ave St. Louis MO 63113 US,,7,8,,2,0.56,,gable_family,0.579,,masonry,0.825,,,Negligible to Slight,moderate,0.5
3860,steer,38.6497186825,-90.2697891022,470 Lake Ave åœ£è·¯æ˜“æ–¯ MO 63108 US,,7,8,,2,0.515,,gable_family,0.364,,masonry,0.975,,,Negligible to Slight,moderate,0.43
3861,steer,38.6737465428,-90.2362090609,,,7,8,,2,0.578,,gable_family,0.517,,masonry,0.875,,,Negligible to Slight,none,0.51
3862,steer,38.6707898409,-90.2304204196,,,7,8,,2,0.5,,gable_family,0.478,,masonry,0.86,,,Substantial to Heavy,moderate,0.44
3863,steer,38.6504375624,-90.2708518539,5221 Westminster Pl åœ£è·¯æ˜“æ–¯ MO 63108 US,,7,8,,2,0.635,,gable_family,0.537,,masonry,0.94,,,Negligible to Slight,none,0.44
3864,steer,38.6566972492,-90.2706102571,5214 Cabanne Ave St. Louis MO 63113 US,,7,8,,2,0.656,,gable_family,0.486,,masonry,0.945,,,Substantial to Heavy,moderate,0.485
3865,steer,38.6499150593,-90.2669353229,5083 Westminster Pl åœ£è·¯æ˜“æ–¯ MO 63108 US,,7,8,,2,0.595,,gable_family,0.6,,masonry,0.87,,,Negligible to Slight,none,0.57
3866,steer,38.6686986551,-90.2322474971,,,7,8,,2,0.52,,gable_family,0.363,,masonry,0.86,,,Substantial to Heavy,moderate,0.43
3867,steer,38.6688992816,-90.2312889775,,,7,8,,2,0.555,,gable_family,0.433,,masonry,0.854,,,Destruction,moderate,0.405
3868,steer,38.6499748246,-90.267106486,5089 Westminster Pl åœ£è·¯æ˜“æ–¯ MO 63108 US,,7,8,,2,0.55,,gable_family,0.534,,masonry,0.965,,,Negligible to Slight,none,0.54
3869,steer,38.6733194979,-90.2362674997,,,7,8,,2,0.582,,gable_family,0.464,,masonry,0.925,,,Negligible to Slight,none,0.57
3870,steer,38.6684388083,-90.2321901005,,,7,8,,2,0.509,,gable_family,0.466,,masonry,0.819,,,Negligible to Slight,none,0.55
3871,steer,38.6729629297,-90.2365318852,,,7,8,,2,0.554,,gable_family,0.384,,masonry,0.88,,,Negligible to Slight,moderate,0.48
3872,steer,38.6497788701,-90.2654153564,5041 Westminster Pl åœ£è·¯æ˜“æ–¯ MO 63108 US,,7,8,,2,0.485,,gable_family,0.411,,masonry,0.85,,,Negligible to Slight,none,0.655
3873,steer,38.6657833939,-90.2408040648,4433 Labadie Ave St. Louis MO 63115 US,,6,8,,1,0.435,,gable_family,0.428,,masonry,0.755,,,Very Heavy,none,0.435
3874,steer,38.6695065864,-90.2340936852,,,7,8,,2,0.625,,gable_family,0.453,,masonry,0.855,,,Moderate,moderate,0.475
3875,steer,38.6588861464,-90.2699862705,5207 Vernon Ave St. Louis MO 63113 US,,7,8,,2,0.54,,gable_family,0.513,,masonry,0.863,,,Moderate,moderate,0.45
3876,steer,38.6595162104,-90.2666186506,5119 Maple Ave St. Louis MO 63113 US,,7,8,,2,0.743,,gable_family,0.434,,masonry,0.92,,,Negligible to Slight,none,0.61
3877,steer,38.6685265381,-90.2318965244,,,6,8,,1,0.47,,gable_family,0.418,,masonry,0.76,,,Substantial to Heavy,none,0.6
3878,steer,38.6662325175,-90.2418416719,4467 Labadie Ave St. Louis MO 63115 US,,7,8,,2,0.62,,gable_family,0.546,,masonry,0.95,,,Moderate,none,0.42
3879,steer,38.6595025282,-90.2660831225,5103 Maple Ave St. Louis MO 63113 US,,7,8,,2,0.667,,gable_family,0.486,,masonry,0.905,,,Negligible to Slight,none,0.48
3880,steer,38.6480714383,-90.2728987457,47 Portland Pl åœ£è·¯æ˜“æ–¯ MO 63108 US,,7,8,,2,0.481,,gable_family,0.402,,masonry,0.935,,,Moderate,none,0.53
3881,steer,38.6509805053,-90.2707192985,5220 Washington Pl åœ£è·¯æ˜“æ–¯ MO 63108 US,,7,8,,2,0.682,,gable_family,0.476,,masonry,0.988,,,Negligible to Slight,moderate,0.455
3882,steer,38.6496505539,-90.2734261388,5295 Waterman Blvd åœ£è·¯æ˜“æ–¯ MO 63108 US,,7,8,,2,0.522,,gable_family,0.424,,masonry,0.9,,,Substantial to Heavy,none,0.475
3883,steer,38.6497406253,-90.2647758337,5023 Westminster Pl åœ£è·¯æ˜“æ–¯ MO 63108 US,,7,8,,2,0.47,,gable_family,0.454,,masonry,0.92,,,Negligible to Slight,none,0.595
3884,steer,38.666616443,-90.2410990446,4454 Greer Ave St. Louis MO 63115 US,,7,8,,2,0.646,,gable_family,0.481,,masonry,0.91,,,Negligible to Slight,none,0.56
3885,steer,38.6481627596,-90.2737052798,53 Portland Pl åœ£è·¯æ˜“æ–¯ MO 63108 US,,7,8,,2,0.556,,gable_family,0.3,,masonry,0.97,,,Moderate,none,0.52
3886,steer,38.650153837,-90.2735841203,5296 Westminster Pl åœ£è·¯æ˜“æ–¯ MO 63108 US,,7,8,,2,0.591,,gable_family,0.325,,masonry,0.885,,,Destruction,moderate,0.46
3887,steer,38.6734907967,-90.2365944579,,,7,8,,2,0.612,,gable_family,0.534,,masonry,0.835,,,Negligible to Slight,none,0.51
3888,steer,38.6498716057,-90.2663696172,5067 Westminster Pl åœ£è·¯æ˜“æ–¯ MO 63108 US,,7,8,,2,0.565,,gable_family,0.434,,masonry,0.88,,,Negligible to Slight,none,0.425
3889,steer,38.6668092194,-90.2416033818,4468 Greer Ave St. Louis MO 63115 US,,7,8,,2,0.557,,gable_family,0.516,,masonry,0.835,,,Very Heavy,moderate,0.465
3890,steer,38.6734317572,-90.2364493137,,,7,8,,2,0.552,,gable_family,0.394,,masonry,0.865,,,Negligible to Slight,moderate,0.515
3891,steer,38.6710455499,-90.2340954321,,,6,8,,1,0.45,,gable_family,0.437,,masonry,0.845,,,Moderate,none,0.575
3892,steer,38.6578090377,-90.2683169296,5159 Raymond Ave St. Louis MO 63113 US,,7,8,,2,0.77,,gable_family,0.649,,masonry,0.89,,,Moderate,none,0.555
3893,steer,38.6589531261,-90.2705052637,5223 Vernon Ave St. Louis MO 63113 US,,7,8,,2,0.615,,gable_family,0.487,,masonry,0.905,,,Negligible to Slight,none,0.56
3894,steer,38.6589887887,-90.2707383194,5231 Vernon Ave St. Louis MO 63113 US,,7,8,,2,0.72,,gable_family,0.469,,masonry,0.94,,,Negligible to Slight,none,0.63
3895,steer,38.6663368973,-90.2421179701,4475 Labadie Ave St. Louis MO 63115 US,,7,8,,2,0.64,,gable_family,0.601,,masonry,0.985,,,Moderate,moderate,0.43
3896,steer,38.6498377803,-90.2658790353,5053 Westminster Pl åœ£è·¯æ˜“æ–¯ MO 63108 US,,7,8,,2,0.555,,gable_family,0.424,,masonry,0.905,,,Negligible to Slight,none,0.515
3897,steer,38.6580325245,-90.2692246915,5183 Raymond Ave St. Louis MO 63113 US,,7,8,,2,0.47,,gable_family,0.457,,masonry,0.883,,,Negligible to Slight,none,0.535
3898,steer,38.6590174127,-90.2708483292,5233 Vernon Ave St. Louis MO 63113 US,,7,8,,2,0.69,,gable_family,0.419,,masonry,0.94,,,Negligible to Slight,none,0.52
3899,steer,38.6505416178,-90.272261282,5261 Westminster Pl åœ£è·¯æ˜“æ–¯ MO 63108 US,,7,8,,2,0.523,,gable_family,0.437,,masonry,0.95,,,Negligible to Slight,none,0.54
3900,steer,38.6715689214,-90.2344046989,,,14,8,,2,0.572,,flat,0.33,,masonry,0.87,,,Very Heavy,moderate,0.445
3901,steer,38.6735394695,-90.2358629832,,,7,8,,2,0.592,,gable_family,0.496,,masonry,0.925,,,Negligible to Slight,moderate,0.425
3902,steer,38.6667034149,-90.2421418799,3016 N Taylor Ave St. Louis MO 63115 US,,7,8,,2,0.42,,gable_family,0.452,,masonry,0.839,,,Moderate,none,0.495
3903,steer,38.6691937806,-90.2344313085,,,6,8,,1,0.415,,gable_family,0.419,,masonry,0.883,,,Substantial to Heavy,moderate,0.455
3904,steer,38.6733758325,-90.2363953429,,,7,8,,2,0.617,,gable_family,0.547,,masonry,0.86,,,Negligible to Slight,moderate,0.485
3905,steer,38.6703483789,-90.2305130128,,,7,8,,2,0.679,,gable_family,0.46,,masonry,0.87,,,Moderate,none,0.63
3906,steer,38.6496425651,-90.2683829707,5122 Westminster Pl åœ£è·¯æ˜“æ–¯ MO 63108 US,,7,8,,2,0.543,,gable_family,0.458,,masonry,0.825,,,Moderate,moderate,0.5
3907,steer,38.6505483562,-90.2724188821,5265 Westminster Pl åœ£è·¯æ˜“æ–¯ MO 63108 US,,7,8,,2,0.583,,gable_family,0.445,,masonry,0.96,,,Negligible to Slight,none,0.435
3908,steer,38.6675333677,-90.2422301518,3105 N Taylor Ave St. Louis MO 63115 US,,7,8,,2,0.672,,gable_family,0.447,,masonry,0.975,,,Substantial to Heavy,none,0.475
3909,steer,38.6739752584,-90.2356945903,,,7,8,,2,0.503,,gable_family,0.389,,masonry,0.89,,,Negligible to Slight,moderate,0.495
3910,steer,38.6587319135,-90.2683294119,5163 Vernon Ave St. Louis MO 63113 US,,7,8,,2,0.723,,gable_family,0.481,,masonry,0.95,,,Negligible to Slight,none,0.555
3911,steer,38.6581340573,-90.2663951034,5104 Vernon Ave St. Louis MO 63113 US,,7,8,,2,0.705,,gable_family,0.58,,masonry,0.93,,,Negligible to Slight,none,0.49
3912,steer,38.6493996447,-90.2735559304,414 Union Blvd åœ£è·¯æ˜“æ–¯ MO 63108 US,,8,6,,3,0.43,,complex_family,0.355,,masonry,0.96,,,Negligible to Slight,moderate,0.44
3913,steer,38.6487500784,-90.2655943242,5041 Waterman Blvd åœ£è·¯æ˜“æ–¯ MO 63108 US,,7,8,,2,0.445,,gable_family,0.428,,masonry,0.82,,,Moderate,moderate,0.465
3914,steer,38.6659118784,-90.2421689119,4470 Labadie Ave St. Louis MO 63115 US,,7,8,,2,0.687,,gable_family,0.605,,masonry,0.93,,,Substantial to Heavy,moderate,0.475
3915,steer,38.6489142627,-90.2684968821,5123 Waterman Blvd åœ£è·¯æ˜“æ–¯ MO 63108 US,,7,8,,2,0.755,,gable_family,0.542,,masonry,0.985,,,Moderate,none,0.385
3916,steer,38.6585150905,-90.2700224435,5206 Vernon Ave St. Louis MO 63113 US,,7,8,,2,0.605,,gable_family,0.434,,masonry,0.915,,,Negligible to Slight,none,0.54
3917,steer,38.6587057903,-90.267990891,5153 Vernon Ave St. Louis MO 63113 US,,7,8,,2,0.655,,gable_family,0.446,,masonry,0.93,,,Negligible to Slight,none,0.65
3918,steer,38.6581764322,-90.2666519481,5112 Vernon Ave St. Louis MO 63113 US,,7,8,,2,0.545,,gable_family,0.429,,masonry,0.935,,,Negligible to Slight,none,0.625
3919,steer,38.6504672466,-90.2659801689,5058 Washington Pl åœ£è·¯æ˜“æ–¯ MO 63108 US,,7,8,,2,0.745,,gable_family,0.59,,masonry,0.91,,,Negligible to Slight,none,0.465
3920,steer,38.6554079757,-90.2678693581,5132 Cates Ave St. Louis MO 63108 US,,7,8,,2,0.68,,gable_family,0.541,,masonry,0.885,,,Negligible to Slight,none,0.63
3921,steer,38.6683874928,-90.2324274714,,,7,8,,2,0.485,,gable_family,0.473,,masonry,0.91,,,Moderate,none,0.515
3922,steer,38.6576420573,-90.2667203085,5111 Raymond Ave St. Louis MO 63113 US,,7,8,,2,0.565,,gable_family,0.419,,masonry,0.954,,,Moderate,moderate,0.545
3923,steer,38.6581310145,-90.2662763442,5100 Vernon Ave St. Louis MO 63113 US,,7,8,,2,0.584,,gable_family,0.402,,masonry,0.86,,,Negligible to Slight,none,0.565
3924,steer,38.6686059855,-90.2325719191,,,7,8,,2,0.49,,gable_family,0.403,,masonry,0.795,,,Destruction,moderate,0.44
3925,steer,38.6506510342,-90.2731262159,5287 Westminster Pl åœ£è·¯æ˜“æ–¯ MO 63108 US,,7,8,,2,0.514,,gable_family,0.395,,masonry,0.865,,,Negligible to Slight,none,0.555
3926,steer,38.6707495894,-90.2346387102,,,7,8,,2,0.505,,gable_family,0.492,,masonry,0.9,,,Moderate,none,0.63
3927,steer,38.6572243897,-90.2664384696,5100 Raymond Ave St. Louis MO 63113 US,,7,8,,2,0.645,,gable_family,0.492,,masonry,0.93,,,Negligible to Slight,none,0.62
3928,steer,38.6503862296,-90.2707066803,5217 Westminster Pl åœ£è·¯æ˜“æ–¯ MO 63108 US,,7,8,,2,0.645,,gable_family,0.483,,masonry,0.93,,,Negligible to Slight,moderate,0.405
3929,steer,38.6727460088,-90.2359816499,,,7,8,,2,0.593,,gable_family,0.468,,masonry,0.915,,,Negligible to Slight,none,0.48
3930,steer,38.6581743251,-90.2670140075,5122 Vernon Ave St. Louis MO 63113 US,,7,8,,2,0.655,,gable_family,0.463,,masonry,0.905,,,Moderate,none,0.45
3931,steer,38.6621199531,-90.2362062337,,,7,8,,2,0.494,,gable_family,0.419,,masonry,0.93,,,Substantial to Heavy,moderate,0.435
3932,steer,38.6687977745,-90.2335782095,,,7,8,,2,0.49,,gable_family,0.517,,masonry,0.79,,,Substantial to Heavy,none,0.435
3933,steer,38.6703116768,-90.2337213254,,,7,8,,2,0.696,,gable_family,0.55,,masonry,0.923,,,Moderate,none,0.655
3934,steer,38.6558932844,-90.2688131567,5165 Cates Ave St. Louis MO 63108 US,,7,8,,2,0.696,,gable_family,0.432,,masonry,0.96,,,Substantial to Heavy,none,0.495
3935,steer,38.6738527488,-90.2353980113,,,7,8,,2,0.46,,gable_family,0.427,,masonry,0.865,,,Negligible to Slight,moderate,0.45
3936,steer,38.6585747068,-90.2667463054,5119 Vernon Ave St. Louis MO 63113 US,,7,8,,2,0.745,,gable_family,0.508,,masonry,0.895,,,Negligible to Slight,none,0.51
3937,steer,38.66881388,-90.233327016,,,7,8,,2,0.587,,gable_family,0.499,,masonry,0.795,,,Moderate,none,0.52
3938,steer,38.6577261445,-90.2674216303,5133 Raymond Ave St. Louis MO 63113 US,,7,8,,2,0.77,,gable_family,0.523,,masonry,0.84,,,Negligible to Slight,none,0.415
3939,steer,38.6559275637,-90.2690765439,5171 Cates Ave St. Louis MO 63108 US,,7,8,,2,0.72,,gable_family,0.487,,masonry,0.93,,,Negligible to Slight,none,0.565
3940,steer,38.6741300435,-90.2360984816,,,7,8,,2,0.603,,gable_family,0.629,,masonry,0.93,,,Negligible to Slight,moderate,0.545
3941,steer,38.6573319257,-90.2673320547,5128 Raymond Ave St. Louis MO 63113 US,,7,8,,2,0.678,,gable_family,0.408,,masonry,0.89,,,Negligible to Slight,none,0.52
3942,steer,38.6583795803,-90.2687495889,5172 Vernon Ave St. Louis MO 63113 US,,7,8,,2,0.64,,gable_family,0.367,,masonry,0.84,,,Negligible to Slight,none,0.475
3943,steer,38.6576805311,-90.2668952032,5119 Raymond Ave St. Louis MO 63113 US,,7,8,,2,0.636,,gable_family,0.521,,masonry,0.905,,,Negligible to Slight,none,0.58
3944,steer,38.6506679484,-90.267864437,5112 Washington Pl åœ£è·¯æ˜“æ–¯ MO 63108 US,,7,8,,2,0.595,,gable_family,0.364,,masonry,0.95,,,Negligible to Slight,none,0.455
3945,steer,38.6559317556,-90.2691802738,5175 Cates Ave St. Louis MO 63108 US,,7,8,,2,0.749,,gable_family,0.615,,masonry,0.96,,,Very Heavy,moderate,0.37
3946,steer,38.6573331963,-90.2674895547,5134 Raymond Ave St. Louis MO 63113 US,,7,8,,2,0.675,,gable_family,0.491,,masonry,0.895,,,Negligible to Slight,moderate,0.455
3947,steer,38.6583221488,-90.2680355374,5152 Vernon Ave St. Louis MO 63113 US,,7,8,,2,0.687,,gable_family,0.441,,masonry,0.925,,,Negligible to Slight,none,0.48
3948,steer,38.6576194372,-90.266364726,5101 Raymond Ave St. Louis MO 63113 US,,7,8,,2,0.595,,gable_family,0.487,,masonry,0.89,,,Negligible to Slight,none,0.46
3949,steer,38.6604369982,-90.2700742526,5218 Page Blvd St. Louis MO 63113 US,,7,8,,2,0.585,,gable_family,0.463,,masonry,0.735,,,Moderate,none,0.445
3950,steer,38.6610976804,-90.2355400696,,,7,8,,2,0.468,,gable_family,0.374,,masonry,0.92,,,Negligible to Slight,none,0.45
3951,steer,38.6509991734,-90.2666889812,5083 Washington Pl åœ£è·¯æ˜“æ–¯ MO 63108 US,,7,8,,2,0.705,,gable_family,0.443,,masonry,0.9,,,Negligible to Slight,none,0.56
3952,steer,38.6692332818,-90.2335513677,,,7,8,,2,0.53,,gable_family,0.437,,masonry,0.898,,,Substantial to Heavy,moderate,0.47
3953,steer,38.6614905318,-90.2364179867,,,7,8,,2,0.656,,gable_family,0.412,,masonry,0.95,,,Negligible to Slight,none,0.48
3954,steer,38.6493035457,-90.2651031022,5026 Westminster Pl åœ£è·¯æ˜“æ–¯ MO 63108 US,,7,8,,2,0.6,,gable_family,0.635,,masonry,0.935,,,Negligible to Slight,none,0.61
3955,steer,38.6508235363,-90.2640493838,5001 Washington Pl åœ£è·¯æ˜“æ–¯ MO 63108 US,,7,8,,2,0.449,,gable_family,0.295,,masonry,0.864,,,Substantial to Heavy,none,0.49
3956,steer,38.6620881747,-90.2361051184,,,7,8,,2,0.673,,gable_family,0.535,,masonry,0.94,,,Negligible to Slight,moderate,0.51
3957,steer,38.6574680263,-90.2687012236,5168 Raymond Ave St. Louis MO 63113 US,,7,8,,2,0.694,,gable_family,0.564,,masonry,0.89,,,Negligible to Slight,none,0.525
3958,steer,38.6600304455,-90.2660730084,5104 Page Blvd St. Louis MO 63113 US,,7,8,,2,0.562,,gable_family,0.384,,masonry,0.855,,,Moderate,moderate,0.44
3959,steer,38.6696088076,-90.2343822934,,,7,8,,2,0.489,,gable_family,0.366,,masonry,0.905,,,Substantial to Heavy,moderate,0.45
3960,steer,38.6508546724,-90.2652896939,5043 Washington Pl åœ£è·¯æ˜“æ–¯ MO 63108 US,,7,8,,2,0.63,,gable_family,0.379,,masonry,0.925,,,Negligible to Slight,none,0.52
3961,steer,38.6619240544,-90.2358945649,,,7,8,,2,0.597,,gable_family,0.573,,masonry,0.92,,,Moderate,none,0.45
3962,steer,38.661061879,-90.235396944,,,7,8,,2,0.495,,gable_family,0.376,,masonry,0.85,,,Moderate,moderate,0.41
3963,steer,38.669831406,-90.2326086899,,,6,8,,1,0.495,,gable_family,0.5,,masonry,0.885,,,Moderate,none,0.625
3964,steer,38.6508692875,-90.2654866824,5047 Washington Pl åœ£è·¯æ˜“æ–¯ MO 63108 US,,7,8,,2,0.725,,gable_family,0.373,,masonry,0.928,,,Negligible to Slight,none,0.53
3965,steer,38.6589130814,-90.270109417,5211 Vernon Ave St. Louis MO 63113 US,,7,8,,2,0.71,,gable_family,0.471,,masonry,0.815,,,Moderate,moderate,0.43
3966,steer,38.657422038,-90.268370287,5158 Raymond Ave St. Louis MO 63113 US,,7,8,,2,0.67,,gable_family,0.523,,masonry,0.85,,,Negligible to Slight,none,0.555
3967,steer,38.657458644,-90.2685595961,5164 Raymond Ave St. Louis MO 63113 US,,7,8,,2,0.687,,gable_family,0.479,,masonry,0.85,,,Very Heavy,none,0.575
3968,steer,38.6694405539,-90.2329898165,,,7,8,,2,0.557,,gable_family,0.497,,masonry,0.905,,,Substantial to Heavy,none,0.47
3969,steer,38.6511468716,-90.2682685782,5129 Washington Pl åœ£è·¯æ˜“æ–¯ MO 63108 US,,7,8,,2,0.69,,gable_family,0.565,,masonry,0.955,,,Moderate,none,0.55
3970,steer,38.6504682272,-90.2711964118,5231 Westminster Pl åœ£è·¯æ˜“æ–¯ MO 63108 US,,6,8,,1,0.45,,gable_family,0.526,,masonry,0.87,,,Negligible to Slight,none,0.615
3971,steer,38.657509808,-90.2690598212,5176 Raymond Ave St. Louis MO 63113 US,,7,8,,2,0.745,,gable_family,0.527,,masonry,0.965,,,Negligible to Slight,none,0.535
3972,steer,38.6495216568,-90.2671971072,5086 Westminster Pl åœ£è·¯æ˜“æ–¯ MO 63108 US,,7,8,,2,0.46,,gable_family,0.506,,masonry,0.885,,,Negligible to Slight,none,0.49
3973,steer,38.6508524616,-90.2696377486,5164 Washington Pl åœ£è·¯æ˜“æ–¯ MO 63108 US,,7,8,,2,0.579,,gable_family,0.497,,masonry,0.98,,,Substantial to Heavy,moderate,0.515
3974,steer,38.6696947815,-90.2323222396,,,6,8,,1,0.465,,gable_family,0.414,,masonry,0.89,,,Negligible to Slight,none,0.65
3975,steer,38.6489270398,-90.2687015302,5127 Waterman Blvd åœ£è·¯æ˜“æ–¯ MO 63108 US,,7,8,,2,0.733,,gable_family,0.578,,masonry,0.99,,,Substantial to Heavy,none,0.575
3976,steer,38.6512981915,-90.2691258779,5153 Washington Pl åœ£è·¯æ˜“æ–¯ MO 63108 US,,7,8,,2,0.635,,gable_family,0.478,,masonry,0.93,,,Negligible to Slight,none,0.49
3977,steer,38.6503221093,-90.2697604401,506 Lake Ave åœ£è·¯æ˜“æ–¯ MO 63108 US,,7,8,,2,0.575,,gable_family,0.463,,masonry,0.975,,,Moderate,none,0.42
3978,steer,38.6488504239,-90.267287488,5089 Waterman Blvd åœ£è·¯æ˜“æ–¯ MO 63108 US,,7,8,,2,0.61,,gable_family,0.596,,masonry,0.895,,,Negligible to Slight,none,0.46
3979,steer,38.6506310865,-90.2671110157,5090 Washington Pl åœ£è·¯æ˜“æ–¯ MO 63108 US,,7,8,,2,0.655,,gable_family,0.428,,masonry,0.8,,,Moderate,moderate,0.455
3980,steer,38.6494712524,-90.266840861,5076 Westminster Pl åœ£è·¯æ˜“æ–¯ MO 63108 US,,7,8,,2,0.557,,gable_family,0.409,,masonry,0.903,,,Moderate,none,0.46
3981,steer,38.6576458177,-90.2715688818,5250 Raymond Ave St. Louis MO 63113 US,,7,8,,2,0.56,,gable_family,0.581,,masonry,0.745,,,Moderate,none,0.535
3982,steer,38.6489090787,-90.2669132311,5079 Waterman Blvd åœ£è·¯æ˜“æ–¯ MO 63108 US,,7,8,,2,0.577,,gable_family,0.374,,masonry,0.895,,,Moderate,moderate,0.515
3983,steer,38.6544639475,-90.2669966648,5105 Kensington Ave St. Louis MO 63108 US,,7,8,,2,0.587,,gable_family,0.453,,masonry,0.915,,,Negligible to Slight,moderate,0.41
3984,steer,38.6695777465,-90.2320436294,,,7,8,,2,0.56,,gable_family,0.484,,masonry,0.915,,,Negligible to Slight,moderate,0.455
3985,steer,38.6609874326,-90.2351920014,,,7,8,,2,0.64,,gable_family,0.497,,masonry,0.85,,,Negligible to Slight,none,0.54
3986,steer,38.6616184662,-90.2337982364,,,7,8,,2,0.558,,gable_family,0.482,,masonry,0.835,,,Negligible to Slight,none,0.56
3987,steer,38.6576853085,-90.2670780323,5123 Raymond Ave St. Louis MO 63113 US,,7,6,,2,0.571,,complex_family,0.332,,masonry,0.908,,,Negligible to Slight,none,0.605
3988,steer,38.6488206355,-90.2678357667,5103 Waterman Blvd åœ£è·¯æ˜“æ–¯ MO 63108 US,,7,8,,2,0.631,,gable_family,0.424,,masonry,0.975,,,Negligible to Slight,none,0.4
3989,steer,38.6574871246,-90.2688933342,5172 Raymond Ave St. Louis MO 63113 US,,7,8,,2,0.715,,gable_family,0.414,,masonry,0.965,,,Moderate,none,0.47
3990,steer,38.6572476565,-90.2667808373,5112 Raymond Ave St. Louis MO 63113 US,,7,8,,2,0.625,,gable_family,0.374,,masonry,0.93,,,Negligible to Slight,none,0.46
3991,steer,38.6694099846,-90.2316637606,,,6,8,,1,0.481,,gable_family,0.463,,masonry,0.875,,,Moderate,none,0.595
3992,steer,38.6518305232,-90.2693220811,5156 Delmar Blvd åœ£è·¯æ˜“æ–¯ MO 63108 US,,7,6,,2,0.436,,complex_family,0.313,,masonry,0.85,,,Very Heavy,none,0.47
3993,steer,38.673801209,-90.2353381958,,,7,6,,2,0.444,,complex_family,0.31,,masonry,0.885,,,Negligible to Slight,none,0.49
3994,steer,38.6606572653,-90.2345394779,,,7,8,,2,0.715,,gable_family,0.541,,masonry,0.95,,,Negligible to Slight,none,0.62
3995,steer,38.6572962276,-90.266963665,5118 Raymond Ave St. Louis MO 63113 US,,7,8,,2,0.687,,gable_family,0.542,,masonry,0.913,,,Negligible to Slight,none,0.59
3996,steer,38.6693347388,-90.2314946175,,,7,8,,2,0.522,,gable_family,0.433,,masonry,0.87,,,Moderate,none,0.54
3997,steer,38.6615423677,-90.2337104999,,,7,8,,2,0.595,,gable_family,0.489,,masonry,0.943,,,Negligible to Slight,moderate,0.485
3998,steer,38.6514353783,-90.2704777084,5211 Washington Pl åœ£è·¯æ˜“æ–¯ MO 63108 US,,7,8,,2,0.685,,gable_family,0.447,,masonry,0.935,,,Negligible to Slight,none,0.55
3999,steer,38.6732787478,-90.236148358,,,7,8,,2,0.642,,gable_family,0.522,,masonry,0.94,,,Negligible to Slight,none,0.53
4000,steer,38.6692816292,-90.2314023146,,,7,8,,2,0.54,,gable_family,0.481,,masonry,0.835,,,Moderate,none,0.515
4001,steer,38.6504966179,-90.2718778597,5251 Westminster Pl åœ£è·¯æ˜“æ–¯ MO 63108 US,,7,8,,2,0.561,,gable_family,0.468,,masonry,0.875,,,Moderate,none,0.47
4002,steer,38.6573521462,-90.2676616904,5138 Raymond Ave St. Louis MO 63113 US,,7,8,,2,0.708,,gable_family,0.433,,masonry,0.84,,,Negligible to Slight,none,0.475
4003,steer,38.6678679561,-90.2429464478,4529 Greer Ave St. Louis MO 63115 US,,7,8,,2,0.493,,gable_family,0.466,,masonry,0.905,,,Moderate,none,0.47
4004,steer,38.6610311657,-90.233762783,,,7,8,,2,0.672,,gable_family,0.407,,masonry,0.955,,,Negligible to Slight,none,0.455
4005,steer,38.6627847458,-90.2350611734,,,7,8,,2,0.578,,gable_family,0.453,,masonry,0.905,,,Substantial to Heavy,none,0.46
4006,steer,38.6613382374,-90.2361165782,,,7,8,,2,0.578,,gable_family,0.408,,masonry,0.965,,,Negligible to Slight,none,0.58
4007,steer,38.6496458128,-90.2686105225,5132 Westminster Pl åœ£è·¯æ˜“æ–¯ MO 63108 US,,7,8,,2,0.585,,gable_family,0.457,,masonry,0.905,,,Negligible to Slight,none,0.525
4008,steer,38.6576202857,-90.272057641,1118 Union Blvd St. Louis MO 63113 US,,7,8,,2,0.465,,gable_family,0.443,,masonry,0.78,,,Very Heavy,moderate,0.475
4009,steer,38.6733357772,-90.2353809853,,,7,8,,2,0.501,,gable_family,0.363,,masonry,0.895,,,Negligible to Slight,moderate,0.415
4010,steer,38.6611394285,-90.2356498951,,,7,8,,2,0.557,,gable_family,0.442,,masonry,0.88,,,Negligible to Slight,moderate,0.47
4011,steer,38.6560532326,-90.2699091608,5195 Cates Ave St. Louis MO 63108 US,,7,8,,2,0.511,,gable_family,0.453,,masonry,0.875,,,Substantial to Heavy,moderate,0.55
4012,steer,38.6692579698,-90.2313048707,,,6,8,,1,0.532,,gable_family,0.406,,masonry,0.86,,,Moderate,none,0.475
4013,steer,38.6575145829,-90.2692393824,5182 Raymond Ave St. Louis MO 63113 US,,7,8,,2,0.721,,gable_family,0.477,,masonry,0.985,,,Negligible to Slight,none,0.51
4014,steer,38.6732932722,-90.2353223094,,,7,8,,2,0.441,,gable_family,0.368,,masonry,0.915,,,Negligible to Slight,moderate,0.44
4015,steer,38.6731307724,-90.2357964188,,,7,8,,2,0.495,,gable_family,0.406,,masonry,0.794,,,Negligible to Slight,none,0.475
4016,steer,38.6515007625,-90.2711973921,5237 Washington Pl åœ£è·¯æ˜“æ–¯ MO 63108 US,,7,8,,2,0.754,,gable_family,0.54,,masonry,0.97,,,Negligible to Slight,none,0.52
4017,steer,38.6692304994,-90.2312409747,,,7,8,,2,0.535,,gable_family,0.5,,masonry,0.85,,,Moderate,none,0.545
4018,steer,38.6575581469,-90.2695325058,5192 Raymond Ave St. Louis MO 63113 US,,7,8,,2,0.658,,gable_family,0.483,,masonry,0.95,,,Negligible to Slight,none,0.46
4019,steer,38.6678813736,-90.2413264644,3126 N Taylor Ave St. Louis MO 63115 US,,6,8,,1,0.44,,gable_family,0.404,,masonry,0.89,,,Substantial to Heavy,none,0.495
4020,steer,38.6619863622,-90.2332023529,,,7,8,,2,0.7,,gable_family,0.56,,masonry,0.915,,,Negligible to Slight,moderate,0.52
4021,steer,38.6690536291,-90.2313479395,,,7,8,,2,0.515,,gable_family,0.499,,masonry,0.845,,,Substantial to Heavy,moderate,0.445
4022,steer,38.6507202204,-90.268727166,5138 Washington Pl åœ£è·¯æ˜“æ–¯ MO 63108 US,,7,8,,2,0.548,,gable_family,0.404,,masonry,0.905,,,Moderate,none,0.505
4023,steer,38.6515519514,-90.2716439379,5251 Washington Pl åœ£è·¯æ˜“æ–¯ MO 63108 US,,7,8,,2,0.492,,gable_family,0.409,,masonry,0.845,,,Moderate,moderate,0.465
4024,steer,38.6690157669,-90.2312735463,,,7,8,,2,0.593,,gable_family,0.421,,masonry,0.93,,,Moderate,moderate,0.46
4025,steer,38.66730278,-90.2402511441,4446 Elmbank Ave St. Louis MO 63115 US,,7,8,,2,0.606,,gable_family,0.572,,masonry,0.895,,,Very Heavy,none,0.45
4026,steer,38.6501429012,-90.2690049656,5143 Westminster Pl åœ£è·¯æ˜“æ–¯ MO 63108 US,,7,8,,2,0.56,,gable_family,0.522,,masonry,0.905,,,Moderate,none,0.46
4027,steer,38.6515712223,-90.2720537487,5261 Washington Pl åœ£è·¯æ˜“æ–¯ MO 63108 US,,7,8,,2,0.725,,gable_family,0.477,,masonry,0.985,,,Moderate,none,0.55
4028,steer,38.6505653158,-90.2668259251,5082 Washington Pl åœ£è·¯æ˜“æ–¯ MO 63108 US,,7,8,,2,0.8,,gable_family,0.491,,masonry,0.92,,,Negligible to Slight,none,0.41
4029,steer,38.6674202077,-90.2404493807,4452 Elmbank Ave St. Louis MO 63115 US,,7,8,,2,0.491,,gable_family,0.327,,masonry,0.91,,,Destruction,moderate,0.545
4030,steer,38.6615012793,-90.2335353864,,,7,8,,2,0.551,,gable_family,0.488,,masonry,0.97,,,Negligible to Slight,none,0.495
4031,steer,38.6509564071,-90.2705784841,5214 Washington Pl åœ£è·¯æ˜“æ–¯ MO 63108 US,,7,8,,2,0.71,,gable_family,0.429,,masonry,0.945,,,Substantial to Heavy,moderate,0.5
4032,steer,38.6510259815,-90.2713024007,5240 Washington Pl åœ£è·¯æ˜“æ–¯ MO 63108 US,,7,8,,2,0.786,,gable_family,0.564,,masonry,0.99,,,Negligible to Slight,none,0.5
4033,steer,38.6546016624,-90.2683367341,5145 Kensington Ave St. Louis MO 63108 US,,7,8,,2,0.64,,gable_family,0.448,,masonry,0.84,,,Negligible to Slight,none,0.63
4034,steer,38.6557617791,-90.2673984138,5123 Cates Ave St. Louis MO 63108 US,,7,8,,2,0.62,,gable_family,0.447,,masonry,0.89,,,Negligible to Slight,none,0.53
4035,steer,38.6611079937,-90.2338953942,,,7,8,,2,0.678,,gable_family,0.493,,masonry,0.98,,,Moderate,moderate,0.435
4036,steer,38.6505266611,-90.2720376922,5257 Westminster Pl åœ£è·¯æ˜“æ–¯ MO 63108 US,,7,8,,2,0.605,,gable_family,0.626,,masonry,0.878,,,Substantial to Heavy,none,0.56
4037,steer,38.6684815795,-90.2318079717,,,7,8,,2,0.473,,gable_family,0.433,,masonry,0.77,,,Substantial to Heavy,none,0.55
4038,steer,38.6509295905,-90.2660143186,5061 Washington Pl åœ£è·¯æ˜“æ–¯ MO 63108 US,,7,8,,2,0.71,,gable_family,0.51,,masonry,0.865,,,Negligible to Slight,none,0.495
4039,steer,38.6563308264,-90.2667280545,5104 Cabanne Ave St. Louis MO 63113 US,,7,8,,2,0.665,,gable_family,0.504,,masonry,0.885,,,Negligible to Slight,none,0.49
4040,steer,38.6676272925,-90.2415302736,3116 N Taylor Ave St. Louis MO 63115 US,,7,8,,2,0.57,,gable_family,0.403,,masonry,0.905,,,Substantial to Heavy,moderate,0.445
4041,steer,38.6683855914,-90.232088025,,,7,8,,2,0.585,,gable_family,0.532,,masonry,0.885,,,Very Heavy,moderate,0.44
4042,steer,38.6577046177,-90.2708510614,5226 Raymond Ave St. Louis MO 63113 US,,7,8,,2,0.708,,gable_family,0.564,,masonry,0.935,,,Negligible to Slight,none,0.505
4043,steer,38.6557201143,-90.267080972,5111 Cates Ave St. Louis MO 63108 US,,7,8,,2,0.592,,gable_family,0.493,,masonry,0.775,,,Moderate,none,0.525
4044,steer,38.6546364858,-90.2686992807,5155 Kensington Ave St. Louis MO 63108 US,,7,8,,2,0.672,,gable_family,0.459,,masonry,0.905,,,Negligible to Slight,none,0.475
4045,steer,38.6674540758,-90.2415990388,3108 N Taylor Ave St. Louis MO 63115 US,,7,8,,2,0.67,,gable_family,0.499,,masonry,0.92,,,Substantial to Heavy,none,0.65
4046,steer,38.6509164944,-90.2701671418,5206 Washington Pl åœ£è·¯æ˜“æ–¯ MO 63108 US,,7,8,,2,0.705,,gable_family,0.473,,masonry,0.97,,,Negligible to Slight,none,0.535
4047,steer,38.6499291442,-90.2713776093,5234 Westminster Pl åœ£è·¯æ˜“æ–¯ MO 63108 US,,7,8,,2,0.659,,gable_family,0.487,,masonry,0.933,,,Moderate,none,0.465
4048,steer,38.6659656746,-90.2438580278,4519 St Louis Ave St. Louis MO 63115 US,,7,8,,2,0.475,,gable_family,0.443,,masonry,0.915,,,Substantial to Heavy,moderate,0.51
4049,steer,38.667642221,-90.2410081851,4470 Elmbank Ave St. Louis MO 63115 US,,7,8,,2,0.612,,gable_family,0.418,,masonry,0.91,,,Very Heavy,none,0.455
4050,steer,38.650587799,-90.272605821,5273 Westminster Pl åœ£è·¯æ˜“æ–¯ MO 63108 US,,7,8,,2,0.549,,gable_family,0.508,,masonry,0.895,,,Negligible to Slight,none,0.515
4051,steer,38.6516568877,-90.2727536705,5281 Washington Pl åœ£è·¯æ˜“æ–¯ MO 63108 US,,7,8,,2,0.635,,gable_family,0.447,,masonry,0.875,,,Moderate,none,0.615
4052,steer,38.6655840963,-90.2414238,4446 Labadie Ave St. Louis MO 63115 US,,7,8,,2,0.512,,gable_family,0.523,,masonry,0.715,,,Substantial to Heavy,none,0.51
4053,steer,38.6577214839,-90.2710015674,5232 Raymond Ave St. Louis MO 63113 US,,7,8,,2,0.585,,gable_family,0.429,,masonry,0.9,,,Moderate,none,0.46
4054,steer,38.667601287,-90.2408813693,4466 Elmbank Ave St. Louis MO 63115 US,,7,8,,2,0.603,,gable_family,0.423,,masonry,0.915,,,Very Heavy,none,0.545
4055,steer,38.6590869882,-90.2717553166,5259 Vernon Ave St. Louis MO 63113 US,,7,8,,2,0.655,,gable_family,0.506,,masonry,0.93,,,Negligible to Slight,none,0.56
4056,steer,38.6679685631,-90.2432138897,4537 Greer Ave St. Louis MO 63115 US,,6,8,,1,0.446,,gable_family,0.466,,masonry,0.93,,,Very Heavy,moderate,0.41
4057,steer,38.6571182409,-90.2701541533,5205 Cabanne Ave St. Louis MO 63113 US,,7,8,,2,0.616,,gable_family,0.384,,masonry,0.95,,,Negligible to Slight,none,0.52
4058,steer,38.6577113415,-90.2722826707,1118 Union Blvd St. Louis MO 63113 US,,7,8,,2,0.555,,gable_family,0.448,,masonry,0.895,,,Negligible to Slight,none,0.44
4059,steer,38.6500815115,-90.2731378795,5284 Westminster Pl åœ£è·¯æ˜“æ–¯ MO 63108 US,,7,8,,2,0.627,,gable_family,0.571,,masonry,0.9,,,Negligible to Slight,none,0.545
4060,steer,38.6729933362,-90.2354498236,,,7,8,,2,0.54,,gable_family,0.379,,masonry,0.96,,,Negligible to Slight,none,0.45
4061,steer,38.6517207831,-90.2732694516,5297 Washington Pl åœ£è·¯æ˜“æ–¯ MO 63108 US,,7,8,,2,0.562,,gable_family,0.325,,masonry,0.93,,,Very Heavy,moderate,0.44
4062,steer,38.6552909113,-90.2668543674,5104 Cates Ave St. Louis MO 63108 US,,7,8,,2,0.536,,gable_family,0.428,,masonry,0.955,,,Destruction,none,0.43
4063,steer,38.6578259107,-90.2722106093,1122 Union Blvd St. Louis MO 63113 US,,7,8,,2,0.435,,gable_family,0.385,,masonry,0.82,,,Negligible to Slight,none,0.445
4064,steer,38.6486878231,-90.2726878965,3 Portland Ct åœ£è·¯æ˜“æ–¯ MO 63108 US,,7,8,,2,0.624,,gable_family,0.435,,masonry,0.95,,,Negligible to Slight,none,0.475
4065,steer,38.66718084,-90.23805539,3214 N Newstead Ave St. Louis MO 63115 US,,7,8,,2,0.445,,gable_family,0.446,,masonry,0.89,,,Very Heavy,moderate,0.555
4066,steer,38.6485755952,-90.271170275,5220 Waterman Blvd åœ£è·¯æ˜“æ–¯ MO 63108 US,,7,8,,2,0.595,,gable_family,0.547,,masonry,0.933,,,Negligible to Slight,none,0.535
4067,steer,38.6511128434,-90.2723307842,5266 Washington Pl åœ£è·¯æ˜“æ–¯ MO 63108 US,,7,8,,2,0.716,,gable_family,0.457,,masonry,0.935,,,Moderate,none,0.485
4068,steer,38.6681165839,-90.2435425006,4547 Greer Ave St. Louis MO 63115 US,,7,8,,2,0.53,,gable_family,0.549,,masonry,0.855,,,Moderate,moderate,0.47
4069,steer,38.6572573659,-90.2715943035,5247 Cabanne Ave St. Louis MO 63113 US,,7,8,,2,0.596,,gable_family,0.433,,masonry,0.92,,,Negligible to Slight,none,0.535
4070,steer,38.6585712223,-90.2705799679,5222 Vernon Ave St. Louis MO 63113 US,,7,8,,2,0.61,,gable_family,0.468,,masonry,0.9,,,Negligible to Slight,none,0.615
4071,steer,38.6730266773,-90.2355580153,,,7,8,,2,0.602,,gable_family,0.372,,masonry,0.963,,,Moderate,moderate,0.435
4072,steer,38.6621360671,-90.235051282,,,7,8,,2,0.651,,gable_family,0.478,,masonry,0.95,,,Negligible to Slight,none,0.475
4073,steer,38.6503402989,-90.2703477404,5201 Westminster Pl åœ£è·¯æ˜“æ–¯ MO 63108 US,,7,6,,2,0.5,,complex_family,0.366,,masonry,0.913,,,Negligible to Slight,none,0.535
4074,steer,38.6569275257,-90.2686264527,5165 Cabanne Ave St. Louis MO 63113 US,,7,8,,2,0.687,,gable_family,0.506,,masonry,0.915,,,Negligible to Slight,none,0.515
4075,steer,38.6688915722,-90.2428537129,4549 Elmbank Ave St. Louis MO 63115 US,,7,8,,2,0.595,,gable_family,0.515,,masonry,0.955,,,Moderate,none,0.605
4076,steer,38.6627180832,-90.2348279143,,,7,8,,2,0.552,,gable_family,0.417,,masonry,0.935,,,Negligible to Slight,none,0.54
4077,steer,38.6479774902,-90.2714914859,39 Portland Pl åœ£è·¯æ˜“æ–¯ MO 63108 US,,7,8,,2,0.499,,gable_family,0.436,,masonry,0.935,,,Negligible to Slight,none,0.555
4078,steer,38.6569128123,-90.2683760023,5157 Cabanne Ave St. Louis MO 63113 US,,7,8,,2,0.662,,gable_family,0.426,,masonry,0.87,,,Negligible to Slight,none,0.455
4079,steer,38.6664672365,-90.2385665169,3120 N Newstead Ave St. Louis MO 63115 US,,7,8,,2,0.691,,gable_family,0.438,,masonry,0.95,,,Destruction,moderate,0.515
4080,steer,38.6688052878,-90.2425625944,4535 Elmbank Ave St. Louis MO 63115 US,,7,8,,2,0.51,,gable_family,0.431,,masonry,0.7,,,Substantial to Heavy,moderate,0.47
4081,steer,38.6622444828,-90.2352511402,,,7,8,,2,0.463,,gable_family,0.447,,masonry,0.705,,,Negligible to Slight,moderate,0.455
4082,steer,38.6569020056,-90.2682517601,5153 Cabanne Ave St. Louis MO 63113 US,,7,8,,2,0.638,,gable_family,0.527,,masonry,0.825,,,Negligible to Slight,none,0.51
4083,steer,38.6581296795,-90.2713241971,5243 Raymond Ave St. Louis MO 63113 US,,7,8,,2,0.675,,gable_family,0.522,,masonry,0.94,,,Negligible to Slight,none,0.52
4084,steer,38.6562162013,-90.2693965916,5179 Cates Ave St. Louis MO 63108 US,,7,8,,2,0.648,,gable_family,0.616,,masonry,0.815,,,Moderate,moderate,0.485
4085,steer,38.6520241485,-90.2713452052,5212 Delmar Blvd åœ£è·¯æ˜“æ–¯ MO 63108 US,,6,8,,1,0.46,,gable_family,0.348,,masonry,0.905,,,Moderate,none,0.465
4086,steer,38.6629873591,-90.2355067423,,,7,8,,2,0.498,,gable_family,0.394,,masonry,0.93,,,Substantial to Heavy,none,0.465
4087,steer,38.6581044625,-90.2711505695,5237 Raymond Ave St. Louis MO 63113 US,,7,8,,2,0.685,,gable_family,0.541,,masonry,0.91,,,Negligible to Slight,none,0.475
4088,steer,38.657079015,-90.2696872061,5193 Cabanne Ave St. Louis MO 63113 US,,7,8,,2,0.662,,gable_family,0.404,,masonry,0.88,,,Negligible to Slight,none,0.53
4089,steer,38.664749486,-90.2396882139,2920 N Newstead Ave St. Louis MO 63115 US,,7,8,,2,0.427,,gable_family,0.41,,masonry,0.88,,,Destruction,moderate,0.44
4090,steer,38.6570588421,-90.2695443989,5189 Cabanne Ave St. Louis MO 63113 US,,7,8,,2,0.515,,gable_family,0.561,,masonry,0.84,,,Moderate,none,0.52
4091,steer,38.6734855107,-90.2357376281,,,7,8,,2,0.435,,gable_family,0.449,,masonry,0.82,,,Negligible to Slight,moderate,0.445
4092,steer,38.6596769638,-90.2627932966,5010 Page Blvd åœ£è·¯æ˜“æ–¯ MO 63113 US,,7,8,,2,0.468,,gable_family,0.476,,masonry,0.88,,,Negligible to Slight,none,0.59
4093,steer,38.658058595,-90.2706271285,5223 Raymond Ave St. Louis MO 63113 US,,7,8,,2,0.677,,gable_family,0.489,,masonry,0.945,,,Negligible to Slight,none,0.525
4094,steer,38.6563847155,-90.2672410939,5120 Cabanne Ave St. Louis MO 63113 US,,7,8,,2,0.616,,gable_family,0.437,,masonry,0.845,,,Negligible to Slight,none,0.455
4095,steer,38.6625426752,-90.2344680483,,,7,8,,2,0.68,,gable_family,0.501,,masonry,0.86,,,Negligible to Slight,none,0.515
4096,steer,38.656398644,-90.2673542584,5124 Cabanne Ave St. Louis MO 63113 US,,7,8,,2,0.643,,gable_family,0.442,,masonry,0.945,,,Negligible to Slight,none,0.5
4097,steer,38.6579954929,-90.2699521853,5201 Raymond Ave St. Louis MO 63113 US,,7,8,,2,0.621,,gable_family,0.383,,masonry,0.935,,,Negligible to Slight,none,0.48
4098,steer,38.6735200479,-90.234726568,,,7,8,,2,0.579,,gable_family,0.438,,masonry,0.83,,,Moderate,none,0.62
4099,steer,38.6563681827,-90.267104157,5116 Cabanne Ave St. Louis MO 63113 US,,7,8,,2,0.647,,gable_family,0.372,,masonry,0.895,,,Moderate,none,0.53
4100,steer,38.6732834909,-90.2352635634,,,7,8,,2,0.43,,gable_family,0.349,,masonry,0.885,,,Negligible to Slight,moderate,0.485
4101,steer,38.656424275,-90.2674715444,5128 Cabanne Ave St. Louis MO 63113 US,,7,8,,2,0.615,,gable_family,0.363,,masonry,0.925,,,Negligible to Slight,none,0.575
4102,steer,38.6687733528,-90.2324809275,,,7,8,,2,0.479,,gable_family,0.453,,masonry,0.74,,,Negligible to Slight,moderate,0.435
4103,steer,38.6558176209,-90.2677760117,5133 Cates Ave St. Louis MO 63108 US,,7,8,,2,0.57,,gable_family,0.464,,masonry,0.875,,,Substantial to Heavy,moderate,0.44
4104,steer,38.6678466795,-90.2413979341,3124 N Taylor Ave St. Louis MO 63115 US,,7,8,,2,0.498,,gable_family,0.537,,masonry,0.845,,,Moderate,none,0.585
4105,steer,38.6549005068,-90.2713626795,5227 Kensington Ave St. Louis MO 63108 US,,7,8,,2,0.522,,gable_family,0.458,,masonry,0.855,,,Moderate,moderate,0.49
4106,steer,38.6564811483,-90.2681167935,5146 Cabanne Ave St. Louis MO 63113 US,,7,8,,2,0.555,,gable_family,0.5,,masonry,0.89,,,Negligible to Slight,none,0.63
4107,steer,38.6484626148,-90.2698027567,5158 Waterman Blvd åœ£è·¯æ˜“æ–¯ MO 63108 US,,7,8,,2,0.54,,gable_family,0.364,,masonry,0.955,,,Moderate,none,0.53
4108,steer,38.6557344306,-90.2671809774,5115 Cates Ave St. Louis MO 63108 US,,7,8,,2,0.532,,gable_family,0.449,,masonry,0.765,,,Moderate,none,0.58
4109,steer,38.6677683314,-90.2414441887,3122 N Taylor Ave St. Louis MO 63115 US,,7,8,,2,0.61,,gable_family,0.477,,masonry,0.9,,,Substantial to Heavy,none,0.46
4110,steer,38.6686607738,-90.2321490497,,,7,8,,2,0.53,,gable_family,0.564,,masonry,0.9,,,Substantial to Heavy,moderate,0.43
4111,steer,38.6661623186,-90.240143624,4422 Greer Ave St. Louis MO 63115 US,,7,8,,2,0.622,,gable_family,0.508,,masonry,0.92,,,Moderate,moderate,0.445
4112,steer,38.6692920938,-90.2336649338,,,7,8,,2,0.561,,gable_family,0.486,,masonry,0.945,,,Substantial to Heavy,moderate,0.44
4113,steer,38.6660133393,-90.2441051051,4527 St Louis Ave St. Louis MO 63115 US,,6,8,,1,0.42,,gable_family,0.269,,masonry,0.783,,,Substantial to Heavy,moderate,0.565
4114,steer,38.661073294,-90.2416975168,,,7,8,,2,0.529,,gable_family,0.405,,masonry,0.815,,,Negligible to Slight,none,0.53
4115,steer,38.6677184978,-90.2414809978,3120 N Taylor Ave St. Louis MO 63115 US,,7,8,,2,0.562,,gable_family,0.397,,masonry,0.9,,,Substantial to Heavy,moderate,0.56
4116,steer,38.6659021661,-90.2410833564,4443 Labadie Ave St. Louis MO 63115 US,,7,8,,2,0.446,,gable_family,0.469,,masonry,0.785,,,Substantial to Heavy,moderate,0.455
4117,steer,38.6675420804,-90.2416075715,3112 N Taylor Ave St. Louis MO 63115 US,,7,8,,2,0.621,,gable_family,0.433,,masonry,0.945,,,Moderate,none,0.575
4118,steer,38.6609435314,-90.2413544915,,,7,8,,2,0.532,,gable_family,0.459,,masonry,0.94,,,Negligible to Slight,none,0.575
4119,steer,38.6500269191,-90.2725195144,5266 Westminster Pl åœ£è·¯æ˜“æ–¯ MO 63108 US,,7,8,,2,0.713,,gable_family,0.558,,masonry,0.96,,,Moderate,none,0.535
4120,steer,38.6659661093,-90.2412327733,4449 Labadie Ave St. Louis MO 63115 US,,6,8,,1,0.45,,gable_family,0.492,,masonry,0.69,,,Moderate,moderate,0.485
4121,steer,38.6654780192,-90.2411610048,4438 Labadie Ave St. Louis MO 63115 US,,7,8,,2,0.462,,gable_family,0.489,,masonry,0.79,,,Moderate,none,0.435
4122,steer,38.6591004832,-90.2718756753,5263 Vernon Ave St. Louis MO 63113 US,,7,8,,2,0.563,,gable_family,0.417,,masonry,0.885,,,Very Heavy,moderate,0.5
4123,steer,38.6607198302,-90.2410236834,,,7,8,,2,0.576,,gable_family,0.379,,masonry,0.945,,,Negligible to Slight,moderate,0.44
4124,steer,38.6660449018,-90.2413903477,4455 Labadie Ave St. Louis MO 63115 US,,7,8,,2,0.492,,gable_family,0.428,,masonry,0.81,,,Moderate,moderate,0.51
4125,steer,38.6565718769,-90.2721149118,1020 Union Blvd St. Louis MO 63113 US,,7,8,,2,0.582,,gable_family,0.358,,masonry,0.975,,,Moderate,none,0.555
4126,steer,38.6655209888,-90.2412504724,4442 Labadie Ave St. Louis MO 63115 US,,6,8,,1,0.425,,gable_family,0.389,,masonry,0.735,,,Moderate,none,0.45
4127,steer,38.649494862,-90.2665929163,5070 Westminster Pl åœ£è·¯æ˜“æ–¯ MO 63108 US,,7,8,,2,0.695,,gable_family,0.581,,masonry,0.88,,,Substantial to Heavy,moderate,0.44
4128,steer,38.6602461858,-90.2412381857,,,7,8,,2,0.53,,gable_family,0.318,,masonry,0.945,,,Negligible to Slight,none,0.455
4129,steer,38.6662816732,-90.2420305066,4475 Labadie Ave St. Louis MO 63115 US,,7,8,,2,0.696,,gable_family,0.576,,masonry,0.975,,,Substantial to Heavy,none,0.475
4130,steer,38.6561989382,-90.2717931182,5247 Cates Ave St. Louis MO 63108 US,,7,8,,2,0.509,,gable_family,0.335,,masonry,0.96,,,Negligible to Slight,none,0.54
4131,steer,38.6739142418,-90.23554014,,,7,8,,2,0.52,,gable_family,0.429,,masonry,0.853,,,Negligible to Slight,none,0.495
4132,steer,38.6656421943,-90.2416049861,4450 Labadie Ave St. Louis MO 63115 US,,7,8,,2,0.467,,gable_family,0.448,,masonry,0.815,,,Very Heavy,moderate,0.55
4133,steer,38.6667394996,-90.2413793287,4464 Greer Ave St. Louis MO 63115 US,,7,8,,2,0.632,,gable_family,0.524,,masonry,0.975,,,Moderate,moderate,0.45
4134,steer,38.6600639279,-90.2406204836,,,7,8,,2,0.611,,gable_family,0.285,,masonry,0.92,,,Moderate,none,0.485
4135,steer,38.656212478,-90.271565843,5241 Cates Ave St. Louis MO 63108 US,,7,8,,2,0.576,,gable_family,0.359,,masonry,0.925,,,Negligible to Slight,moderate,0.45
4136,steer,38.6576958838,-90.2672604097,5127 Raymond Ave St. Louis MO 63113 US,,7,8,,2,0.716,,gable_family,0.488,,masonry,0.97,,,Negligible to Slight,none,0.5
4137,steer,38.673654301,-90.234905015,,,7,8,,2,0.533,,gable_family,0.386,,masonry,0.89,,,Negligible to Slight,moderate,0.435
4138,steer,38.6674066948,-90.2429583549,4520 Greer Ave St. Louis MO 63115 US,,7,8,,2,0.553,,gable_family,0.408,,masonry,0.845,,,Moderate,none,0.44
4139,steer,38.6598618573,-90.2646097468,5048 Page Blvd åœ£è·¯æ˜“æ–¯ MO 63113 US,,7,8,,2,0.633,,gable_family,0.431,,masonry,0.975,,,Negligible to Slight,none,0.475
4140,steer,38.6561609356,-90.2713997849,5235 Cates Ave St. Louis MO 63108 US,,7,6,,2,0.617,,complex_family,0.28,,masonry,0.94,,,Negligible to Slight,none,0.59
4141,steer,38.6572392608,-90.2666326984,5108 Raymond Ave St. Louis MO 63113 US,,7,8,,2,0.71,,gable_family,0.547,,masonry,0.91,,,Negligible to Slight,none,0.58
4142,steer,38.6674500422,-90.2430493868,4522 Greer Ave St. Louis MO 63115 US,,7,8,,2,0.597,,gable_family,0.513,,masonry,0.95,,,Very Heavy,none,0.515
4143,steer,38.6553537388,-90.2672844513,5116 Cates Ave St. Louis MO 63108 US,,7,8,,2,0.588,,gable_family,0.455,,masonry,0.87,,,Moderate,none,0.535
4144,steer,38.6599452223,-90.2649852627,5076 Page Blvd åœ£è·¯æ˜“æ–¯ MO 63113 US,,7,8,,2,0.613,,gable_family,0.509,,masonry,0.91,,,Substantial to Heavy,moderate,0.42
4145,steer,38.6575416629,-90.2694211151,5186 Raymond Ave St. Louis MO 63113 US,,7,8,,2,0.676,,gable_family,0.434,,masonry,0.935,,,Negligible to Slight,none,0.53
4146,steer,38.6656393617,-90.2382802099,3035 Vine Grove Ave St. Louis MO 63115 US,,7,8,,2,0.533,,gable_family,0.491,,masonry,0.763,,,Substantial to Heavy,moderate,0.49
4147,steer,38.666642003,-90.2422223195,3012 N Taylor Ave St. Louis MO 63115 US,,7,8,,2,0.548,,gable_family,0.414,,masonry,0.805,,,Very Heavy,moderate,0.485
4148,steer,38.6614278699,-90.2346381364,,,7,8,,2,0.695,,gable_family,0.563,,masonry,0.96,,,Moderate,none,0.45
4149,steer,38.6599284962,-90.2650911033,5078 Page Blvd åœ£è·¯æ˜“æ–¯ MO 63113 US,,7,8,,2,0.618,,gable_family,0.417,,masonry,0.915,,,Substantial to Heavy,moderate,0.48
4150,steer,38.6572067586,-90.2711141748,5233 Cabanne Ave St. Louis MO 63113 US,,7,8,,2,0.5,,gable_family,0.537,,masonry,0.825,,,Moderate,moderate,0.44
4151,steer,38.6657312905,-90.239085128,3026 N Newstead Ave St. Louis MO 63115 US,,7,8,,2,0.532,,gable_family,0.409,,masonry,0.775,,,Destruction,moderate,0.51
4152,steer,38.660844905,-90.2339129867,,,7,6,,2,0.503,,complex_family,0.33,,masonry,0.96,,,Moderate,moderate,0.445
4153,steer,38.662685169,-90.2443508343,,,6,8,,1,0.455,,gable_family,0.355,,masonry,0.905,,,Moderate,moderate,0.425
4154,steer,38.6571743269,-90.2703830525,5211 Cabanne Ave St. Louis MO 63113 US,,7,8,,2,0.416,,gable_family,0.442,,masonry,0.76,,,Moderate,moderate,0.515
4155,steer,38.6667816763,-90.242090968,3018 N Taylor Ave St. Louis MO 63115 US,,7,8,,2,0.514,,gable_family,0.458,,masonry,0.84,,,Destruction,moderate,0.45
4156,steer,38.6557666537,-90.2676509096,5131 Cates Ave St. Louis MO 63108 US,,7,8,,2,0.645,,gable_family,0.453,,masonry,0.94,,,Negligible to Slight,none,0.52
4157,steer,38.6622904448,-90.2364415748,,,7,8,,2,0.57,,gable_family,0.363,,masonry,0.93,,,Moderate,moderate,0.44
4158,steer,38.6593838584,-90.2654582466,5087 Maple Ave åœ£è·¯æ˜“æ–¯ MO 63113 US,,7,8,,2,0.575,,gable_family,0.388,,masonry,0.89,,,Negligible to Slight,none,0.45
4159,steer,38.6568291764,-90.2674991454,5131 Cabanne Ave St. Louis MO 63113 US,,7,8,,2,0.67,,gable_family,0.417,,masonry,0.905,,,Negligible to Slight,none,0.46
4160,steer,38.656294046,-90.266586241,5100 Cabanne Ave St. Louis MO 63113 US,,7,8,,2,0.563,,gable_family,0.408,,masonry,0.919,,,Moderate,moderate,0.46
4161,steer,38.6680545135,-90.2418881357,3125 N Taylor Ave St. Louis MO 63115 US,,7,8,,2,0.422,,gable_family,0.405,,masonry,0.895,,,Substantial to Heavy,moderate,0.44
4162,steer,38.6511220573,-90.2721395662,5260 Washington Pl åœ£è·¯æ˜“æ–¯ MO 63108 US,,7,8,,2,0.76,,gable_family,0.464,,masonry,0.975,,,Moderate,moderate,0.435
4163,steer,38.6567710932,-90.2670834268,5117 Cabanne Ave St. Louis MO 63113 US,,7,8,,2,0.675,,gable_family,0.472,,masonry,0.895,,,Moderate,none,0.555
4164,steer,38.6679287658,-90.2419401383,3121 N Taylor Ave St. Louis MO 63115 US,,7,8,,2,0.482,,gable_family,0.39,,masonry,0.91,,,Substantial to Heavy,moderate,0.455
4165,steer,38.6623634768,-90.2355867764,,,7,8,,2,0.653,,gable_family,0.512,,masonry,0.915,,,Negligible to Slight,none,0.54
4166,steer,38.6659854199,-90.2440156406,4521 St Louis Ave St. Louis MO 63115 US,,7,8,,2,0.462,,gable_family,0.404,,masonry,0.783,,,Substantial to Heavy,moderate,0.485
4167,steer,38.6554826157,-90.2683313445,5146 Cates Ave St. Louis MO 63108 US,,7,8,,2,0.572,,gable_family,0.537,,masonry,0.95,,,Negligible to Slight,none,0.515
4168,steer,38.6593773838,-90.2653147752,5083 Maple Ave åœ£è·¯æ˜“æ–¯ MO 63113 US,,7,8,,2,0.58,,gable_family,0.477,,masonry,0.89,,,Negligible to Slight,none,0.49
4169,steer,38.6628307833,-90.2351565955,,,7,8,,2,0.644,,gable_family,0.424,,masonry,0.945,,,Negligible to Slight,none,0.625
4170,steer,38.6574025782,-90.2721619886,1106 Union Blvd St. Louis MO 63113 US,,7,8,,2,0.488,,gable_family,0.414,,masonry,0.785,,,Negligible to Slight,none,0.58
4171,steer,38.6567579871,-90.2669717859,5115 Cabanne Ave St. Louis MO 63113 US,,7,8,,2,0.693,,gable_family,0.523,,masonry,0.89,,,Moderate,none,0.635
4172,steer,38.655451688,-90.2684421807,5150 Cates Ave St. Louis MO 63108 US,,7,8,,2,0.699,,gable_family,0.593,,masonry,0.96,,,Substantial to Heavy,none,0.555
4173,steer,38.6624582339,-90.2357643257,,,7,8,,2,0.627,,gable_family,0.443,,masonry,0.905,,,Moderate,moderate,0.47
4174,steer,38.6549950161,-90.267486862,5120 Cates Ave St. Louis MO 63108 US,,7,8,,2,0.515,,gable_family,0.458,,masonry,0.725,,,Negligible to Slight,moderate,0.52
4175,steer,38.6538338961,-90.2719556475,5241 Enright Ave St. Louis MO 63108 US,,7,8,,2,0.585,,gable_family,0.437,,masonry,0.965,,,Negligible to Slight,none,0.53
4176,steer,38.6629611043,-90.2354156291,,,7,8,,2,0.529,,gable_family,0.497,,masonry,0.91,,,Moderate,moderate,0.535
4177,steer,38.6511812379,-90.2733276817,530 Union Blvd åœ£è·¯æ˜“æ–¯ MO 63108 US,,7,8,,2,0.511,,gable_family,0.325,,masonry,0.9,,,Negligible to Slight,none,0.625
4178,steer,38.6572834591,-90.2716853186,5249 Cabanne Ave St. Louis MO 63113 US,,7,8,,2,0.52,,gable_family,0.586,,masonry,0.74,,,Negligible to Slight,none,0.5
4179,steer,38.656753722,-90.2667250877,5109 Cabanne Ave St. Louis MO 63113 US,,7,8,,2,0.698,,gable_family,0.471,,masonry,0.89,,,Negligible to Slight,none,0.5
4180,steer,38.6555000709,-90.2686923758,5156 Cates Ave St. Louis MO 63108 US,,7,8,,2,0.785,,gable_family,0.639,,masonry,0.955,,,Negligible to Slight,none,0.61
4181,steer,38.6729231195,-90.2353125136,,,7,8,,2,0.648,,gable_family,0.533,,masonry,0.923,,,Negligible to Slight,none,0.475
4182,steer,38.6538441542,-90.2720654241,5243 Enright Ave St. Louis MO 63108 US,,7,8,,2,0.58,,gable_family,0.422,,masonry,0.95,,,Negligible to Slight,none,0.605
4183,steer,38.6553881992,-90.2675226427,5124 Cates Ave St. Louis MO 63108 US,,7,8,,2,0.572,,gable_family,0.443,,masonry,0.884,,,Negligible to Slight,none,0.515
4184,steer,38.6564351311,-90.2677232971,5136 Cabanne Ave St. Louis MO 63113 US,,7,8,,2,0.572,,gable_family,0.426,,masonry,0.935,,,Moderate,none,0.57
4185,steer,38.655899602,-90.2687102431,5163 Cates Ave St. Louis MO 63108 US,,7,8,,2,0.636,,gable_family,0.473,,masonry,0.965,,,Moderate,moderate,0.47
4186,steer,38.6568555897,-90.2677640606,5139 Cabanne Ave St. Louis MO 63113 US,,7,8,,2,0.56,,gable_family,0.328,,masonry,0.86,,,Negligible to Slight,none,0.53
4187,steer,38.6673598527,-90.2416481541,3106 N Taylor Ave St. Louis MO 63115 US,,7,8,,2,0.577,,gable_family,0.469,,masonry,0.86,,,Substantial to Heavy,none,0.605
4188,steer,38.6564888382,-90.2682404252,5148 Cabanne Ave St. Louis MO 63113 US,,7,8,,2,0.632,,gable_family,0.423,,masonry,0.85,,,Negligible to Slight,none,0.52
4189,steer,38.6593525906,-90.2648814371,5071 Maple Ave åœ£è·¯æ˜“æ–¯ MO 63113 US,,7,8,,2,0.617,,gable_family,0.492,,masonry,0.925,,,Negligible to Slight,none,0.62
4190,steer,38.656842486,-90.2676363109,5135 Cabanne Ave St. Louis MO 63113 US,,7,8,,2,0.563,,gable_family,0.451,,masonry,0.925,,,Negligible to Slight,none,0.475
4191,steer,38.6510740272,-90.2676284768,5109 Washington Pl åœ£è·¯æ˜“æ–¯ MO 63108 US,,7,8,,2,0.64,,gable_family,0.463,,masonry,0.955,,,Negligible to Slight,none,0.44
4192,steer,38.6674664565,-90.2405996286,4458 Elmbank Ave St. Louis MO 63115 US,,7,8,,2,0.571,,gable_family,0.393,,masonry,0.95,,,Very Heavy,none,0.45
4193,steer,38.6566507749,-90.2696903692,5190 Cabanne Ave St. Louis MO 63113 US,,7,8,,2,0.683,,gable_family,0.503,,masonry,0.86,,,Negligible to Slight,none,0.55
4194,steer,38.6569663149,-90.2688977216,5171 Cabanne Ave St. Louis MO 63113 US,,7,8,,2,0.721,,gable_family,0.552,,masonry,0.925,,,Negligible to Slight,none,0.46
4195,steer,38.6511182333,-90.2677526478,5115 Washington Pl åœ£è·¯æ˜“æ–¯ MO 63108 US,,7,8,,2,0.572,,gable_family,0.424,,masonry,0.925,,,Negligible to Slight,none,0.515
4196,steer,38.6593043304,-90.264516505,5059 Maple Ave åœ£è·¯æ˜“æ–¯ MO 63113 US,,7,8,,2,0.656,,gable_family,0.483,,masonry,0.825,,,Negligible to Slight,none,0.485
4197,steer,38.6675298017,-90.2407148364,4460 Elmbank Ave St. Louis MO 63115 US,,7,8,,2,0.593,,gable_family,0.518,,masonry,0.885,,,Destruction,moderate,0.445
4198,steer,38.6567189673,-90.2702594946,5204 Cabanne Ave St. Louis MO 63113 US,,7,8,,2,0.661,,gable_family,0.423,,masonry,0.9,,,Negligible to Slight,none,0.57
4199,steer,38.6570241564,-90.2692877921,5183 Cabanne Ave St. Louis MO 63113 US,,7,8,,2,0.716,,gable_family,0.507,,masonry,0.94,,,Negligible to Slight,none,0.505
4200,steer,38.6667756921,-90.2383456561,3132 N Newstead Ave St. Louis MO 63115 US,,7,8,,2,0.565,,gable_family,0.393,,masonry,0.79,,,Destruction,severe,0.41
4201,steer,38.6512718777,-90.2692865085,5157 Washington Pl åœ£è·¯æ˜“æ–¯ MO 63108 US,,7,8,,2,0.657,,gable_family,0.393,,masonry,1.0,,,Negligible to Slight,none,0.62
4202,steer,38.6592407229,-90.2642104069,5049 Maple Ave åœ£è·¯æ˜“æ–¯ MO 63113 US,,7,8,,2,0.675,,gable_family,0.463,,masonry,0.92,,,Negligible to Slight,none,0.535
4203,steer,38.6737823119,-90.2352231828,,,7,8,,2,0.7,,gable_family,0.495,,masonry,0.9,,,Negligible to Slight,moderate,0.47
4204,steer,38.656793069,-90.2672235985,5123 Cabanne Ave St. Louis MO 63113 US,,7,8,,2,0.742,,gable_family,0.518,,masonry,0.905,,,Negligible to Slight,none,0.535
4205,steer,38.6737045355,-90.2351082948,,,7,6,,2,0.556,,complex_family,0.33,,masonry,0.885,,,Negligible to Slight,none,0.645
4206,steer,38.6676438795,-90.2425052413,4515 Greer Ave St. Louis MO 63115 US,,7,8,,2,0.542,,gable_family,0.372,,masonry,0.855,,,Moderate,moderate,0.47
4207,steer,38.6538218108,-90.2715484929,5229 Enright Ave St. Louis MO 63108 US,,7,8,,2,0.65,,gable_family,0.486,,masonry,0.94,,,Substantial to Heavy,moderate,0.415
4208,steer,38.6660656976,-90.2398350131,4418 Greer Ave St. Louis MO 63115 US,,7,8,,2,0.482,,gable_family,0.374,,masonry,0.86,,,Substantial to Heavy,moderate,0.53
4209,steer,38.6663880027,-90.2446950316,4547 St Louis Ave St. Louis MO 63115 US,,7,8,,2,0.58,,gable_family,0.511,,masonry,0.78,,,Very Heavy,moderate,0.42
4210,steer,38.6567422478,-90.2668606161,5111 Cabanne Ave St. Louis MO 63113 US,,7,8,,2,0.707,,gable_family,0.523,,masonry,0.875,,,Moderate,none,0.505
4211,steer,38.6677443079,-90.2427056399,4521 Greer Ave St. Louis MO 63115 US,,7,8,,2,0.447,,gable_family,0.372,,masonry,0.895,,,Moderate,none,0.495
4212,steer,38.6623396248,-90.2436388945,,,7,8,,2,0.592,,gable_family,0.526,,masonry,0.865,,,Negligible to Slight,none,0.465
4213,steer,38.6662482679,-90.2445756988,4541 St Louis Ave St. Louis MO 63115 US,,7,8,,2,0.493,,gable_family,0.424,,masonry,0.73,,,Very Heavy,moderate,0.525
4214,steer,38.6662388667,-90.2401843837,4426 Greer Ave St. Louis MO 63115 US,,7,8,,2,0.67,,gable_family,0.552,,masonry,0.84,,,Moderate,moderate,0.485
4215,steer,38.6567394846,-90.2666191138,5105 Cabanne Ave St. Louis MO 63113 US,,7,8,,2,0.596,,gable_family,0.402,,masonry,0.9,,,Negligible to Slight,none,0.495
4216,steer,38.6515573103,-90.2667906687,5080 Delmar Blvd åœ£è·¯æ˜“æ–¯ MO 63108 US,,7,6,,2,0.45,,complex_family,0.296,,masonry,0.939,,,Negligible to Slight,moderate,0.475
4217,steer,38.6660997924,-90.2442122121,4529 St Louis Ave St. Louis MO 63115 US,,6,8,,1,0.42,,gable_family,0.427,,masonry,0.875,,,Substantial to Heavy,moderate,0.495
4218,steer,38.6541568695,-90.2706826418,5204 Kensington Ave St. Louis MO 63108 US,,7,8,,2,0.51,,gable_family,0.479,,masonry,0.795,,,Moderate,none,0.505
4219,steer,38.6567225531,-90.2665217528,5101 Cabanne Ave St. Louis MO 63113 US,,7,8,,2,0.604,,gable_family,0.62,,masonry,0.895,,,Negligible to Slight,none,0.525
4220,steer,38.6678453017,-90.2428515957,4527 Greer Ave St. Louis MO 63115 US,,7,8,,2,0.487,,gable_family,0.314,,masonry,0.895,,,Moderate,none,0.595
4221,steer,38.6571417179,-90.2702586384,5209 Cabanne Ave St. Louis MO 63113 US,,7,8,,2,0.57,,gable_family,0.566,,masonry,0.82,,,Negligible to Slight,none,0.53
4222,steer,38.6661143481,-90.2415580667,4459 Labadie Ave St. Louis MO 63115 US,,7,8,,2,0.555,,gable_family,0.409,,masonry,0.83,,,Negligible to Slight,moderate,0.465
4223,steer,38.6565159508,-90.2684529058,5156 Cabanne Ave St. Louis MO 63113 US,,7,8,,2,0.6,,gable_family,0.493,,masonry,0.87,,,Negligible to Slight,none,0.515
4224,steer,38.6571139262,-90.2700347884,5201 Cabanne Ave St. Louis MO 63113 US,,7,8,,2,0.643,,gable_family,0.433,,masonry,0.955,,,Negligible to Slight,none,0.44
4225,steer,38.6515398419,-90.2718759791,5257 Washington Pl åœ£è·¯æ˜“æ–¯ MO 63108 US,,7,8,,2,0.735,,gable_family,0.462,,masonry,0.955,,,Moderate,none,0.505
4226,steer,38.6544581826,-90.2708378639,5212 Kensington Ave St. Louis MO 63108 US,,7,8,,2,0.532,,gable_family,0.414,,masonry,0.85,,,Destruction,moderate,0.53
4227,steer,38.6663796961,-90.2407044215,4440 Greer Ave St. Louis MO 63115 US,,7,8,,2,0.559,,gable_family,0.525,,masonry,0.785,,,Substantial to Heavy,moderate,0.465
4228,steer,38.6553141032,-90.2669609177,5108 Cates Ave St. Louis MO 63108 US,,7,8,,2,0.552,,gable_family,0.451,,masonry,0.92,,,Destruction,moderate,0.45
4229,steer,38.6565706561,-90.2690659702,5174 Cabanne Ave St. Louis MO 63113 US,,7,8,,2,0.715,,gable_family,0.557,,masonry,0.94,,,Substantial to Heavy,none,0.575
4230,steer,38.6515823894,-90.2722374764,5267 Washington Pl åœ£è·¯æ˜“æ–¯ MO 63108 US,,7,8,,2,0.757,,gable_family,0.551,,masonry,0.945,,,Moderate,none,0.425
4231,steer,38.6588207165,-90.2637698529,5038 Maple Ave åœ£è·¯æ˜“æ–¯ MO 63113 US,,7,8,,2,0.61,,gable_family,0.478,,masonry,0.915,,,Moderate,none,0.48
4232,steer,38.6665714633,-90.2409724284,4452 Greer Ave St. Louis MO 63115 US,,7,8,,2,0.442,,gable_family,0.392,,masonry,0.935,,,Moderate,none,0.47
4233,steer,38.6553324575,-90.2670593125,5110 Cates Ave St. Louis MO 63108 US,,7,8,,2,0.575,,gable_family,0.383,,masonry,0.815,,,Moderate,moderate,0.43
4234,steer,38.6546263298,-90.2686222859,5153 Kensington Ave St. Louis MO 63108 US,,7,8,,2,0.619,,gable_family,0.41,,masonry,0.89,,,Negligible to Slight,none,0.63
4235,steer,38.656622905,-90.2694838463,5186 Cabanne Ave St. Louis MO 63113 US,,7,8,,2,0.681,,gable_family,0.536,,masonry,0.855,,,Negligible to Slight,none,0.51
4236,steer,38.6687052791,-90.243662331,4560 Elmbank Ave St. Louis MO 63115 US,,7,8,,2,0.548,,gable_family,0.453,,masonry,0.795,,,Moderate,moderate,0.54
4237,steer,38.666661863,-90.2411592531,4458 Greer Ave St. Louis MO 63115 US,,7,8,,2,0.575,,gable_family,0.471,,masonry,0.935,,,Moderate,none,0.63
4238,steer,38.6572684312,-90.2718432508,5253 Cabanne Ave St. Louis MO 63113 US,,7,8,,2,0.7,,gable_family,0.571,,masonry,0.915,,,Negligible to Slight,none,0.53
4239,steer,38.6516153842,-90.2724146045,5273 Washington Pl åœ£è·¯æ˜“æ–¯ MO 63108 US,,7,8,,2,0.56,,gable_family,0.408,,masonry,0.885,,,Moderate,none,0.435
4240,steer,38.6566389695,-90.2696019516,5188 Cabanne Ave St. Louis MO 63113 US,,7,8,,2,0.675,,gable_family,0.512,,masonry,0.89,,,Negligible to Slight,none,0.51
4241,steer,38.6551971032,-90.2704315308,919 Clarendon Ave St. Louis MO 63108 US,,7,8,,2,0.501,,gable_family,0.463,,masonry,0.87,,,Moderate,none,0.515
4242,steer,38.6554003513,-90.2676353936,5126 Cates Ave St. Louis MO 63108 US,,7,8,,2,0.6,,gable_family,0.418,,masonry,0.955,,,Moderate,none,0.535
4243,steer,38.6661642196,-90.2425805362,2930 N Taylor Ave St. Louis MO 63115 US,,7,6,,2,0.43,,complex_family,0.333,,masonry,0.91,,,Negligible to Slight,moderate,0.515
4244,steer,38.6679366164,-90.2431161667,4535 Greer Ave St. Louis MO 63115 US,,7,8,,2,0.448,,gable_family,0.482,,masonry,0.89,,,Moderate,none,0.485
4245,steer,38.6566847949,-90.2704168373,5208 Cabanne Ave St. Louis MO 63113 US,,7,8,,2,0.589,,gable_family,0.405,,masonry,0.894,,,Moderate,moderate,0.475
4246,steer,38.6572575145,-90.2714944537,5243 Cabanne Ave St. Louis MO 63113 US,,7,8,,2,0.686,,gable_family,0.466,,masonry,0.985,,,Negligible to Slight,none,0.565
4247,steer,38.6665725771,-90.2422225751,3010 N Taylor Ave St. Louis MO 63115 US,,7,8,,2,0.458,,gable_family,0.479,,masonry,0.765,,,Substantial to Heavy,none,0.445
4248,steer,38.6583839469,-90.2651511994,5075 Vernon Ave åœ£è·¯æ˜“æ–¯ MO 63113 US,,7,8,,2,0.584,,gable_family,0.508,,masonry,0.875,,,Negligible to Slight,none,0.58
4249,steer,38.6661441279,-90.2400269554,4420 Greer Ave St. Louis MO 63115 US,,7,8,,2,0.597,,gable_family,0.562,,masonry,0.885,,,Moderate,none,0.4
4250,steer,38.6572367573,-90.2714035605,5241 Cabanne Ave St. Louis MO 63113 US,,7,8,,2,0.71,,gable_family,0.555,,masonry,0.945,,,Negligible to Slight,none,0.65
4251,steer,38.6515046973,-90.2714197262,5245 Washington Pl åœ£è·¯æ˜“æ–¯ MO 63108 US,,7,8,,2,0.607,,gable_family,0.484,,masonry,0.875,,,Destruction,moderate,0.5
4252,steer,38.666945627,-90.2420547266,3024 N Taylor Ave St. Louis MO 63115 US,,7,8,,2,0.611,,gable_family,0.454,,masonry,0.89,,,Moderate,none,0.555
4253,steer,38.666091725,-90.2414661254,4457 Labadie Ave St. Louis MO 63115 US,,7,8,,2,0.445,,gable_family,0.406,,masonry,0.725,,,Negligible to Slight,none,0.53
4254,steer,38.6569530938,-90.268748389,5167 Cabanne Ave St. Louis MO 63113 US,,7,8,,2,0.656,,gable_family,0.491,,masonry,0.845,,,Negligible to Slight,none,0.56
4255,steer,38.6584094157,-90.2652809159,5077 Vernon Ave åœ£è·¯æ˜“æ–¯ MO 63113 US,,7,8,,2,0.815,,gable_family,0.567,,masonry,0.945,,,Moderate,none,0.53
4256,steer,38.6516726185,-90.2726046035,5277 Washington Pl åœ£è·¯æ˜“æ–¯ MO 63108 US,,7,8,,2,0.518,,gable_family,0.453,,masonry,0.885,,,Moderate,none,0.465
4257,steer,38.6671870858,-90.2425789516,3027 N Taylor Ave St. Louis MO 63115 US,,7,8,,2,0.498,,gable_family,0.352,,masonry,0.85,,,Negligible to Slight,none,0.635
4258,steer,38.6569419848,-90.2684855877,5161 Cabanne Ave St. Louis MO 63113 US,,7,8,,2,0.675,,gable_family,0.384,,masonry,0.91,,,Negligible to Slight,none,0.43
4259,steer,38.6661882457,-90.2417036611,4465 Labadie Ave St. Louis MO 63115 US,,7,8,,2,0.507,,gable_family,0.528,,masonry,0.9,,,Substantial to Heavy,moderate,0.43
4260,steer,38.6509593774,-90.2662115008,5067 Washington Pl åœ£è·¯æ˜“æ–¯ MO 63108 US,,7,8,,2,0.65,,gable_family,0.401,,masonry,0.935,,,Negligible to Slight,none,0.48
4261,steer,38.6731229511,-90.2348906154,,,7,8,,2,0.522,,gable_family,0.502,,masonry,0.855,,,Moderate,none,0.525
4262,steer,38.6568730382,-90.2681179123,5149 Cabanne Ave St. Louis MO 63113 US,,7,8,,2,0.611,,gable_family,0.453,,masonry,0.895,,,Negligible to Slight,none,0.455
4263,steer,38.6678692979,-90.2420297379,3117 N Taylor Ave St. Louis MO 63115 US,,7,8,,2,0.514,,gable_family,0.431,,masonry,0.93,,,Substantial to Heavy,moderate,0.435
4264,steer,38.6664084359,-90.2423946487,3002 N Taylor Ave St. Louis MO 63115 US,,7,8,,2,0.456,,gable_family,0.324,,masonry,0.89,,,Substantial to Heavy,moderate,0.46
4265,steer,38.6547006267,-90.2693345693,5173 Kensington Ave St. Louis MO 63108 US,,7,8,,2,0.59,,gable_family,0.372,,masonry,0.93,,,Moderate,none,0.675
4266,steer,38.6568750617,-90.2679840038,5145 Cabanne Ave St. Louis MO 63113 US,,7,8,,2,0.637,,gable_family,0.523,,masonry,0.88,,,Negligible to Slight,none,0.48
4267,steer,38.6618369582,-90.2425012859,,,7,8,,2,0.439,,gable_family,0.424,,masonry,0.825,,,Moderate,moderate,0.49
4268,steer,38.6658902051,-90.2421289138,4468 Labadie Ave St. Louis MO 63115 US,,7,8,,2,0.705,,gable_family,0.602,,masonry,0.935,,,Substantial to Heavy,moderate,0.505
4269,steer,38.6665021334,-90.2408542637,4448 Greer Ave St. Louis MO 63115 US,,7,8,,2,0.618,,gable_family,0.41,,masonry,0.885,,,Negligible to Slight,moderate,0.47
4270,steer,38.652207497,-90.2728113246,5256 Delmar Blvd åœ£è·¯æ˜“æ–¯ MO 63108 US,,7,8,,2,0.642,,gable_family,0.606,,masonry,0.889,,,Substantial to Heavy,moderate,0.47
4271,steer,38.6565291651,-90.2686619921,5162 Cabanne Ave St. Louis MO 63113 US,,7,8,,2,0.683,,gable_family,0.48,,masonry,0.885,,,Negligible to Slight,none,0.525
4272,steer,38.6669344342,-90.2427187642,3015 N Taylor Ave St. Louis MO 63115 US,,7,8,,2,0.495,,gable_family,0.457,,masonry,0.835,,,Moderate,none,0.505
4273,steer,38.6580673924,-90.2658259474,5090 Vernon Ave åœ£è·¯æ˜“æ–¯ MO 63113 US,,7,8,,2,0.597,,gable_family,0.475,,masonry,0.895,,,Negligible to Slight,none,0.56
4274,steer,38.6551361974,-90.2704164038,917 Clarendon Ave St. Louis MO 63108 US,,7,8,,2,0.57,,gable_family,0.443,,masonry,0.805,,,Moderate,moderate,0.53
4275,steer,38.6565416872,-90.2688938668,5170 Cabanne Ave St. Louis MO 63113 US,,7,8,,2,0.747,,gable_family,0.51,,masonry,0.915,,,Negligible to Slight,none,0.55
4276,steer,38.6659564655,-90.2423198541,4476 Labadie Ave St. Louis MO 63115 US,,7,8,,2,0.505,,gable_family,0.418,,masonry,0.98,,,Very Heavy,moderate,0.565
4277,steer,38.66704227,-90.242623993,3021 N Taylor Ave St. Louis MO 63115 US,,7,8,,2,0.55,,gable_family,0.499,,masonry,0.95,,,Moderate,moderate,0.405
4278,steer,38.6550889931,-90.2704238874,915 Clarendon Ave St. Louis MO 63108 US,,6,8,,1,0.45,,gable_family,0.458,,masonry,0.765,,,Negligible to Slight,moderate,0.6
4279,steer,38.6590395938,-90.2656784311,5092 Maple Ave åœ£è·¯æ˜“æ–¯ MO 63113 US,,7,8,,2,0.681,,gable_family,0.433,,masonry,0.92,,,Negligible to Slight,none,0.4
4280,steer,38.6554597907,-90.2682273892,5144 Cates Ave St. Louis MO 63108 US,,7,8,,2,0.596,,gable_family,0.527,,masonry,0.96,,,Negligible to Slight,none,0.52
4281,steer,38.6566738069,-90.2697887771,5192 Cabanne Ave St. Louis MO 63113 US,,7,8,,2,0.581,,gable_family,0.409,,masonry,0.885,,,Moderate,none,0.505
4282,steer,38.6688403589,-90.2427193352,4545 Elmbank Ave St. Louis MO 63115 US,,7,8,,2,0.475,,gable_family,0.492,,masonry,0.925,,,Substantial to Heavy,moderate,0.445
4283,steer,38.6506188804,-90.2729488665,5281 Westminster Pl åœ£è·¯æ˜“æ–¯ MO 63108 US,,7,8,,2,0.512,,gable_family,0.495,,masonry,0.945,,,Moderate,none,0.525
4284,steer,38.6543170278,-90.2697674032,5184 Kensington Ave St. Louis MO 63108 US,,7,8,,2,0.432,,gable_family,0.364,,masonry,0.77,,,Destruction,moderate,0.485
4285,steer,38.6566906012,-90.2700991985,5200 Cabanne Ave St. Louis MO 63113 US,,7,8,,2,0.561,,gable_family,0.431,,masonry,0.925,,,Moderate,none,0.425
4286,steer,38.6558632348,-90.2684158095,5157 Cates Ave St. Louis MO 63108 US,,7,8,,2,0.645,,gable_family,0.582,,masonry,0.935,,,Negligible to Slight,moderate,0.435
4287,steer,38.6592405739,-90.2411492776,,,7,6,,2,0.46,,complex_family,0.378,,masonry,0.935,,,Negligible to Slight,none,0.505
4288,steer,38.6554312569,-90.2680002454,5136 Cates Ave St. Louis MO 63108 US,,7,8,,2,0.523,,gable_family,0.5,,masonry,0.815,,,Negligible to Slight,none,0.55
4289,steer,38.6559862904,-90.2693815711,5179 Cates Ave St. Louis MO 63108 US,,7,8,,2,0.564,,gable_family,0.499,,masonry,0.848,,,Substantial to Heavy,moderate,0.415
4290,steer,38.6655243111,-90.2402431724,4419 Labadie Ave St. Louis MO 63115 US,,7,8,,2,0.546,,gable_family,0.468,,masonry,0.735,,,Substantial to Heavy,none,0.495
4291,steer,38.6548642867,-90.270873122,5217 Kensington Ave St. Louis MO 63108 US,,7,8,,2,0.532,,gable_family,0.425,,masonry,0.85,,,Destruction,moderate,0.48
4292,steer,38.6506483005,-90.2734455196,5297 Westminster Pl åœ£è·¯æ˜“æ–¯ MO 63108 US,,7,8,,2,0.564,,gable_family,0.339,,masonry,0.938,,,Moderate,none,0.465
4293,steer,38.6661035104,-90.2399764751,4418 Greer Ave St. Louis MO 63115 US,,7,8,,2,0.517,,gable_family,0.405,,masonry,0.88,,,Moderate,none,0.54
4294,steer,38.6511251828,-90.2680951482,5121 Washington Pl åœ£è·¯æ˜“æ–¯ MO 63108 US,,7,8,,2,0.69,,gable_family,0.498,,masonry,0.945,,,Negligible to Slight,none,0.425
4295,steer,38.6588354844,-90.2640378048,5044 Maple Ave åœ£è·¯æ˜“æ–¯ MO 63113 US,,7,8,,2,0.581,,gable_family,0.472,,masonry,0.925,,,Destruction,moderate,0.57
4296,steer,38.6661602605,-90.2416390451,4463 Labadie Ave St. Louis MO 63115 US,,7,8,,2,0.482,,gable_family,0.503,,masonry,0.895,,,Negligible to Slight,moderate,0.53
4297,steer,38.6554443788,-90.2681053897,5140 Cates Ave St. Louis MO 63108 US,,7,8,,2,0.677,,gable_family,0.517,,masonry,0.898,,,Negligible to Slight,none,0.66
4298,steer,38.6555485652,-90.2691733068,5172 Cates Ave St. Louis MO 63108 US,,7,8,,2,0.65,,gable_family,0.531,,masonry,0.91,,,Very Heavy,moderate,0.455
4299,steer,38.6599776655,-90.2430493684,,,7,8,,2,0.453,,gable_family,0.34,,masonry,0.86,,,Negligible to Slight,none,0.49
4300,steer,38.6542662122,-90.2688958948,5156 Kensington Ave St. Louis MO 63108 US,,7,8,,2,0.525,,gable_family,0.387,,masonry,0.83,,,Moderate,moderate,0.455
4301,steer,38.6665009248,-90.2422953422,3006 N Taylor Ave St. Louis MO 63115 US,,7,8,,2,0.45,,gable_family,0.403,,masonry,0.795,,,Substantial to Heavy,moderate,0.395
4302,steer,38.6559041553,-90.2689471727,5169 Cates Ave St. Louis MO 63108 US,,7,8,,2,0.661,,gable_family,0.497,,masonry,0.985,,,Moderate,moderate,0.475
4303,steer,38.6611504683,-90.2423215997,,,7,8,,2,0.612,,gable_family,0.457,,masonry,0.968,,,Negligible to Slight,none,0.555
4304,steer,38.6658290884,-90.2419094897,4462 Labadie Ave St. Louis MO 63115 US,,7,8,,2,0.592,,gable_family,0.57,,masonry,0.855,,,Substantial to Heavy,severe,0.46
4305,steer,38.6580092856,-90.2651560064,5070 Vernon Ave åœ£è·¯æ˜“æ–¯ MO 63113 US,,7,8,,2,0.628,,gable_family,0.511,,masonry,0.86,,,Moderate,none,0.495
4306,steer,38.6509503204,-90.2663412002,5071 Washington Pl åœ£è·¯æ˜“æ–¯ MO 63108 US,,7,8,,2,0.76,,gable_family,0.481,,masonry,0.945,,,Moderate,none,0.465
4307,steer,38.6555177004,-90.2688338592,5162 Cates Ave St. Louis MO 63108 US,,7,8,,2,0.571,,gable_family,0.436,,masonry,0.95,,,Substantial to Heavy,none,0.435
4308,steer,38.6612937502,-90.2422298878,,,7,8,,2,0.585,,gable_family,0.494,,masonry,0.87,,,Negligible to Slight,none,0.595
4309,steer,38.6660180639,-90.2426386151,2926 N Taylor Ave St. Louis MO 63115 US,,7,8,,2,0.57,,gable_family,0.518,,masonry,0.95,,,Very Heavy,moderate,0.575
4310,steer,38.6510561255,-90.26689815,5089 Washington Pl åœ£è·¯æ˜“æ–¯ MO 63108 US,,7,8,,2,0.585,,gable_family,0.378,,masonry,0.87,,,Moderate,none,0.56
4311,steer,38.6538353873,-90.2691372244,5163 Enright Ave St. Louis MO 63108 US,,7,8,,2,0.54,,gable_family,0.512,,masonry,0.835,,,Negligible to Slight,none,0.56
4312,steer,38.6691578406,-90.2435003214,4605 Elmbank Ave St. Louis MO 63115 US,,7,8,,2,0.55,,gable_family,0.491,,masonry,0.91,,,Moderate,moderate,0.42
4313,steer,38.6510413615,-90.2671383836,5093 Washington Pl åœ£è·¯æ˜“æ–¯ MO 63108 US,,7,8,,2,0.686,,gable_family,0.513,,masonry,0.93,,,Negligible to Slight,none,0.475
4314,steer,38.6509155552,-90.2656698199,5053 Washington Pl åœ£è·¯æ˜“æ–¯ MO 63108 US,,7,8,,2,0.82,,gable_family,0.461,,masonry,0.879,,,Negligible to Slight,none,0.545
4315,steer,38.6538493387,-90.2692443246,5167 Enright Ave St. Louis MO 63108 US,,7,8,,2,0.47,,gable_family,0.527,,masonry,0.788,,,Negligible to Slight,none,0.5
4316,steer,38.6506436907,-90.2732569302,5291 Westminster Pl åœ£è·¯æ˜“æ–¯ MO 63108 US,,7,8,,2,0.465,,gable_family,0.483,,masonry,0.895,,,Moderate,none,0.56
4317,steer,38.659747999,-90.2632617211,5026 Page Blvd åœ£è·¯æ˜“æ–¯ MO 63113 US,,7,8,,2,0.637,,gable_family,0.513,,masonry,0.935,,,Negligible to Slight,none,0.44
4318,steer,38.6560401745,-90.2696984075,5189 Cates Ave St. Louis MO 63108 US,,7,8,,2,0.543,,gable_family,0.49,,masonry,0.9,,,Negligible to Slight,moderate,0.485
4319,steer,38.6544564155,-90.2668391428,5101 Kensington Ave St. Louis MO 63108 US,,7,8,,2,0.665,,gable_family,0.468,,masonry,0.83,,,Negligible to Slight,none,0.455
4320,steer,38.6558549974,-90.2685145288,5157 Cates Ave St. Louis MO 63108 US,,7,8,,2,0.694,,gable_family,0.503,,masonry,0.98,,,Negligible to Slight,none,0.54
4321,steer,38.6574058735,-90.2646003864,5055 Raymond Ave åœ£è·¯æ˜“æ–¯ MO 63113 US,,7,8,,2,0.705,,gable_family,0.467,,masonry,0.97,,,Negligible to Slight,none,0.525
4322,steer,38.6605765225,-90.2406240576,,,7,6,,2,0.479,,complex_family,0.345,,masonry,0.96,,,Negligible to Slight,none,0.605
4323,steer,38.6512036932,-90.2686209395,5137 Washington Pl åœ£è·¯æ˜“æ–¯ MO 63108 US,,7,8,,2,0.675,,gable_family,0.497,,masonry,0.905,,,Moderate,none,0.525
4324,steer,38.6558866239,-90.2686230933,5159 Cates Ave St. Louis MO 63108 US,,7,8,,2,0.74,,gable_family,0.546,,masonry,0.98,,,Moderate,none,0.62
4325,steer,38.65448199,-90.2670998732,5109 Kensington Ave St. Louis MO 63108 US,,7,8,,2,0.589,,gable_family,0.413,,masonry,0.875,,,Negligible to Slight,none,0.46
4326,steer,38.6599263871,-90.2648873615,5074 Page Blvd åœ£è·¯æ˜“æ–¯ MO 63113 US,,7,8,,2,0.738,,gable_family,0.499,,masonry,0.87,,,Substantial to Heavy,moderate,0.47
4327,steer,38.6535133944,-90.2688961231,5155 Enright Ave St. Louis MO 63108 US,,7,8,,2,0.655,,gable_family,0.516,,masonry,0.935,,,Negligible to Slight,none,0.475
4328,steer,38.6510665506,-90.267375914,5103 Washington Pl åœ£è·¯æ˜“æ–¯ MO 63108 US,,7,8,,2,0.715,,gable_family,0.448,,masonry,0.895,,,Negligible to Slight,none,0.44
4329,steer,38.6545489118,-90.2678328255,5135 Kensington Ave St. Louis MO 63108 US,,7,8,,2,0.518,,gable_family,0.43,,masonry,0.862,,,Negligible to Slight,none,0.48
4330,steer,38.6512773432,-90.2689327566,5151 Washington Pl åœ£è·¯æ˜“æ–¯ MO 63108 US,,7,8,,2,0.675,,gable_family,0.45,,masonry,0.955,,,Negligible to Slight,moderate,0.4
4331,steer,38.6545168476,-90.2715855987,5232 Kensington Ave St. Louis MO 63108 US,,7,8,,2,0.6,,gable_family,0.552,,masonry,0.92,,,Very Heavy,moderate,0.515
4332,steer,38.6511171513,-90.2679596712,5117 Washington Pl åœ£è·¯æ˜“æ–¯ MO 63108 US,,7,8,,2,0.698,,gable_family,0.465,,masonry,0.975,,,Negligible to Slight,none,0.465
4333,steer,38.6638484794,-90.2434669185,,,7,8,,2,0.495,,gable_family,0.389,,masonry,0.73,,,Moderate,moderate,0.445
4334,steer,38.6547981555,-90.267800466,5129 Kensington Ave St. Louis MO 63108 US,,6,8,,1,0.46,,gable_family,0.471,,masonry,0.68,,,Moderate,moderate,0.52
4335,steer,38.6508547202,-90.2643815631,5017 Washington Pl åœ£è·¯æ˜“æ–¯ MO 63108 US,,7,8,,2,0.61,,gable_family,0.409,,masonry,0.955,,,Negligible to Slight,none,0.615
4336,steer,38.6516899881,-90.2729064833,5285 Washington Pl åœ£è·¯æ˜“æ–¯ MO 63108 US,,7,8,,2,0.625,,gable_family,0.553,,masonry,0.915,,,Moderate,none,0.66
4337,steer,38.6545127058,-90.271356284,5226 Kensington Ave St. Louis MO 63108 US,,7,8,,2,0.472,,gable_family,0.56,,masonry,0.885,,,Very Heavy,moderate,0.47
4338,steer,38.6509735906,-90.2665188199,5077 Washington Pl åœ£è·¯æ˜“æ–¯ MO 63108 US,,7,8,,2,0.765,,gable_family,0.702,,masonry,0.98,,,Moderate,moderate,0.455
4339,steer,38.6534900237,-90.2687667973,5153 Enright Ave St. Louis MO 63108 US,,7,8,,2,0.715,,gable_family,0.516,,masonry,0.9,,,Negligible to Slight,none,0.525
4340,steer,38.6677239257,-90.2425668829,4517 Greer Ave St. Louis MO 63115 US,,7,8,,2,0.46,,gable_family,0.368,,masonry,0.9,,,Moderate,moderate,0.435
4341,steer,38.6548296088,-90.270593713,5207 Kensington Ave St. Louis MO 63108 US,,7,8,,2,0.528,,gable_family,0.393,,masonry,0.85,,,Very Heavy,moderate,0.51
4342,steer,38.6511886537,-90.2684359792,5133 Washington Pl åœ£è·¯æ˜“æ–¯ MO 63108 US,,7,8,,2,0.71,,gable_family,0.537,,masonry,0.925,,,Moderate,none,0.5
4343,steer,38.6677906987,-90.2427800203,4525 Greer Ave St. Louis MO 63115 US,,7,8,,2,0.462,,gable_family,0.358,,masonry,0.915,,,Moderate,moderate,0.49
4344,steer,38.6547298395,-90.2695659188,5179 Kensington Ave St. Louis MO 63108 US,,7,8,,2,0.715,,gable_family,0.508,,masonry,0.875,,,Destruction,moderate,0.42
4345,steer,38.6545037311,-90.2712259972,5222 Kensington Ave St. Louis MO 63108 US,,7,8,,2,0.675,,gable_family,0.546,,masonry,0.935,,,Destruction,moderate,0.45
4346,steer,38.6581829215,-90.2632347776,5017 Vernon Ave åœ£è·¯æ˜“æ–¯ MO 63113 US,,7,8,,2,0.67,,gable_family,0.492,,masonry,0.865,,,Negligible to Slight,none,0.455
4347,steer,38.6512842604,-90.2694071671,5161 Washington Pl åœ£è·¯æ˜“æ–¯ MO 63108 US,,7,8,,2,0.744,,gable_family,0.434,,masonry,0.925,,,Negligible to Slight,none,0.58
4348,steer,38.6549049023,-90.2710626874,5221 Kensington Ave St. Louis MO 63108 US,,7,8,,2,0.645,,gable_family,0.535,,masonry,0.925,,,Moderate,moderate,0.5
4349,steer,38.6545978436,-90.2682254896,5141 Kensington Ave St. Louis MO 63108 US,,7,8,,2,0.643,,gable_family,0.506,,masonry,0.863,,,Negligible to Slight,none,0.54
4350,steer,38.6593672008,-90.2651653786,5079 Maple Ave åœ£è·¯æ˜“æ–¯ MO 63113 US,,7,8,,2,0.657,,gable_family,0.474,,masonry,0.955,,,Negligible to Slight,none,0.505
4351,steer,38.6545477968,-90.2672238492,5111 Kensington Ave St. Louis MO 63108 US,,7,8,,2,0.547,,gable_family,0.487,,masonry,0.888,,,Substantial to Heavy,moderate,0.46
4352,steer,38.6535787271,-90.269662467,5175 Enright Ave St. Louis MO 63108 US,,7,8,,2,0.625,,gable_family,0.433,,masonry,0.89,,,Negligible to Slight,none,0.53
4353,steer,38.6595847946,-90.2624553959,1259 N Kingshighway Blvd åœ£è·¯æ˜“æ–¯ MO 63113 US,,7,8,,2,0.517,,gable_family,0.338,,masonry,0.915,,,Very Heavy,moderate,0.425
4354,steer,38.651385812,-90.2700947767,5203 Washington Pl åœ£è·¯æ˜“æ–¯ MO 63108 US,,7,8,,2,0.51,,gable_family,0.434,,masonry,0.925,,,Negligible to Slight,none,0.54
4355,steer,38.653858703,-90.2721643527,5245 Enright Ave St. Louis MO 63108 US,,7,8,,2,0.65,,gable_family,0.434,,masonry,0.91,,,Negligible to Slight,none,0.49
4356,steer,38.6514282213,-90.2706529506,5221 Washington Pl åœ£è·¯æ˜“æ–¯ MO 63108 US,,7,8,,2,0.785,,gable_family,0.431,,masonry,0.96,,,Negligible to Slight,none,0.505
4357,steer,38.6509025553,-90.2658399358,5057 Washington Pl åœ£è·¯æ˜“æ–¯ MO 63108 US,,7,8,,2,0.803,,gable_family,0.596,,masonry,0.955,,,Negligible to Slight,none,0.57
4358,steer,38.6591622222,-90.2634049587,5029 Maple Ave åœ£è·¯æ˜“æ–¯ MO 63113 US,,7,8,,2,0.65,,gable_family,0.492,,masonry,0.92,,,Negligible to Slight,none,0.67
4359,steer,38.6596960425,-90.2629004149,5012 Page Blvd åœ£è·¯æ˜“æ–¯ MO 63113 US,,7,8,,2,0.6,,gable_family,0.594,,masonry,0.91,,,Negligible to Slight,moderate,0.47
4360,steer,38.6547076445,-90.2692026777,5169 Kensington Ave St. Louis MO 63108 US,,7,8,,2,0.603,,gable_family,0.451,,masonry,0.925,,,Negligible to Slight,none,0.535
4361,steer,38.6623864467,-90.243740148,,,7,8,,2,0.597,,gable_family,0.433,,masonry,0.87,,,Moderate,moderate,0.435
4362,steer,38.6514564735,-90.2708567989,5227 Washington Pl åœ£è·¯æ˜“æ–¯ MO 63108 US,,7,8,,2,0.83,,gable_family,0.53,,masonry,0.935,,,Negligible to Slight,none,0.565
4363,steer,38.660592586,-90.2420396023,,,7,8,,2,0.494,,gable_family,0.457,,masonry,0.81,,,Negligible to Slight,moderate,0.46
4364,steer,38.6737586392,-90.2344034862,,,7,8,,2,0.467,,gable_family,0.611,,masonry,0.875,,,Negligible to Slight,none,0.625
4365,steer,38.6597515185,-90.2634343946,5030 Page Blvd åœ£è·¯æ˜“æ–¯ MO 63113 US,,7,8,,2,0.512,,gable_family,0.387,,masonry,0.885,,,Negligible to Slight,moderate,0.455
4366,steer,38.6628886941,-90.2433838706,,,7,8,,2,0.515,,gable_family,0.444,,masonry,0.63,,,Negligible to Slight,moderate,0.455
4367,steer,38.6681756637,-90.2436736691,4553 Greer Ave St. Louis MO 63115 US,,7,8,,2,0.565,,gable_family,0.591,,masonry,0.9,,,Moderate,none,0.605
4368,steer,38.6679014745,-90.2430214373,4531 Greer Ave St. Louis MO 63115 US,,7,8,,2,0.498,,gable_family,0.459,,masonry,0.895,,,Moderate,none,0.445
4369,steer,38.6614210826,-90.2414536581,,,7,8,,2,0.567,,gable_family,0.496,,masonry,0.911,,,Negligible to Slight,none,0.565
4370,steer,38.6605147234,-90.2404680411,,,7,8,,2,0.575,,gable_family,0.393,,masonry,0.95,,,Negligible to Slight,none,0.525
4371,steer,38.6541638956,-90.2709245026,5212 Kensington Ave St. Louis MO 63108 US,,7,8,,2,0.527,,gable_family,0.496,,masonry,0.83,,,Destruction,moderate,0.46
4372,steer,38.6548248464,-90.2704121702,5201 Kensington Ave St. Louis MO 63108 US,,7,8,,2,0.444,,gable_family,0.42,,masonry,0.785,,,Very Heavy,moderate,0.515
4373,steer,38.6597553052,-90.2636482411,5038 Page Blvd åœ£è·¯æ˜“æ–¯ MO 63113 US,,7,8,,2,0.65,,gable_family,0.583,,masonry,0.935,,,Very Heavy,moderate,0.48
4374,steer,38.6586012088,-90.2628761722,1215 N Kingshighway Blvd åœ£è·¯æ˜“æ–¯ MO 63113 US,,7,8,,2,0.395,,gable_family,0.308,,masonry,0.84,,,Negligible to Slight,moderate,0.445
4375,steer,38.6571327689,-90.2657239839,5084 Raymond Ave åœ£è·¯æ˜“æ–¯ MO 63113 US,,7,8,,2,0.688,,gable_family,0.491,,masonry,0.94,,,Negligible to Slight,none,0.495
4376,steer,38.6546532528,-90.2687918196,5157 Kensington Ave St. Louis MO 63108 US,,7,8,,2,0.55,,gable_family,0.482,,masonry,0.9,,,Negligible to Slight,none,0.535
4377,steer,38.6520834755,-90.2720668292,5228 Delmar Blvd åœ£è·¯æ˜“æ–¯ MO 63108 US,,6,8,,1,0.486,,gable_family,0.364,,masonry,0.87,,,Negligible to Slight,none,0.65
4378,steer,38.6519115666,-90.2704921672,5190 Delmar Blvd åœ£è·¯æ˜“æ–¯ MO 63108 US,,7,8,,2,0.578,,gable_family,0.366,,masonry,0.855,,,Negligible to Slight,moderate,0.445
4379,steer,38.6587562515,-90.2633217751,5026 Maple Ave åœ£è·¯æ˜“æ–¯ MO 63113 US,,7,8,,2,0.58,,gable_family,0.432,,masonry,0.855,,,Negligible to Slight,none,0.445
4380,steer,38.6548376239,-90.2706850562,5209 Kensington Ave St. Louis MO 63108 US,,7,8,,2,0.551,,gable_family,0.389,,masonry,0.87,,,Moderate,moderate,0.44
4381,steer,38.6559518221,-90.2692688645,5177 Cates Ave St. Louis MO 63108 US,,7,8,,2,0.566,,gable_family,0.512,,masonry,0.895,,,Substantial to Heavy,moderate,0.49
4382,steer,38.6571076809,-90.2651826873,5068 Raymond Ave åœ£è·¯æ˜“æ–¯ MO 63113 US,,7,8,,2,0.715,,gable_family,0.518,,masonry,0.935,,,Negligible to Slight,none,0.515
4383,steer,38.655636972,-90.2699105764,5190 Cates Ave St. Louis MO 63108 US,,7,8,,2,0.623,,gable_family,0.501,,masonry,0.88,,,Moderate,none,0.51
4384,steer,38.6617656723,-90.2423980463,4401 Cottage Ave St. Louis MO 63113 US,,7,8,,2,0.716,,gable_family,0.529,,masonry,0.95,,,Destruction,moderate,0.46
4385,steer,38.6601076541,-90.2419015758,,,7,8,,2,0.495,,gable_family,0.514,,masonry,0.805,,,Moderate,none,0.555
4386,steer,38.6599760488,-90.2652768442,5082 Page Blvd åœ£è·¯æ˜“æ–¯ MO 63113 US,,7,8,,2,0.665,,gable_family,0.437,,masonry,0.91,,,Substantial to Heavy,none,0.545
4387,steer,38.6546476225,-90.2688821805,5159 Kensington Ave St. Louis MO 63108 US,,7,8,,2,0.55,,gable_family,0.468,,masonry,0.895,,,Moderate,none,0.465
4388,steer,38.6732110787,-90.235120989,,,7,8,,2,0.633,,gable_family,0.451,,masonry,0.878,,,Negligible to Slight,moderate,0.465
4389,steer,38.6597115039,-90.2631280013,5020 Page Blvd åœ£è·¯æ˜“æ–¯ MO 63113 US,,7,8,,2,0.555,,gable_family,0.54,,masonry,0.888,,,Negligible to Slight,none,0.445
4390,steer,38.6587629907,-90.2634838553,5030 Maple Ave åœ£è·¯æ˜“æ–¯ MO 63113 US,,7,8,,2,0.57,,gable_family,0.378,,masonry,0.913,,,Moderate,moderate,0.515
4391,steer,38.6518568289,-90.2708415,5200 Delmar Blvd åœ£è·¯æ˜“æ–¯ MO 63108 US,,7,8,,2,0.415,,gable_family,0.443,,masonry,0.895,,,Negligible to Slight,none,0.52
4392,steer,38.6548548971,-90.270775764,5211 Kensington Ave St. Louis MO 63108 US,,7,8,,2,0.457,,gable_family,0.469,,masonry,0.895,,,Substantial to Heavy,moderate,0.535
4393,steer,38.661971014,-90.2413673257,,,7,8,,2,0.545,,gable_family,0.578,,masonry,0.72,,,Negligible to Slight,moderate,0.415
4394,steer,38.65941649,-90.2656638839,5095 Maple Ave åœ£è·¯æ˜“æ–¯ MO 63113 US,,7,8,,2,0.599,,gable_family,0.466,,masonry,0.895,,,Negligible to Slight,none,0.545
4395,steer,38.6549238791,-90.2715496408,5231 Kensington Ave St. Louis MO 63108 US,,7,8,,2,0.553,,gable_family,0.432,,masonry,0.91,,,Negligible to Slight,none,0.58
4396,steer,38.661881353,-90.2426460185,,,6,8,,1,0.405,,gable_family,0.516,,masonry,0.77,,,Substantial to Heavy,moderate,0.525
4397,steer,38.660675406,-90.2408603583,,,7,8,,2,0.466,,gable_family,0.305,,masonry,0.95,,,Negligible to Slight,none,0.605
4398,steer,38.6536445812,-90.2702172936,5191 Enright Ave St. Louis MO 63108 US,,7,8,,2,0.43,,gable_family,0.373,,masonry,0.775,,,Negligible to Slight,none,0.41
4399,steer,38.6597344374,-90.2410695688,,,7,8,,2,0.599,,gable_family,0.384,,masonry,0.92,,,Moderate,none,0.42
4400,steer,38.6593412657,-90.2650467451,5075 Maple Ave åœ£è·¯æ˜“æ–¯ MO 63113 US,,7,8,,2,0.742,,gable_family,0.497,,masonry,0.91,,,Negligible to Slight,none,0.595
4401,steer,38.6543050038,-90.2694541544,5172 Kensington Ave St. Louis MO 63108 US,,7,8,,2,0.61,,gable_family,0.591,,masonry,0.9,,,Destruction,moderate,0.455
4402,steer,38.660409252,-90.240314744,,,7,8,,2,0.587,,gable_family,0.389,,masonry,0.93,,,Negligible to Slight,none,0.53
4403,steer,38.6589772733,-90.2649470272,5070 Maple Ave åœ£è·¯æ˜“æ–¯ MO 63113 US,,7,8,,2,0.612,,gable_family,0.448,,masonry,0.87,,,Very Heavy,none,0.465
4404,steer,38.6545426276,-90.27264276,826 Union Blvd St. Louis MO 63108 US,,7,8,,2,0.497,,gable_family,0.374,,masonry,0.898,,,Moderate,none,0.57
4405,steer,38.6549014354,-90.2711573141,5223 Kensington Ave St. Louis MO 63108 US,,7,8,,2,0.67,,gable_family,0.594,,masonry,0.945,,,Negligible to Slight,none,0.43
4406,steer,38.6578313587,-90.2635403672,5024 Vernon Ave åœ£è·¯æ˜“æ–¯ MO 63113 US,,7,8,,2,0.693,,gable_family,0.525,,masonry,0.9,,,Negligible to Slight,none,0.62
4407,steer,38.6595805074,-90.238767965,,,7,8,,2,0.559,,gable_family,0.36,,masonry,0.895,,,Moderate,none,0.46
4408,steer,38.6583223348,-90.2642610584,5051 Vernon Ave åœ£è·¯æ˜“æ–¯ MO 63113 US,,7,8,,2,0.59,,gable_family,0.432,,masonry,0.895,,,Moderate,moderate,0.435
4409,steer,38.6612318969,-90.2420705579,,,7,8,,2,0.6,,gable_family,0.458,,masonry,0.905,,,Negligible to Slight,none,0.59
4410,steer,38.6538219294,-90.2716465509,5231 Enright Ave St. Louis MO 63108 US,,7,8,,2,0.6,,gable_family,0.424,,masonry,0.88,,,Substantial to Heavy,moderate,0.55
4411,steer,38.6545661172,-90.2717950863,5238 Kensington Ave St. Louis MO 63108 US,,7,8,,2,0.645,,gable_family,0.468,,masonry,0.848,,,Very Heavy,moderate,0.44
4412,steer,38.6542571042,-90.2687114029,5152 Kensington Ave St. Louis MO 63108 US,,7,8,,2,0.561,,gable_family,0.468,,masonry,0.844,,,Moderate,moderate,0.505
4413,steer,38.6610952096,-90.2417633025,,,7,8,,2,0.585,,gable_family,0.441,,masonry,0.945,,,Negligible to Slight,none,0.55
4414,steer,38.6597615236,-90.2656131285,1252 Academy Ave åœ£è·¯æ˜“æ–¯ MO 63113 US,,7,8,,2,0.55,,gable_family,0.436,,masonry,0.84,,,Negligible to Slight,none,0.48
4415,steer,38.6618051686,-90.2409691454,,,7,8,,2,0.574,,gable_family,0.592,,masonry,0.725,,,Negligible to Slight,moderate,0.41
4416,steer,38.6578207127,-90.2633059704,5018 Vernon Ave åœ£è·¯æ˜“æ–¯ MO 63113 US,,7,8,,2,0.596,,gable_family,0.464,,masonry,0.88,,,Negligible to Slight,none,0.495
4417,steer,38.6622716406,-90.2435851524,,,7,8,,2,0.495,,gable_family,0.506,,masonry,0.888,,,Negligible to Slight,none,0.42
4418,steer,38.6609985088,-90.2414813639,,,7,8,,2,0.715,,gable_family,0.486,,masonry,0.92,,,Negligible to Slight,none,0.455
4419,steer,38.6556669486,-90.2702754833,5200 Cates Ave St. Louis MO 63108 US,,7,8,,2,0.43,,gable_family,0.323,,masonry,0.804,,,Destruction,moderate,0.47
4420,steer,38.6535551093,-90.2694785855,5171 Enright Ave St. Louis MO 63108 US,,7,8,,2,0.65,,gable_family,0.478,,masonry,0.86,,,Negligible to Slight,none,0.575
4421,steer,38.653954065,-90.2702520354,814 Clarendon Ave St. Louis MO 63108 US,,6,8,,1,0.468,,gable_family,0.394,,masonry,0.735,,,Negligible to Slight,none,0.42
4422,steer,38.6541573329,-90.270777976,5208 Kensington Ave St. Louis MO 63108 US,,7,8,,2,0.47,,gable_family,0.512,,masonry,0.855,,,Substantial to Heavy,moderate,0.385
4423,steer,38.6597225187,-90.2630087244,5020 Page Blvd åœ£è·¯æ˜“æ–¯ MO 63113 US,,7,8,,2,0.549,,gable_family,0.431,,masonry,0.935,,,Negligible to Slight,moderate,0.47
4424,steer,38.6678929756,-90.2430394673,4531 Greer Ave St. Louis MO 63115 US,,7,8,,2,0.488,,gable_family,0.438,,masonry,0.915,,,Substantial to Heavy,moderate,0.42
4425,steer,38.6572960688,-90.2632060718,5015 Raymond Ave åœ£è·¯æ˜“æ–¯ MO 63113 US,,7,8,,2,0.833,,gable_family,0.553,,masonry,0.945,,,Negligible to Slight,none,0.605
4426,steer,38.6538252183,-90.2717462816,5237 Enright Ave St. Louis MO 63108 US,,7,8,,2,0.492,,gable_family,0.423,,masonry,0.865,,,Negligible to Slight,none,0.605
4427,steer,38.6617959046,-90.242418904,,,7,8,,2,0.658,,gable_family,0.482,,masonry,0.955,,,Destruction,none,0.435
4428,steer,38.659695233,-90.2626919555,5010 Page Blvd åœ£è·¯æ˜“æ–¯ MO 63113 US,,7,8,,2,0.507,,gable_family,0.333,,masonry,0.94,,,Moderate,none,0.495
4429,steer,38.6731866637,-90.234978705,,,7,8,,2,0.728,,gable_family,0.579,,masonry,0.83,,,Negligible to Slight,none,0.675
4430,steer,38.6573703722,-90.2637563942,5031 Raymond Ave åœ£è·¯æ˜“æ–¯ MO 63113 US,,7,8,,2,0.746,,gable_family,0.651,,masonry,0.965,,,Negligible to Slight,moderate,0.48
4431,steer,38.6538316894,-90.2718519151,5239 Enright Ave St. Louis MO 63108 US,,7,8,,2,0.56,,gable_family,0.449,,masonry,0.945,,,Negligible to Slight,none,0.59
4432,steer,38.6580272735,-90.2654315499,5080 Vernon Ave åœ£è·¯æ˜“æ–¯ MO 63113 US,,7,8,,2,0.577,,gable_family,0.368,,masonry,0.805,,,Negligible to Slight,none,0.545
4433,steer,38.6573676984,-90.2638882279,5035 Raymond Ave åœ£è·¯æ˜“æ–¯ MO 63113 US,,7,8,,2,0.749,,gable_family,0.605,,masonry,0.885,,,Negligible to Slight,none,0.565
4434,steer,38.6623802722,-90.2414271235,,,7,8,,2,0.58,,gable_family,0.469,,masonry,0.795,,,Negligible to Slight,none,0.49
4435,steer,38.6608151694,-90.2411552548,,,7,8,,2,0.583,,gable_family,0.357,,masonry,0.94,,,Negligible to Slight,none,0.515
4436,steer,38.6578936734,-90.2641248636,5040 Vernon Ave åœ£è·¯æ˜“æ–¯ MO 63113 US,,7,8,,2,0.535,,gable_family,0.472,,masonry,0.85,,,Negligible to Slight,none,0.535
4437,steer,38.6678719318,-90.2429598311,4529 Greer Ave St. Louis MO 63115 US,,7,8,,2,0.513,,gable_family,0.461,,masonry,0.885,,,Substantial to Heavy,moderate,0.52
4438,steer,38.6535469233,-90.2692175193,5163 Enright Ave St. Louis MO 63108 US,,7,8,,2,0.645,,gable_family,0.438,,masonry,0.895,,,Negligible to Slight,none,0.47
4439,steer,38.6578233509,-90.2634287993,5020 Vernon Ave åœ£è·¯æ˜“æ–¯ MO 63113 US,,7,8,,2,0.694,,gable_family,0.482,,masonry,0.94,,,Negligible to Slight,none,0.555
4440,steer,38.6549512744,-90.2716262274,5237 Kensington Ave St. Louis MO 63108 US,,7,8,,2,0.488,,gable_family,0.396,,masonry,0.89,,,Negligible to Slight,none,0.56
4441,steer,38.6593243262,-90.2646496162,5065 Maple Ave åœ£è·¯æ˜“æ–¯ MO 63113 US,,7,8,,2,0.699,,gable_family,0.496,,masonry,0.955,,,Negligible to Slight,moderate,0.415
4442,steer,38.6623063719,-90.2411452285,,,7,8,,2,0.44,,gable_family,0.462,,masonry,0.72,,,Moderate,none,0.455
4443,steer,38.6535246668,-90.2690859962,5159 Enright Ave St. Louis MO 63108 US,,7,8,,2,0.644,,gable_family,0.466,,masonry,0.88,,,Negligible to Slight,none,0.5
4444,steer,38.6592239498,-90.2638869144,5041 Maple Ave åœ£è·¯æ˜“æ–¯ MO 63113 US,,7,8,,2,0.586,,gable_family,0.48,,masonry,0.9,,,Negligible to Slight,none,0.61
4445,steer,38.6542603151,-90.2692523835,5166 Kensington Ave St. Louis MO 63108 US,,7,8,,2,0.492,,gable_family,0.419,,masonry,0.885,,,Substantial to Heavy,none,0.56
4446,steer,38.6554497954,-90.2720836375,918 Union Blvd St. Louis MO 63108 US,,7,8,,2,0.497,,gable_family,0.357,,masonry,0.94,,,Negligible to Slight,none,0.53
4447,steer,38.6538061082,-90.2714452794,5227 Enright Ave St. Louis MO 63108 US,,7,8,,2,0.61,,gable_family,0.452,,masonry,0.865,,,Moderate,moderate,0.42
4448,steer,38.6622809545,-90.2410859827,,,7,8,,2,0.46,,gable_family,0.462,,masonry,0.68,,,Moderate,moderate,0.47
4449,steer,38.6575264699,-90.2656946132,5085 Raymond Ave åœ£è·¯æ˜“æ–¯ MO 63113 US,,7,8,,2,0.646,,gable_family,0.472,,masonry,0.915,,,Negligible to Slight,none,0.515
4450,steer,38.6680598367,-90.2434410753,4543 Greer Ave St. Louis MO 63115 US,,7,8,,2,0.538,,gable_family,0.528,,masonry,0.91,,,Moderate,none,0.49
4451,steer,38.662983325,-90.2436362499,,,7,8,,2,0.483,,gable_family,0.413,,masonry,0.875,,,Moderate,moderate,0.485
4452,steer,38.6538575728,-90.269324292,5169 Enright Ave St. Louis MO 63108 US,,6,8,,1,0.455,,gable_family,0.394,,masonry,0.84,,,Negligible to Slight,none,0.49
4453,steer,38.6640813722,-90.2433386369,,,7,8,,2,0.52,,gable_family,0.361,,masonry,0.765,,,Destruction,moderate,0.525
4454,steer,38.6547161839,-90.2694475962,5175 Kensington Ave St. Louis MO 63108 US,,7,8,,2,0.578,,gable_family,0.453,,masonry,0.88,,,Negligible to Slight,moderate,0.46
4455,steer,38.6536034288,-90.2698682607,5181 Enright Ave St. Louis MO 63108 US,,7,8,,2,0.735,,gable_family,0.411,,masonry,0.87,,,Negligible to Slight,none,0.47
4456,steer,38.6537894801,-90.2713488502,5223 Enright Ave St. Louis MO 63108 US,,7,8,,2,0.666,,gable_family,0.448,,masonry,0.915,,,Substantial to Heavy,moderate,0.51
4457,steer,38.6628424479,-90.240715657,,,7,8,,2,0.592,,gable_family,0.407,,masonry,0.855,,,Negligible to Slight,none,0.505
4458,steer,38.6630717231,-90.2425558512,,,7,8,,2,0.605,,gable_family,0.516,,masonry,0.895,,,Moderate,none,0.44
4459,steer,38.6593280624,-90.2647515321,5069 Maple Ave åœ£è·¯æ˜“æ–¯ MO 63113 US,,7,8,,2,0.698,,gable_family,0.549,,masonry,0.97,,,Negligible to Slight,none,0.485
4460,steer,38.6535959034,-90.2697539231,5181 Enright Ave St. Louis MO 63108 US,,7,8,,2,0.739,,gable_family,0.511,,masonry,0.94,,,Negligible to Slight,moderate,0.395
4461,steer,38.6623609367,-90.2436998258,,,7,8,,2,0.548,,gable_family,0.413,,masonry,0.89,,,Moderate,none,0.46
4462,steer,38.6535613693,-90.269564154,5173 Enright Ave St. Louis MO 63108 US,,7,8,,2,0.607,,gable_family,0.513,,masonry,0.965,,,Negligible to Slight,none,0.57
4463,steer,38.6535523815,-90.2693948584,5169 Enright Ave St. Louis MO 63108 US,,7,8,,2,0.67,,gable_family,0.453,,masonry,0.905,,,Negligible to Slight,none,0.5
4464,steer,38.6535802649,-90.2670331679,811 Academy Ave St. Louis MO 63108 US,,7,8,,2,0.493,,gable_family,0.314,,masonry,0.79,,,Substantial to Heavy,none,0.49
4465,steer,38.6592225111,-90.2637850098,5037 Maple Ave åœ£è·¯æ˜“æ–¯ MO 63113 US,,7,8,,2,0.688,,gable_family,0.493,,masonry,0.885,,,Negligible to Slight,none,0.64
4466,steer,38.6591354888,-90.2629943977,5017 Maple Ave åœ£è·¯æ˜“æ–¯ MO 63113 US,,7,8,,2,0.557,,gable_family,0.364,,masonry,0.835,,,Negligible to Slight,none,0.58
4467,steer,38.6533891796,-90.2676445046,5119 Enright Ave St. Louis MO 63108 US,,7,8,,2,0.721,,gable_family,0.462,,masonry,0.905,,,Moderate,none,0.535
4468,steer,38.657387128,-90.264314134,5045 Raymond Ave åœ£è·¯æ˜“æ–¯ MO 63113 US,,7,8,,2,0.702,,gable_family,0.488,,masonry,0.955,,,Negligible to Slight,none,0.515
4469,steer,38.6537538906,-90.271237512,5219 Enright Ave St. Louis MO 63108 US,,7,8,,2,0.567,,gable_family,0.442,,masonry,0.91,,,Very Heavy,moderate,0.475
4470,steer,38.6569250993,-90.2636174103,5024 Raymond Ave åœ£è·¯æ˜“æ–¯ MO 63113 US,,7,8,,2,0.725,,gable_family,0.605,,masonry,0.93,,,Negligible to Slight,none,0.425
4471,steer,38.6552241115,-90.2706628963,919 Clarendon Ave St. Louis MO 63108 US,,7,8,,2,0.609,,gable_family,0.558,,masonry,0.855,,,Negligible to Slight,moderate,0.575
4472,steer,38.6574418502,-90.2644473558,5049 Raymond Ave åœ£è·¯æ˜“æ–¯ MO 63113 US,,7,8,,2,0.61,,gable_family,0.458,,masonry,0.895,,,Negligible to Slight,none,0.395
4473,steer,38.653372901,-90.2674052431,5111 Enright Ave St. Louis MO 63108 US,,7,8,,2,0.582,,gable_family,0.458,,masonry,0.87,,,Moderate,none,0.47
4474,steer,38.6623990098,-90.2437871905,,,7,8,,2,0.477,,gable_family,0.384,,masonry,0.82,,,Moderate,none,0.405
4475,steer,38.6627763422,-90.2431301855,4438 Kennerly Ave St. Louis MO 63113 US,,7,8,,2,0.502,,gable_family,0.414,,masonry,0.7,,,Substantial to Heavy,moderate,0.43
4476,steer,38.6583970211,-90.2649625707,5069 Vernon Ave åœ£è·¯æ˜“æ–¯ MO 63113 US,,7,8,,2,0.507,,gable_family,0.413,,masonry,0.92,,,Negligible to Slight,none,0.575
4477,steer,38.653513415,-90.26898013,5157 Enright Ave St. Louis MO 63108 US,,7,8,,2,0.612,,gable_family,0.517,,masonry,0.945,,,Negligible to Slight,none,0.63
4478,steer,38.6541131305,-90.2705219019,5204 Kensington Ave St. Louis MO 63108 US,,7,8,,2,0.475,,gable_family,0.388,,masonry,0.92,,,Destruction,moderate,0.47
4479,steer,38.659182629,-90.2631695126,5023 Maple Ave åœ£è·¯æ˜“æ–¯ MO 63113 US,,7,8,,2,0.585,,gable_family,0.483,,masonry,0.945,,,Negligible to Slight,none,0.495
4480,steer,38.6563846951,-90.2633887862,5015 Cabanne Ave åœ£è·¯æ˜“æ–¯ MO 63113 US,,7,8,,2,0.676,,gable_family,0.47,,masonry,0.93,,,Negligible to Slight,none,0.46
4481,steer,38.6574447109,-90.2647851325,5059 Raymond Ave åœ£è·¯æ˜“æ–¯ MO 63113 US,,7,8,,2,0.715,,gable_family,0.421,,masonry,0.965,,,Negligible to Slight,none,0.485
4482,steer,38.6537220799,-90.2709651817,5211 Enright Ave St. Louis MO 63108 US,,7,8,,2,0.712,,gable_family,0.491,,masonry,0.94,,,Moderate,moderate,0.435
4483,steer,38.6533407502,-90.2670733538,5101 Enright Ave St. Louis MO 63108 US,,7,8,,2,0.475,,gable_family,0.379,,masonry,0.825,,,Destruction,none,0.445
4484,steer,38.6621510972,-90.2431355477,,,7,8,,2,0.518,,gable_family,0.411,,masonry,0.71,,,Negligible to Slight,none,0.53
4485,steer,38.662312201,-90.2395723944,,,7,8,,2,0.578,,gable_family,0.492,,masonry,0.865,,,Negligible to Slight,none,0.475
4486,steer,38.6574584449,-90.2649955989,5063 Raymond Ave åœ£è·¯æ˜“æ–¯ MO 63113 US,,7,8,,2,0.632,,gable_family,0.53,,masonry,0.88,,,Negligible to Slight,none,0.54
4487,steer,38.658278194,-90.2639237875,5039 Vernon Ave åœ£è·¯æ˜“æ–¯ MO 63113 US,,7,8,,2,0.575,,gable_family,0.514,,masonry,0.895,,,Destruction,moderate,0.53
4488,steer,38.6537395627,-90.271134978,5217 Enright Ave St. Louis MO 63108 US,,7,8,,2,0.67,,gable_family,0.447,,masonry,0.91,,,Negligible to Slight,none,0.435
4489,steer,38.6544382687,-90.2707504046,5208 Kensington Ave St. Louis MO 63108 US,,7,8,,2,0.475,,gable_family,0.428,,masonry,0.85,,,Very Heavy,moderate,0.485
4490,steer,38.6623922843,-90.2396961624,,,7,8,,2,0.558,,gable_family,0.649,,masonry,0.8,,,Negligible to Slight,none,0.415
4491,steer,38.6574877125,-90.2651822204,5069 Raymond Ave åœ£è·¯æ˜“æ–¯ MO 63113 US,,7,8,,2,0.75,,gable_family,0.445,,masonry,0.88,,,Negligible to Slight,none,0.555
4492,steer,38.661883726,-90.2412266033,,,6,8,,1,0.455,,gable_family,0.489,,masonry,0.615,,,Negligible to Slight,none,0.46
4493,steer,38.6591652582,-90.2628565949,5013 Maple Ave åœ£è·¯æ˜“æ–¯ MO 63113 US,,7,8,,2,0.64,,gable_family,0.547,,masonry,0.89,,,Negligible to Slight,none,0.45
4494,steer,38.6588124975,-90.2636408198,5034 Maple Ave åœ£è·¯æ˜“æ–¯ MO 63113 US,,7,8,,2,0.648,,gable_family,0.549,,masonry,0.935,,,Moderate,none,0.485
4495,steer,38.6575462246,-90.2654726126,5081 Raymond Ave åœ£è·¯æ˜“æ–¯ MO 63113 US,,7,8,,2,0.751,,gable_family,0.511,,masonry,0.925,,,Negligible to Slight,none,0.635
4496,steer,38.653360846,-90.2672896041,5107 Enright Ave St. Louis MO 63108 US,,7,8,,2,0.616,,gable_family,0.453,,masonry,0.935,,,Negligible to Slight,none,0.545
4497,steer,38.6588202051,-90.2638931078,5042 Maple Ave åœ£è·¯æ˜“æ–¯ MO 63113 US,,7,8,,2,0.662,,gable_family,0.481,,masonry,0.86,,,Moderate,none,0.455
4498,steer,38.6591487663,-90.2630803312,5019 Maple Ave åœ£è·¯æ˜“æ–¯ MO 63113 US,,7,8,,2,0.589,,gable_family,0.408,,masonry,0.95,,,Substantial to Heavy,none,0.575
4499,steer,38.6727881567,-90.2350220198,,,7,8,,2,0.695,,gable_family,0.526,,masonry,0.89,,,Negligible to Slight,none,0.525
4500,steer,38.6534997531,-90.2685755557,5145 Enright Ave St. Louis MO 63108 US,,7,8,,2,0.573,,gable_family,0.446,,masonry,0.875,,,Moderate,moderate,0.465
4501,steer,38.654359169,-90.2700691401,5194 Kensington Ave St. Louis MO 63108 US,,14,8,,2,0.402,,flat,0.282,,masonry,0.795,,,Substantial to Heavy,moderate,0.43
4502,steer,38.6625005875,-90.2425203649,,,7,8,,2,0.613,,gable_family,0.428,,masonry,0.79,,,Negligible to Slight,moderate,0.46
4503,steer,38.6569998067,-90.2643194373,5044 Raymond Ave åœ£è·¯æ˜“æ–¯ MO 63113 US,,7,8,,2,0.632,,gable_family,0.423,,masonry,0.94,,,Negligible to Slight,none,0.59
4504,steer,38.6566592838,-90.2659645059,5089 Cabanne Ave åœ£è·¯æ˜“æ–¯ MO 63113 US,,7,8,,2,0.71,,gable_family,0.605,,masonry,0.965,,,Negligible to Slight,none,0.59
4505,steer,38.6580789428,-90.2659551842,5094 Vernon Ave åœ£è·¯æ˜“æ–¯ MO 63113 US,,7,8,,2,0.624,,gable_family,0.47,,masonry,0.874,,,Negligible to Slight,none,0.615
4506,steer,38.6544252811,-90.2704732944,5202 Kensington Ave St. Louis MO 63108 US,,6,8,,1,0.43,,gable_family,0.33,,masonry,0.845,,,Destruction,moderate,0.46
4507,steer,38.6737103533,-90.2341040042,,,7,8,,2,0.634,,gable_family,0.502,,masonry,0.915,,,Negligible to Slight,none,0.555
4508,steer,38.6564300764,-90.2631269494,1107 N Kingshighway Blvd åœ£è·¯æ˜“æ–¯ MO 63113 US,,7,8,,2,0.475,,gable_family,0.372,,masonry,0.8,,,Substantial to Heavy,moderate,0.48
4509,steer,38.6534278104,-90.2678875866,5125 Enright Ave St. Louis MO 63108 US,,7,8,,2,0.735,,gable_family,0.543,,masonry,0.915,,,Moderate,none,0.445
4510,steer,38.6580141221,-90.2656085961,5084 Vernon Ave åœ£è·¯æ˜“æ–¯ MO 63113 US,,7,8,,2,0.51,,gable_family,0.526,,masonry,0.916,,,Negligible to Slight,none,0.57
4511,steer,38.6537176255,-90.2707695608,5205 Enright Ave St. Louis MO 63108 US,,7,8,,2,0.627,,gable_family,0.502,,masonry,0.865,,,Destruction,moderate,0.56
4512,steer,38.6528390627,-90.2664866518,5084 Enright Ave St. Louis MO 63108 US,,7,8,,2,0.555,,gable_family,0.487,,masonry,0.83,,,Moderate,moderate,0.445
4513,steer,38.6735969943,-90.2339104145,,,7,8,,2,0.51,,gable_family,0.37,,masonry,0.91,,,Negligible to Slight,none,0.595
4514,steer,38.6543133965,-90.2696683135,5180 Kensington Ave St. Louis MO 63108 US,,7,8,,2,0.511,,gable_family,0.379,,masonry,0.783,,,Destruction,moderate,0.45
4515,steer,38.6633628361,-90.2420303903,,,7,8,,2,0.5,,gable_family,0.463,,masonry,0.74,,,Moderate,moderate,0.46
4516,steer,38.6538748539,-90.270613038,807 Clarendon Ave St. Louis MO 63108 US,,6,8,,1,0.47,,gable_family,0.413,,masonry,0.89,,,Destruction,moderate,0.395
4517,steer,38.6579300444,-90.2643674631,5046 Vernon Ave åœ£è·¯æ˜“æ–¯ MO 63113 US,,7,8,,2,0.67,,gable_family,0.511,,masonry,0.885,,,Negligible to Slight,none,0.58
4518,steer,38.6561713656,-90.2649384848,5056 Cabanne Ave åœ£è·¯æ˜“æ–¯ MO 63113 US,,7,8,,2,0.75,,gable_family,0.515,,masonry,0.925,,,Negligible to Slight,none,0.57
4519,steer,38.656967323,-90.2641517374,5038 Raymond Ave åœ£è·¯æ˜“æ–¯ MO 63113 US,,7,8,,2,0.635,,gable_family,0.521,,masonry,0.925,,,Negligible to Slight,none,0.605
4520,steer,38.653383545,-90.2675353238,5115 Enright Ave St. Louis MO 63108 US,,7,8,,2,0.617,,gable_family,0.456,,masonry,0.82,,,Moderate,none,0.44
4521,steer,38.6578595928,-90.2639087439,5034 Vernon Ave åœ£è·¯æ˜“æ–¯ MO 63113 US,,7,8,,2,0.595,,gable_family,0.511,,masonry,0.863,,,Negligible to Slight,moderate,0.415
4522,steer,38.6630980665,-90.2416842872,,,7,8,,2,0.51,,gable_family,0.498,,masonry,0.745,,,Very Heavy,moderate,0.42
4523,steer,38.6528712482,-90.2666545148,5088 Enright Ave St. Louis MO 63108 US,,7,8,,2,0.68,,gable_family,0.51,,masonry,0.875,,,Moderate,moderate,0.435
4524,steer,38.6625603423,-90.2400280291,,,6,8,,1,0.515,,gable_family,0.444,,masonry,0.655,,,Moderate,moderate,0.515
4525,steer,38.6543582395,-90.2701856807,5198 Kensington Ave St. Louis MO 63108 US,,7,8,,2,0.43,,gable_family,0.365,,masonry,0.85,,,Substantial to Heavy,moderate,0.51
4526,steer,38.6622625846,-90.2420709175,,,7,8,,2,0.541,,gable_family,0.324,,masonry,0.89,,,Negligible to Slight,none,0.5
4527,steer,38.6539079294,-90.2682245545,5136 Kensington Ave St. Louis MO 63108 US,,7,8,,2,0.495,,gable_family,0.448,,masonry,0.695,,,Very Heavy,moderate,0.45
4528,steer,38.6569466516,-90.2637779151,5028 Raymond Ave åœ£è·¯æ˜“æ–¯ MO 63113 US,,7,8,,2,0.699,,gable_family,0.562,,masonry,0.885,,,Negligible to Slight,none,0.54
4529,steer,38.6543454412,-90.2699772322,5190 Kensington Ave St. Louis MO 63108 US,,7,8,,2,0.513,,gable_family,0.374,,masonry,0.75,,,Substantial to Heavy,moderate,0.455
4530,steer,38.6613522642,-90.2371600346,,,7,8,,2,0.557,,gable_family,0.42,,masonry,0.975,,,Negligible to Slight,moderate,0.41
4531,steer,38.6542733102,-90.2693451803,5168 Kensington Ave St. Louis MO 63108 US,,7,8,,2,0.55,,gable_family,0.409,,masonry,0.94,,,Substantial to Heavy,moderate,0.49
4532,steer,38.6625191628,-90.2399490166,,,7,8,,2,0.588,,gable_family,0.541,,masonry,0.735,,,Moderate,moderate,0.41
4533,steer,38.6615660469,-90.2419126048,,,7,8,,2,0.735,,gable_family,0.543,,masonry,0.99,,,Negligible to Slight,none,0.48
4534,steer,38.6539459201,-90.2706028081,811 Clarendon Ave St. Louis MO 63108 US,,7,8,,2,0.53,,gable_family,0.582,,masonry,0.87,,,Destruction,moderate,0.465
4535,steer,38.6585070433,-90.2656063808,1212 Academy Ave åœ£è·¯æ˜“æ–¯ MO 63113 US,,7,8,,2,0.545,,gable_family,0.468,,masonry,0.83,,,Substantial to Heavy,none,0.495
4536,steer,38.6530022245,-90.2677917993,5120 Enright Ave St. Louis MO 63108 US,,7,8,,2,0.66,,gable_family,0.479,,masonry,0.91,,,Moderate,none,0.53
4537,steer,38.6541894274,-90.2681863218,5136 Kensington Ave St. Louis MO 63108 US,,7,8,,2,0.648,,gable_family,0.436,,masonry,0.84,,,Negligible to Slight,none,0.57
4538,steer,38.6582096247,-90.2630477705,5011 Vernon Ave åœ£è·¯æ˜“æ–¯ MO 63113 US,,7,8,,2,0.627,,gable_family,0.392,,masonry,0.91,,,Destruction,moderate,0.49
4539,steer,38.6573275532,-90.2635465301,5025 Raymond Ave åœ£è·¯æ˜“æ–¯ MO 63113 US,,7,8,,2,0.677,,gable_family,0.566,,masonry,0.935,,,Negligible to Slight,none,0.415
4540,steer,38.6543237722,-90.2698663435,5186 Kensington Ave St. Louis MO 63108 US,,7,8,,2,0.611,,gable_family,0.443,,masonry,0.82,,,Very Heavy,moderate,0.55
4541,steer,38.6572968146,-90.2633515932,5019 Raymond Ave åœ£è·¯æ˜“æ–¯ MO 63113 US,,7,8,,2,0.782,,gable_family,0.598,,masonry,0.975,,,Negligible to Slight,none,0.575
4542,steer,38.6565864922,-90.2654683104,5075 Cabanne Ave åœ£è·¯æ˜“æ–¯ MO 63113 US,,7,8,,2,0.625,,gable_family,0.441,,masonry,0.86,,,Negligible to Slight,none,0.6
4543,steer,38.6535552897,-90.269315403,5167 Enright Ave St. Louis MO 63108 US,,7,8,,2,0.709,,gable_family,0.448,,masonry,0.895,,,Negligible to Slight,none,0.525
4544,steer,38.6579882854,-90.2649859685,5066 Vernon Ave åœ£è·¯æ˜“æ–¯ MO 63113 US,,7,8,,2,0.507,,gable_family,0.431,,masonry,0.85,,,Negligible to Slight,none,0.56
4545,steer,38.6618943116,-90.2385136238,,,7,8,,2,0.54,,gable_family,0.58,,masonry,0.89,,,Negligible to Slight,none,0.61
4546,steer,38.653017379,-90.2679261963,5124 Enright Ave St. Louis MO 63108 US,,7,8,,2,0.733,,gable_family,0.553,,masonry,0.96,,,Destruction,none,0.415
4547,steer,38.6617684404,-90.2418998119,,,7,8,,2,0.577,,gable_family,0.417,,masonry,0.975,,,Negligible to Slight,none,0.485
4548,steer,38.6542704308,-90.2689916918,5158 Kensington Ave St. Louis MO 63108 US,,7,8,,2,0.495,,gable_family,0.452,,masonry,0.9,,,Substantial to Heavy,moderate,0.475
4549,steer,38.6573974618,-90.2641266394,5039 Raymond Ave åœ£è·¯æ˜“æ–¯ MO 63113 US,,7,8,,2,0.676,,gable_family,0.463,,masonry,0.935,,,Negligible to Slight,none,0.495
4550,steer,38.6615700014,-90.2376953654,,,7,8,,2,0.62,,gable_family,0.398,,masonry,0.88,,,Negligible to Slight,none,0.49
4551,steer,38.655901974,-90.2631191696,1025 N Kingshighway Blvd åœ£è·¯æ˜“æ–¯ MO 63113 US,,7,8,,2,0.57,,gable_family,0.33,,masonry,0.925,,,Negligible to Slight,none,0.66
4552,steer,38.657082858,-90.2649800541,5064 Raymond Ave åœ£è·¯æ˜“æ–¯ MO 63113 US,,7,8,,2,0.679,,gable_family,0.51,,masonry,0.87,,,Negligible to Slight,none,0.615
4553,steer,38.6539981389,-90.2693103192,5166 Kensington Ave St. Louis MO 63108 US,,7,8,,2,0.465,,gable_family,0.533,,masonry,0.805,,,Moderate,none,0.455
4554,steer,38.657500366,-90.2653542649,5075 Raymond Ave åœ£è·¯æ˜“æ–¯ MO 63113 US,,7,8,,2,0.608,,gable_family,0.408,,masonry,0.93,,,Negligible to Slight,none,0.42
4555,steer,38.6562909059,-90.2661109178,5090 Cabanne Ave åœ£è·¯æ˜“æ–¯ MO 63113 US,,7,8,,2,0.68,,gable_family,0.487,,masonry,0.945,,,Negligible to Slight,none,0.59
4556,steer,38.652443506,-90.2682433821,5127 Delmar Blvd St. Louis MO 63108 US,,7,8,,2,0.515,,gable_family,0.407,,masonry,0.745,,,Negligible to Slight,none,0.5
4557,steer,38.6571990372,-90.266049248,5092 Raymond Ave åœ£è·¯æ˜“æ–¯ MO 63113 US,,7,8,,2,0.56,,gable_family,0.461,,masonry,0.89,,,Moderate,none,0.455
4558,steer,38.6637818547,-90.2429237441,,,7,8,,2,0.503,,gable_family,0.491,,masonry,0.67,,,Very Heavy,moderate,0.45
4559,steer,38.6576846544,-90.2627732853,1157 N Kingshighway Blvd åœ£è·¯æ˜“æ–¯ MO 63113 US,,7,8,,2,0.428,,gable_family,0.363,,masonry,0.915,,,Negligible to Slight,moderate,0.525
4560,steer,38.6613486028,-90.2386148065,,,7,8,,2,0.56,,gable_family,0.468,,masonry,0.823,,,Substantial to Heavy,moderate,0.47
4561,steer,38.6562899413,-90.265965786,5088 Cabanne Ave åœ£è·¯æ˜“æ–¯ MO 63113 US,,7,8,,2,0.665,,gable_family,0.518,,masonry,0.955,,,Negligible to Slight,none,0.545
4562,steer,38.6534143284,-90.2677643282,5121 Enright Ave St. Louis MO 63108 US,,7,8,,2,0.608,,gable_family,0.502,,masonry,0.935,,,Moderate,none,0.565
4563,steer,38.661662929,-90.2407292777,,,7,8,,2,0.6,,gable_family,0.378,,masonry,0.91,,,Negligible to Slight,none,0.61
4564,steer,38.6553319988,-90.2631621992,5003 Cates Ave åœ£è·¯æ˜“æ–¯ MO 63108 US,,7,8,,2,0.584,,gable_family,0.339,,masonry,0.92,,,Moderate,none,0.39
4565,steer,38.6575771511,-90.2659705004,5095 Raymond Ave åœ£è·¯æ˜“æ–¯ MO 63113 US,,7,8,,2,0.615,,gable_family,0.454,,masonry,0.865,,,Negligible to Slight,none,0.44
4566,steer,38.6561777811,-90.2650399037,5060 Cabanne Ave åœ£è·¯æ˜“æ–¯ MO 63113 US,,7,8,,2,0.69,,gable_family,0.413,,masonry,0.93,,,Negligible to Slight,none,0.56
4567,steer,38.6539823963,-90.2701356688,5191 Enright Ave St. Louis MO 63108 US,,6,8,,1,0.455,,gable_family,0.359,,masonry,0.74,,,Negligible to Slight,none,0.535
4568,steer,38.6581747894,-90.2628794312,5009 Vernon Ave åœ£è·¯æ˜“æ–¯ MO 63113 US,,7,8,,2,0.598,,gable_family,0.292,,masonry,0.97,,,Very Heavy,moderate,0.515
4569,steer,38.6553136752,-90.2633828012,5009 Cates Ave åœ£è·¯æ˜“æ–¯ MO 63108 US,,7,8,,2,0.582,,gable_family,0.474,,masonry,0.96,,,Negligible to Slight,none,0.54
4570,steer,38.6632687873,-90.2418604762,,,7,8,,2,0.615,,gable_family,0.521,,masonry,0.85,,,Very Heavy,moderate,0.53
4571,steer,38.6562103551,-90.265846257,5082 Cabanne Ave åœ£è·¯æ˜“æ–¯ MO 63113 US,,7,8,,2,0.57,,gable_family,0.424,,masonry,0.865,,,Moderate,none,0.51
4572,steer,38.6611462452,-90.2410043061,,,7,6,,2,0.538,,complex_family,0.307,,masonry,0.9,,,Negligible to Slight,moderate,0.425
4573,steer,38.6570090037,-90.2646427571,5054 Raymond Ave åœ£è·¯æ˜“æ–¯ MO 63113 US,,7,8,,2,0.542,,gable_family,0.511,,masonry,0.725,,,Moderate,moderate,0.435
4574,steer,38.6529800161,-90.2676943858,5118 Enright Ave St. Louis MO 63108 US,,7,8,,2,0.7,,gable_family,0.423,,masonry,0.885,,,Negligible to Slight,none,0.54
4575,steer,38.6619395707,-90.2417479156,,,7,8,,2,0.576,,gable_family,0.399,,masonry,0.965,,,Negligible to Slight,none,0.56
4576,steer,38.6523210364,-90.2661739848,5075 Delmar Blvd St. Louis MO 63108 US,,7,8,,2,0.427,,gable_family,0.386,,masonry,0.845,,,Negligible to Slight,none,0.445
4577,steer,38.6613248165,-90.2412025967,,,7,8,,2,0.531,,gable_family,0.345,,masonry,0.89,,,Negligible to Slight,none,0.47
4578,steer,38.658243358,-90.2636854427,5031 Vernon Ave åœ£è·¯æ˜“æ–¯ MO 63113 US,,7,8,,2,0.692,,gable_family,0.471,,masonry,0.975,,,Negligible to Slight,none,0.515
4579,steer,38.6629754452,-90.2408747193,,,7,8,,2,0.547,,gable_family,0.469,,masonry,0.85,,,Substantial to Heavy,none,0.555
4580,steer,38.6521560303,-90.2669405899,5097 Delmar Blvd St. Louis MO 63108 US,,7,8,,2,0.582,,gable_family,0.285,,masonry,0.955,,,Negligible to Slight,none,0.45
4581,steer,38.6570879966,-90.2654150889,5072 Raymond Ave åœ£è·¯æ˜“æ–¯ MO 63113 US,,7,8,,2,0.49,,gable_family,0.457,,masonry,0.876,,,Negligible to Slight,none,0.51
4582,steer,38.6528743521,-90.2668287199,5092 Enright Ave St. Louis MO 63108 US,,7,8,,2,0.505,,gable_family,0.369,,masonry,0.895,,,Very Heavy,moderate,0.505
4583,steer,38.662784864,-90.2405779833,,,7,8,,2,0.61,,gable_family,0.491,,masonry,0.74,,,Negligible to Slight,none,0.515
4584,steer,38.6536299008,-90.2700437781,5187 Enright Ave St. Louis MO 63108 US,,7,8,,2,0.658,,gable_family,0.53,,masonry,0.895,,,Negligible to Slight,none,0.47
4585,steer,38.6554771027,-90.2641891758,5033 Cates Ave åœ£è·¯æ˜“æ–¯ MO 63108 US,,7,8,,2,0.605,,gable_family,0.412,,masonry,0.905,,,Negligible to Slight,none,0.515
4586,steer,38.6734135247,-90.2344615775,,,7,8,,2,0.613,,gable_family,0.487,,masonry,0.925,,,Substantial to Heavy,moderate,0.42
4587,steer,38.6561033889,-90.2641902053,5036 Cabanne Ave åœ£è·¯æ˜“æ–¯ MO 63113 US,,7,8,,2,0.766,,gable_family,0.55,,masonry,0.975,,,Negligible to Slight,none,0.505
4588,steer,38.653651833,-90.270313768,5193 Enright Ave St. Louis MO 63108 US,,6,8,,1,0.48,,gable_family,0.368,,masonry,0.76,,,Moderate,none,0.435
4589,steer,38.6569889158,-90.2639439682,5034 Raymond Ave åœ£è·¯æ˜“æ–¯ MO 63113 US,,7,8,,2,0.71,,gable_family,0.541,,masonry,0.895,,,Moderate,none,0.48
4590,steer,38.6620533174,-90.2415464268,,,7,8,,2,0.498,,gable_family,0.507,,masonry,0.78,,,Negligible to Slight,none,0.595
4591,steer,38.6583365579,-90.2643853085,5053 Vernon Ave åœ£è·¯æ˜“æ–¯ MO 63113 US,,7,8,,2,0.565,,gable_family,0.378,,masonry,0.895,,,Very Heavy,moderate,0.425
4592,steer,38.6524304472,-90.268703234,5145 Delmar Blvd St. Louis MO 63108 US,,7,8,,2,0.485,,gable_family,0.348,,masonry,0.935,,,Very Heavy,moderate,0.375
4593,steer,38.6560196607,-90.263720702,5022 Cabanne Ave åœ£è·¯æ˜“æ–¯ MO 63113 US,,7,8,,2,0.705,,gable_family,0.447,,masonry,0.92,,,Substantial to Heavy,none,0.485
4594,steer,38.6536979286,-90.2676760489,5121 Enright Ave St. Louis MO 63108 US,,7,8,,2,0.524,,gable_family,0.432,,masonry,0.745,,,Substantial to Heavy,none,0.395
4595,steer,38.6582469845,-90.2637661756,5033 Vernon Ave åœ£è·¯æ˜“æ–¯ MO 63113 US,,7,8,,2,0.565,,gable_family,0.448,,masonry,0.88,,,Negligible to Slight,none,0.61
4596,steer,38.6533514104,-90.2671707149,5105 Enright Ave St. Louis MO 63108 US,,7,8,,2,0.525,,gable_family,0.378,,masonry,0.858,,,Moderate,moderate,0.385
4597,steer,38.6529425234,-90.2671285971,5100 Enright Ave St. Louis MO 63108 US,,7,8,,2,0.56,,gable_family,0.388,,masonry,0.885,,,Negligible to Slight,none,0.485
4598,steer,38.6621197165,-90.2405773107,,,7,8,,2,0.66,,gable_family,0.587,,masonry,0.834,,,Negligible to Slight,none,0.47
4599,steer,38.6526976038,-90.2690703191,5155 Delmar Blvd St. Louis MO 63108 US,,7,8,,2,0.5,,gable_family,0.438,,masonry,0.729,,,Negligible to Slight,moderate,0.41
4600,steer,38.65362327,-90.2699536746,5185 Enright Ave St. Louis MO 63108 US,,7,8,,2,0.682,,gable_family,0.423,,masonry,0.885,,,Negligible to Slight,moderate,0.435
4601,steer,38.6529504487,-90.267231826,5104 Enright Ave St. Louis MO 63108 US,,7,8,,2,0.588,,gable_family,0.457,,masonry,0.845,,,Destruction,moderate,0.435
4602,steer,38.6537217018,-90.2678266716,5125 Enright Ave St. Louis MO 63108 US,,7,8,,2,0.455,,gable_family,0.389,,masonry,0.815,,,Negligible to Slight,moderate,0.455
4603,steer,38.6626111002,-90.2401063055,,,7,8,,2,0.506,,gable_family,0.503,,masonry,0.74,,,Negligible to Slight,moderate,0.535
4604,steer,38.6531442946,-90.2690417807,5156 Enright Ave St. Louis MO 63108 US,,7,8,,2,0.677,,gable_family,0.532,,masonry,0.935,,,Negligible to Slight,none,0.515
4605,steer,38.6569127406,-90.2632642881,5014 Raymond Ave åœ£è·¯æ˜“æ–¯ MO 63113 US,,7,8,,2,0.819,,gable_family,0.61,,masonry,0.965,,,Negligible to Slight,moderate,0.41
4606,steer,38.6542119832,-90.2682801594,5138 Kensington Ave St. Louis MO 63108 US,,7,8,,2,0.61,,gable_family,0.466,,masonry,0.875,,,Negligible to Slight,none,0.59
4607,steer,38.6527210062,-90.2679592233,5124 Enright Ave St. Louis MO 63108 US,,7,8,,2,0.514,,gable_family,0.512,,masonry,0.782,,,Destruction,moderate,0.485
4608,steer,38.6570766697,-90.2648079996,5060 Raymond Ave åœ£è·¯æ˜“æ–¯ MO 63113 US,,7,8,,2,0.64,,gable_family,0.47,,masonry,0.97,,,Moderate,none,0.535
4609,steer,38.6568620019,-90.2631434349,5008 Raymond Ave åœ£è·¯æ˜“æ–¯ MO 63113 US,,7,8,,2,0.678,,gable_family,0.457,,masonry,0.938,,,Very Heavy,moderate,0.425
4610,steer,38.6531588025,-90.2691721366,5160 Enright Ave St. Louis MO 63108 US,,7,8,,2,0.705,,gable_family,0.519,,masonry,0.94,,,Negligible to Slight,none,0.46
4611,steer,38.653058126,-90.2682748343,5134 Enright Ave St. Louis MO 63108 US,,7,8,,2,0.623,,gable_family,0.454,,masonry,0.91,,,Moderate,none,0.62
4612,steer,38.6626746815,-90.2417757415,,,6,8,,1,0.423,,gable_family,0.343,,masonry,0.78,,,Substantial to Heavy,none,0.405
4613,steer,38.6565233466,-90.2644841988,5047 Cabanne Ave åœ£è·¯æ˜“æ–¯ MO 63113 US,,7,8,,2,0.764,,gable_family,0.582,,masonry,0.95,,,Negligible to Slight,none,0.555
4614,steer,38.655563064,-90.2656104686,5075 Cates Ave åœ£è·¯æ˜“æ–¯ MO 63108 US,,7,8,,2,0.686,,gable_family,0.441,,masonry,0.925,,,Negligible to Slight,none,0.54
4615,steer,38.6553899877,-90.26385133,5023 Cates Ave åœ£è·¯æ˜“æ–¯ MO 63108 US,,7,8,,2,0.765,,gable_family,0.448,,masonry,0.97,,,Negligible to Slight,none,0.645
4616,steer,38.6624522492,-90.2398661214,,,7,8,,2,0.53,,gable_family,0.492,,masonry,0.76,,,Moderate,moderate,0.53
4617,steer,38.6565256893,-90.264616791,5051 Cabanne Ave åœ£è·¯æ˜“æ–¯ MO 63113 US,,7,8,,2,0.704,,gable_family,0.493,,masonry,0.905,,,Negligible to Slight,none,0.455
4618,steer,38.6570052774,-90.2644664867,5048 Raymond Ave åœ£è·¯æ˜“æ–¯ MO 63113 US,,7,8,,2,0.67,,gable_family,0.435,,masonry,0.965,,,Moderate,none,0.45
4619,steer,38.6531900593,-90.2693888604,5166 Enright Ave St. Louis MO 63108 US,,7,8,,2,0.693,,gable_family,0.432,,masonry,0.91,,,Negligible to Slight,none,0.475
4620,steer,38.661747126,-90.2395444754,,,7,8,,2,0.56,,gable_family,0.368,,masonry,0.715,,,Negligible to Slight,none,0.54
4621,steer,38.655503503,-90.2651367869,5061 Cates Ave åœ£è·¯æ˜“æ–¯ MO 63108 US,,7,8,,2,0.599,,gable_family,0.414,,masonry,0.945,,,Moderate,none,0.49
4622,steer,38.656549367,-90.2648296748,5055 Cabanne Ave åœ£è·¯æ˜“æ–¯ MO 63113 US,,7,8,,2,0.745,,gable_family,0.438,,masonry,0.95,,,Negligible to Slight,none,0.585
4623,steer,38.6611949698,-90.2402320034,,,7,8,,2,0.51,,gable_family,0.35,,masonry,0.89,,,Negligible to Slight,none,0.575
4624,steer,38.6727593479,-90.2349307308,,,7,8,,2,0.645,,gable_family,0.437,,masonry,0.885,,,Negligible to Slight,none,0.515
4625,steer,38.6524653013,-90.2690171036,5153 Delmar Blvd St. Louis MO 63108 US,,7,8,,2,0.575,,gable_family,0.313,,masonry,0.93,,,Moderate,moderate,0.57
4626,steer,38.6555896801,-90.2658276117,5079 Cates Ave åœ£è·¯æ˜“æ–¯ MO 63108 US,,7,8,,2,0.625,,gable_family,0.387,,masonry,0.88,,,Negligible to Slight,none,0.455
4627,steer,38.6565878927,-90.265340447,5073 Cabanne Ave åœ£è·¯æ˜“æ–¯ MO 63113 US,,7,8,,2,0.532,,gable_family,0.419,,masonry,0.905,,,Negligible to Slight,none,0.505
4628,steer,38.6565785302,-90.265085778,5061 Cabanne Ave åœ£è·¯æ˜“æ–¯ MO 63113 US,,7,8,,2,0.76,,gable_family,0.569,,masonry,0.915,,,Negligible to Slight,moderate,0.4
4629,steer,38.6541150422,-90.270212137,818 Clarendon Ave St. Louis MO 63108 US,,6,8,,1,0.41,,gable_family,0.355,,masonry,0.675,,,Destruction,moderate,0.555
4630,steer,38.6624244797,-90.238521864,,,7,6,,2,0.45,,complex_family,0.391,,masonry,0.93,,,Negligible to Slight,none,0.51
4631,steer,38.6540912866,-90.2671990969,5108 Kensington Ave St. Louis MO 63108 US,,7,8,,2,0.514,,gable_family,0.436,,masonry,0.895,,,Moderate,moderate,0.53
4632,steer,38.655461856,-90.2644691601,5041 Cates Ave åœ£è·¯æ˜“æ–¯ MO 63108 US,,7,8,,2,0.732,,gable_family,0.575,,masonry,0.965,,,Negligible to Slight,none,0.47
4633,steer,38.653468218,-90.2683653113,5139 Enright Ave St. Louis MO 63108 US,,7,8,,2,0.611,,gable_family,0.425,,masonry,0.845,,,Very Heavy,moderate,0.46
4634,steer,38.6555330382,-90.2652679461,5065 Cates Ave åœ£è·¯æ˜“æ–¯ MO 63108 US,,7,8,,2,0.67,,gable_family,0.496,,masonry,0.94,,,Moderate,none,0.585
4635,steer,38.6730124643,-90.2346977002,,,7,8,,2,0.541,,gable_family,0.535,,masonry,0.773,,,Negligible to Slight,moderate,0.52
4636,steer,38.6566419613,-90.2657088612,5083 Cabanne Ave åœ£è·¯æ˜“æ–¯ MO 63113 US,,7,8,,2,0.581,,gable_family,0.432,,masonry,0.9,,,Negligible to Slight,moderate,0.515
4637,steer,38.6632063025,-90.2387962694,4336 St Louis Ave St. Louis MO 63115 US,,7,8,,2,0.483,,gable_family,0.408,,masonry,0.7,,,Negligible to Slight,none,0.705
4638,steer,38.656480353,-90.264254693,5041 Cabanne Ave åœ£è·¯æ˜“æ–¯ MO 63113 US,,7,8,,2,0.728,,gable_family,0.574,,masonry,0.97,,,Negligible to Slight,none,0.67
4639,steer,38.6629925565,-90.2384010914,,,7,8,,2,0.525,,gable_family,0.473,,masonry,0.705,,,Negligible to Slight,none,0.5
4640,steer,38.6730691654,-90.2348107141,,,7,8,,2,0.571,,gable_family,0.482,,masonry,0.785,,,Negligible to Slight,none,0.555
4641,steer,38.6566405788,-90.2658099411,5083 Cabanne Ave åœ£è·¯æ˜“æ–¯ MO 63113 US,,7,8,,2,0.555,,gable_family,0.477,,masonry,0.87,,,Negligible to Slight,none,0.465
4642,steer,38.6532956104,-90.270760569,5204 Enright Ave St. Louis MO 63108 US,,7,8,,2,0.446,,gable_family,0.429,,masonry,0.875,,,Very Heavy,moderate,0.495
4643,steer,38.6564027571,-90.2634900851,5017 Cabanne Ave åœ£è·¯æ˜“æ–¯ MO 63113 US,,7,8,,2,0.715,,gable_family,0.469,,masonry,0.935,,,Negligible to Slight,none,0.53
4644,steer,38.6555958957,-90.2660323375,5085 Cates Ave åœ£è·¯æ˜“æ–¯ MO 63108 US,,7,8,,2,0.7,,gable_family,0.522,,masonry,0.965,,,Negligible to Slight,none,0.545
4645,steer,38.6537573819,-90.2670792396,821 Academy Ave St. Louis MO 63108 US,,7,8,,2,0.438,,gable_family,0.424,,masonry,0.805,,,Destruction,moderate,0.495
4646,steer,38.6565057728,-90.2643680485,5043 Cabanne Ave åœ£è·¯æ˜“æ–¯ MO 63113 US,,7,8,,2,0.695,,gable_family,0.447,,masonry,0.97,,,Negligible to Slight,none,0.475
4647,steer,38.6527956718,-90.2656354275,5060 Enright Ave St. Louis MO 63108 US,,7,8,,2,0.682,,gable_family,0.469,,masonry,0.929,,,Very Heavy,none,0.52
4648,steer,38.6549905177,-90.2640495047,5028 Cates Ave åœ£è·¯æ˜“æ–¯ MO 63108 US,,7,8,,2,0.731,,gable_family,0.494,,masonry,0.975,,,Negligible to Slight,none,0.485
4649,steer,38.6541452855,-90.2678598654,5126 Kensington Ave St. Louis MO 63108 US,,7,8,,2,0.558,,gable_family,0.417,,masonry,0.755,,,Very Heavy,moderate,0.48
4650,steer,38.6541687826,-90.2680562757,5132 Kensington Ave St. Louis MO 63108 US,,7,8,,2,0.58,,gable_family,0.499,,masonry,0.905,,,Very Heavy,moderate,0.535
4651,steer,38.6618017183,-90.2383266562,,,7,8,,2,0.56,,gable_family,0.636,,masonry,0.9,,,Negligible to Slight,none,0.6
4652,steer,38.6528698087,-90.2695187271,5168 Enright Ave St. Louis MO 63108 US,,7,8,,2,0.625,,gable_family,0.5,,masonry,0.823,,,Negligible to Slight,none,0.525
4653,steer,38.6533204609,-90.2710647698,5212 Enright Ave St. Louis MO 63108 US,,7,8,,2,0.639,,gable_family,0.418,,masonry,0.945,,,Substantial to Heavy,moderate,0.525
4654,steer,38.6541362692,-90.2676935844,5124 Kensington Ave St. Louis MO 63108 US,,7,8,,2,0.468,,gable_family,0.378,,masonry,0.73,,,Substantial to Heavy,moderate,0.51
4655,steer,38.6566685481,-90.2661141438,5095 Cabanne Ave åœ£è·¯æ˜“æ–¯ MO 63113 US,,7,8,,2,0.573,,gable_family,0.521,,masonry,0.875,,,Negligible to Slight,none,0.58
4656,steer,38.6556174086,-90.2661412902,5087 Cates Ave åœ£è·¯æ˜“æ–¯ MO 63108 US,,7,8,,2,0.76,,gable_family,0.556,,masonry,0.965,,,Negligible to Slight,none,0.515
4657,steer,38.6564380692,-90.2638891648,5029 Cabanne Ave åœ£è·¯æ˜“æ–¯ MO 63113 US,,7,8,,2,0.625,,gable_family,0.417,,masonry,0.845,,,Negligible to Slight,none,0.49
4658,steer,38.6565780227,-90.2651774069,5065 Cabanne Ave åœ£è·¯æ˜“æ–¯ MO 63113 US,,7,8,,2,0.675,,gable_family,0.477,,masonry,0.93,,,Moderate,none,0.415
4659,steer,38.6528140675,-90.2663139994,5078 Enright Ave St. Louis MO 63108 US,,7,8,,2,0.623,,gable_family,0.453,,masonry,0.833,,,Negligible to Slight,none,0.425
4660,steer,38.6532019528,-90.270003289,5184 Enright Ave St. Louis MO 63108 US,,7,8,,2,0.638,,gable_family,0.422,,masonry,0.88,,,Moderate,none,0.49
4661,steer,38.6528667063,-90.2694295503,5166 Enright Ave St. Louis MO 63108 US,,7,8,,2,0.65,,gable_family,0.541,,masonry,0.765,,,Very Heavy,moderate,0.41
4662,steer,38.6527916403,-90.2659800737,5070 Enright Ave St. Louis MO 63108 US,,7,8,,2,0.57,,gable_family,0.448,,masonry,0.88,,,Moderate,moderate,0.4
4663,steer,38.6561829716,-90.2651816947,5064 Cabanne Ave åœ£è·¯æ˜“æ–¯ MO 63113 US,,7,8,,2,0.825,,gable_family,0.534,,masonry,0.955,,,Negligible to Slight,none,0.535
4664,steer,38.6529687579,-90.2696377446,5170 Enright Ave St. Louis MO 63108 US,,7,8,,2,0.593,,gable_family,0.525,,masonry,0.885,,,Very Heavy,moderate,0.475
4665,steer,38.6537099123,-90.2637438723,5012 Kensington Ave åœ£è·¯æ˜“æ–¯ MO 63108 US,,14,8,,2,0.463,,flat,0.349,,masonry,0.895,,,Substantial to Heavy,moderate,0.54
4666,steer,38.6609180347,-90.2378936462,,,7,8,,2,0.613,,gable_family,0.409,,masonry,0.865,,,Moderate,moderate,0.415
4667,steer,38.6564630789,-90.2641486677,5037 Cabanne Ave åœ£è·¯æ˜“æ–¯ MO 63113 US,,7,8,,2,0.715,,gable_family,0.496,,masonry,0.87,,,Negligible to Slight,none,0.485
4668,steer,38.6527843002,-90.2663920693,5082 Enright Ave St. Louis MO 63108 US,,7,8,,2,0.621,,gable_family,0.474,,masonry,0.818,,,Substantial to Heavy,none,0.525
4669,steer,38.672912973,-90.2343925028,,,7,8,,2,0.66,,gable_family,0.608,,masonry,0.875,,,Negligible to Slight,none,0.46
4670,steer,38.6561417265,-90.2646900508,5050 Cabanne Ave åœ£è·¯æ˜“æ–¯ MO 63113 US,,7,8,,2,0.711,,gable_family,0.482,,masonry,0.88,,,Negligible to Slight,moderate,0.43
4671,steer,38.6724516353,-90.235161462,,,7,8,,2,0.58,,gable_family,0.504,,masonry,0.915,,,Moderate,none,0.61
4672,steer,38.6528352403,-90.2730104579,700 Union Blvd åœ£è·¯æ˜“æ–¯ MO 63108 US,,7,6,,2,0.47,,complex_family,0.325,,masonry,0.875,,,Moderate,moderate,0.495
4673,steer,38.6562348193,-90.2654144094,5070 Cabanne Ave åœ£è·¯æ˜“æ–¯ MO 63113 US,,7,8,,2,0.607,,gable_family,0.442,,masonry,0.92,,,Negligible to Slight,none,0.555
4674,steer,38.6550607488,-90.2651225483,5056 Cates Ave åœ£è·¯æ˜“æ–¯ MO 63108 US,,7,8,,2,0.57,,gable_family,0.457,,masonry,0.93,,,Substantial to Heavy,none,0.44
4675,steer,38.6559067349,-90.2644921005,5050 Cabanne Ave åœ£è·¯æ˜“æ–¯ MO 63113 US,,7,8,,2,0.708,,gable_family,0.605,,masonry,0.824,,,Destruction,moderate,0.445
4676,steer,38.6562908041,-90.2662124681,5094 Cabanne Ave åœ£è·¯æ˜“æ–¯ MO 63113 US,,7,8,,2,0.575,,gable_family,0.485,,masonry,0.925,,,Negligible to Slight,none,0.645
4677,steer,38.6607364694,-90.2376231467,,,7,8,,2,0.5,,gable_family,0.374,,masonry,0.815,,,Negligible to Slight,none,0.56
4678,steer,38.6533729282,-90.2714776377,5226 Enright Ave St. Louis MO 63108 US,,7,8,,2,0.5,,gable_family,0.427,,masonry,0.9,,,Substantial to Heavy,moderate,0.47
4679,steer,38.65295658,-90.2702999403,720 Clarendon Ave St. Louis MO 63108 US,,7,8,,2,0.48,,gable_family,0.39,,masonry,0.925,,,Substantial to Heavy,moderate,0.43
4680,steer,38.6726611288,-90.2345619185,,,7,8,,2,0.54,,gable_family,0.495,,masonry,0.87,,,Moderate,none,0.42
4681,steer,38.6612165115,-90.2373842231,,,7,8,,2,0.565,,gable_family,0.488,,masonry,0.815,,,Negligible to Slight,none,0.56
4682,steer,38.656221768,-90.2655740973,5076 Cabanne Ave åœ£è·¯æ˜“æ–¯ MO 63113 US,,7,8,,2,0.63,,gable_family,0.458,,masonry,0.86,,,Negligible to Slight,none,0.59
4683,steer,38.6532987568,-90.2706624661,5200 Enright Ave St. Louis MO 63108 US,,7,8,,2,0.456,,gable_family,0.489,,masonry,0.87,,,Substantial to Heavy,moderate,0.51
4684,steer,38.6635204767,-90.2393901672,4356 St Louis Ave St. Louis MO 63115 US,,7,8,,2,0.58,,gable_family,0.364,,masonry,0.8,,,Moderate,none,0.445
4685,steer,38.6621684701,-90.2379857031,,,7,8,,2,0.541,,gable_family,0.404,,masonry,0.91,,,Negligible to Slight,none,0.62
4686,steer,38.6612494618,-90.2372305541,,,7,8,,2,0.65,,gable_family,0.428,,masonry,0.99,,,Negligible to Slight,none,0.55
4687,steer,38.6562375473,-90.265783254,5082 Cabanne Ave åœ£è·¯æ˜“æ–¯ MO 63113 US,,7,8,,2,0.594,,gable_family,0.487,,masonry,0.848,,,Moderate,none,0.47
4688,steer,38.6526402613,-90.2703817028,5189 Delmar Blvd St. Louis MO 63108 US,,14,8,,2,0.475,,flat,0.305,,masonry,0.96,,,Negligible to Slight,none,0.46
4689,steer,38.6529723463,-90.2675623808,5114 Enright Ave St. Louis MO 63108 US,,7,8,,2,0.602,,gable_family,0.571,,masonry,0.83,,,Moderate,none,0.645
4690,steer,38.6560916685,-90.2640700519,5032 Cabanne Ave åœ£è·¯æ˜“æ–¯ MO 63113 US,,7,8,,2,0.696,,gable_family,0.452,,masonry,0.95,,,Moderate,none,0.465
4691,steer,38.6532172018,-90.2723668784,718 Union Blvd St. Louis MO 63108 US,,6,6,,1,0.37,,complex_family,0.325,,masonry,0.9,,,Moderate,moderate,0.465
4692,steer,38.6526514948,-90.2667349654,722 Academy Ave St. Louis MO 63108 US,,7,8,,2,0.557,,gable_family,0.512,,masonry,0.875,,,Moderate,moderate,0.405
4693,steer,38.6549860662,-90.2637311235,5018 Cates Ave åœ£è·¯æ˜“æ–¯ MO 63108 US,,7,8,,2,0.618,,gable_family,0.444,,masonry,0.91,,,Negligible to Slight,none,0.6
4694,steer,38.6622285657,-90.2381881579,,,7,8,,2,0.528,,gable_family,0.497,,masonry,0.875,,,Negligible to Slight,none,0.48
4695,steer,38.662810657,-90.2380012874,,,7,6,,2,0.465,,complex_family,0.412,,masonry,0.925,,,Moderate,none,0.545
4696,steer,38.652224502,-90.2673383451,5121 Delmar Blvd St. Louis MO 63108 US,,14,8,,2,0.518,,flat,0.313,,masonry,0.855,,,Negligible to Slight,none,0.405
4697,steer,38.6533605729,-90.2725347835,724 Union Blvd St. Louis MO 63108 US,,7,8,,2,0.407,,gable_family,0.345,,masonry,0.925,,,Negligible to Slight,moderate,0.435
4698,steer,38.6731645257,-90.2342280286,,,7,8,,2,0.547,,gable_family,0.488,,masonry,0.88,,,Negligible to Slight,moderate,0.435
4699,steer,38.6549726831,-90.2636389202,5014 Cates Ave åœ£è·¯æ˜“æ–¯ MO 63108 US,,7,8,,2,0.612,,gable_family,0.506,,masonry,0.855,,,Negligible to Slight,none,0.625
4700,steer,38.6730077162,-90.2343229275,,,7,8,,2,0.725,,gable_family,0.54,,masonry,0.875,,,Negligible to Slight,moderate,0.41
4701,steer,38.6624895419,-90.2386896428,,,7,8,,2,0.515,,gable_family,0.491,,masonry,0.82,,,Negligible to Slight,none,0.595
4702,steer,38.6526901938,-90.2671470714,725 Academy Ave St. Louis MO 63108 US,,7,8,,2,0.59,,gable_family,0.384,,masonry,0.905,,,Very Heavy,moderate,0.56
4703,steer,38.6538320137,-90.2644974233,5032 Kensington Ave åœ£è·¯æ˜“æ–¯ MO 63108 US,,7,8,,2,0.544,,gable_family,0.458,,masonry,0.865,,,Moderate,none,0.45
4704,steer,38.6521737524,-90.2666260974,5087 Delmar Blvd St. Louis MO 63108 US,,7,8,,2,0.588,,gable_family,0.504,,masonry,0.84,,,Substantial to Heavy,none,0.38
4705,steer,38.6542582629,-90.2646977594,5039 Kensington Ave åœ£è·¯æ˜“æ–¯ MO 63108 US,,7,8,,2,0.605,,gable_family,0.499,,masonry,0.858,,,Negligible to Slight,none,0.575
4706,steer,38.6555232962,-90.2653853771,5067 Cates Ave åœ£è·¯æ˜“æ–¯ MO 63108 US,,7,8,,2,0.82,,gable_family,0.551,,masonry,0.97,,,Negligible to Slight,none,0.595
4707,steer,38.6732657607,-90.2341372607,,,7,8,,2,0.542,,gable_family,0.397,,masonry,0.93,,,Negligible to Slight,none,0.565
4708,steer,38.6553320424,-90.2632635679,5003 Cates Ave åœ£è·¯æ˜“æ–¯ MO 63108 US,,7,8,,2,0.582,,gable_family,0.458,,masonry,0.925,,,Negligible to Slight,none,0.405
4709,steer,38.6538057814,-90.2643725158,5030 Kensington Ave åœ£è·¯æ˜“æ–¯ MO 63108 US,,7,8,,2,0.57,,gable_family,0.439,,masonry,0.93,,,Destruction,none,0.6
4710,steer,38.6531355725,-90.2689430188,5152 Enright Ave St. Louis MO 63108 US,,7,8,,2,0.71,,gable_family,0.526,,masonry,0.935,,,Very Heavy,none,0.435
4711,steer,38.6529961692,-90.2680518771,5126 Enright Ave St. Louis MO 63108 US,,7,8,,2,0.69,,gable_family,0.414,,masonry,0.915,,,Destruction,moderate,0.415
4712,steer,38.6542482962,-90.2648832632,5049 Kensington Ave åœ£è·¯æ˜“æ–¯ MO 63108 US,,7,8,,2,0.665,,gable_family,0.531,,masonry,0.89,,,Negligible to Slight,moderate,0.435
4713,steer,38.6553428747,-90.2635282937,5015 Cates Ave åœ£è·¯æ˜“æ–¯ MO 63108 US,,7,8,,2,0.69,,gable_family,0.516,,masonry,0.9,,,Negligible to Slight,none,0.56
4714,steer,38.6627909426,-90.2394478287,4327 W Maffitt Ave St. Louis MO 63113 US,,7,8,,2,0.655,,gable_family,0.646,,masonry,0.864,,,Negligible to Slight,none,0.555
4715,steer,38.6531663828,-90.2692823586,5164 Enright Ave St. Louis MO 63108 US,,7,8,,2,0.684,,gable_family,0.496,,masonry,0.88,,,Moderate,moderate,0.38
4716,steer,38.6542664573,-90.2651976462,5053 Kensington Ave åœ£è·¯æ˜“æ–¯ MO 63108 US,,7,8,,2,0.676,,gable_family,0.413,,masonry,0.9,,,Negligible to Slight,none,0.605
4717,steer,38.6554410925,-90.2643871267,5039 Cates Ave åœ£è·¯æ˜“æ–¯ MO 63108 US,,7,8,,2,0.71,,gable_family,0.509,,masonry,0.955,,,Negligible to Slight,none,0.535
4718,steer,38.6527311744,-90.2719517035,5237 Delmar Blvd St. Louis MO 63108 US,,14,8,,2,0.424,,flat,0.367,,masonry,0.88,,,Moderate,moderate,0.445
4719,steer,38.6555245775,-90.2650330092,5059 Cates Ave åœ£è·¯æ˜“æ–¯ MO 63108 US,,7,8,,2,0.6,,gable_family,0.398,,masonry,0.88,,,Negligible to Slight,none,0.515
4720,steer,38.6554503998,-90.263956777,5025 Cates Ave åœ£è·¯æ˜“æ–¯ MO 63108 US,,7,8,,2,0.758,,gable_family,0.481,,masonry,0.99,,,Negligible to Slight,none,0.47
4721,steer,38.6539417872,-90.2658151733,5070 Kensington Ave åœ£è·¯æ˜“æ–¯ MO 63108 US,,7,8,,2,0.632,,gable_family,0.569,,masonry,0.925,,,Moderate,none,0.505
4722,steer,38.6550441726,-90.2643621111,5034 Cates Ave åœ£è·¯æ˜“æ–¯ MO 63108 US,,7,8,,2,0.672,,gable_family,0.486,,masonry,0.905,,,Moderate,moderate,0.49
4723,steer,38.6537645811,-90.2641617884,5024 Kensington Ave åœ£è·¯æ˜“æ–¯ MO 63108 US,,7,8,,2,0.534,,gable_family,0.383,,masonry,0.865,,,Very Heavy,none,0.46
4724,steer,38.6524793507,-90.2691222025,5155 Delmar Blvd St. Louis MO 63108 US,,7,8,,2,0.522,,gable_family,0.433,,masonry,0.93,,,Moderate,moderate,0.53
4725,steer,38.662353174,-90.2383575986,,,7,6,,2,0.48,,complex_family,0.377,,masonry,0.925,,,Negligible to Slight,none,0.595
4726,steer,38.6630082836,-90.2399530648,4341 W Maffitt Ave St. Louis MO 63113 US,,7,8,,2,0.514,,gable_family,0.464,,masonry,0.715,,,Moderate,none,0.635
4727,steer,38.6551648352,-90.2656811074,5072 Cates Ave åœ£è·¯æ˜“æ–¯ MO 63108 US,,7,8,,2,0.696,,gable_family,0.546,,masonry,0.925,,,Negligible to Slight,none,0.505
4728,steer,38.6636233786,-90.2396645127,4364 St Louis Ave St. Louis MO 63115 US,,7,8,,2,0.61,,gable_family,0.47,,masonry,0.77,,,Moderate,none,0.435
4729,steer,38.6526854108,-90.2689928111,5153 Delmar Blvd St. Louis MO 63108 US,,7,8,,2,0.435,,gable_family,0.359,,masonry,0.76,,,Substantial to Heavy,moderate,0.43
4730,steer,38.6550339732,-90.2645941452,5040 Cates Ave åœ£è·¯æ˜“æ–¯ MO 63108 US,,7,8,,2,0.601,,gable_family,0.467,,masonry,0.89,,,Destruction,none,0.46
4731,steer,38.6542847463,-90.2653151206,5059 Kensington Ave åœ£è·¯æ˜“æ–¯ MO 63108 US,,7,8,,2,0.664,,gable_family,0.427,,masonry,0.965,,,Moderate,moderate,0.45
4732,steer,38.6545851491,-90.2827161069,5616 Enright Ave St. Louis MO 63112 US,,7,6,,2,0.505,,complex_family,0.41,,masonry,0.98,,,Negligible to Slight,none,0.46
4733,steer,38.6555850216,-90.2659362204,5081 Cates Ave åœ£è·¯æ˜“æ–¯ MO 63108 US,,7,8,,2,0.56,,gable_family,0.51,,masonry,0.95,,,Negligible to Slight,none,0.48
4734,steer,38.6551759877,-90.2658408855,5076 Cates Ave åœ£è·¯æ˜“æ–¯ MO 63108 US,,7,8,,2,0.635,,gable_family,0.464,,masonry,0.915,,,Negligible to Slight,none,0.515
4735,steer,38.6555537851,-90.2654808182,5073 Cates Ave åœ£è·¯æ˜“æ–¯ MO 63108 US,,7,8,,2,0.8,,gable_family,0.558,,masonry,0.94,,,Negligible to Slight,none,0.55
4736,steer,38.6538720245,-90.2650892074,5050 Kensington Ave åœ£è·¯æ˜“æ–¯ MO 63108 US,,7,8,,2,0.61,,gable_family,0.418,,masonry,0.835,,,Negligible to Slight,none,0.515
4737,steer,38.65549055,-90.2645846505,5045 Cates Ave åœ£è·¯æ˜“æ–¯ MO 63108 US,,7,8,,2,0.631,,gable_family,0.524,,masonry,0.915,,,Negligible to Slight,none,0.545
4738,steer,38.6532440288,-90.2636851083,813 N Kingshighway Blvd åœ£è·¯æ˜“æ–¯ MO 63108 US,,6,8,,1,0.475,,gable_family,0.345,,masonry,0.83,,,Negligible to Slight,none,0.54
4739,steer,38.6551362784,-90.26603464,5078 Cates Ave åœ£è·¯æ˜“æ–¯ MO 63108 US,,7,8,,2,0.555,,gable_family,0.359,,masonry,0.93,,,Moderate,moderate,0.495
4740,steer,38.6726690502,-90.2345936903,4023-4025 North Newstead Avenue St. Louis Missouri 63115 United States,,7,8,,2,0.555,,gable_family,0.521,,masonry,0.915,,,Moderate,moderate,0.465
4741,steer,38.6539204846,-90.2653535299,5058 Kensington Ave åœ£è·¯æ˜“æ–¯ MO 63108 US,,7,8,,2,0.59,,gable_family,0.384,,masonry,0.945,,,Negligible to Slight,none,0.535
4742,steer,38.6555442529,-90.2647981913,5051 Cates Ave åœ£è·¯æ˜“æ–¯ MO 63108 US,,7,8,,2,0.472,,gable_family,0.414,,masonry,0.855,,,Moderate,none,0.495
4743,steer,38.6549744506,-90.26415189,5028 Cates Ave åœ£è·¯æ˜“æ–¯ MO 63108 US,,7,6,,2,0.511,,complex_family,0.375,,masonry,0.96,,,Moderate,none,0.465
4744,steer,38.662542173,-90.2388376064,4305 W Maffitt Ave St. Louis MO 63113 US,,7,8,,2,0.499,,gable_family,0.531,,masonry,0.89,,,Negligible to Slight,none,0.62
4745,steer,38.664468371,-90.2427871762,2814 N Taylor Ave St. Louis MO 63115 US,,6,8,,1,0.43,,gable_family,0.366,,masonry,0.64,,,Substantial to Heavy,moderate,0.47
4746,steer,38.6544308732,-90.2778662769,5459 Delmar Blvd St. Louis MO 63112 US,,7,8,,2,0.738,,gable_family,0.372,,masonry,0.955,,,Negligible to Slight,none,0.5
4747,steer,38.6549446223,-90.2639555662,5024 Cates Ave åœ£è·¯æ˜“æ–¯ MO 63108 US,,7,8,,2,0.64,,gable_family,0.429,,masonry,0.81,,,Moderate,moderate,0.49
4748,steer,38.6531985554,-90.2694807914,5168 Enright Ave St. Louis MO 63108 US,,7,8,,2,0.581,,gable_family,0.458,,masonry,0.875,,,Negligible to Slight,none,0.525
4749,steer,38.6531751615,-90.2697022883,5176 Enright Ave St. Louis MO 63108 US,,7,8,,2,0.565,,gable_family,0.492,,masonry,0.93,,,Very Heavy,moderate,0.44
4750,steer,38.6546645521,-90.2831499181,5628 Enright Ave St. Louis MO 63112 US,,7,6,,2,0.48,,complex_family,0.435,,masonry,0.97,,,Negligible to Slight,none,0.58
4751,steer,38.6532112252,-90.2701104611,5186 Enright Ave St. Louis MO 63108 US,,7,8,,2,0.658,,gable_family,0.501,,masonry,0.91,,,Moderate,moderate,0.435
4752,steer,38.6557772783,-90.2790076521,789 Belt Ave St. Louis MO 63112 US,,7,8,,2,0.76,,gable_family,0.64,,masonry,0.845,,,Negligible to Slight,none,0.535
4753,steer,38.6551136425,-90.2653689905,5064 Cates Ave åœ£è·¯æ˜“æ–¯ MO 63108 US,,7,8,,2,0.725,,gable_family,0.485,,masonry,0.935,,,Moderate,none,0.415
4754,steer,38.6531925699,-90.2698730306,5180 Enright Ave St. Louis MO 63108 US,,7,8,,2,0.615,,gable_family,0.398,,masonry,0.955,,,Substantial to Heavy,moderate,0.48
4755,steer,38.6544131087,-90.2663062094,5087 Kensington Ave åœ£è·¯æ˜“æ–¯ MO 63108 US,,7,8,,2,0.605,,gable_family,0.497,,masonry,0.91,,,Negligible to Slight,none,0.5
4756,steer,38.6532280126,-90.2702889852,5190 Enright Ave St. Louis MO 63108 US,,7,8,,2,0.5,,gable_family,0.427,,masonry,0.905,,,Substantial to Heavy,moderate,0.465
4757,steer,38.6550445527,-90.2650020233,5052 Cates Ave åœ£è·¯æ˜“æ–¯ MO 63108 US,,7,8,,2,0.51,,gable_family,0.403,,masonry,0.825,,,Moderate,none,0.44
4758,steer,38.6530424169,-90.2644979525,5029 Enright Ave åœ£è·¯æ˜“æ–¯ MO 63108 US,,7,8,,2,0.474,,gable_family,0.505,,masonry,0.855,,,Very Heavy,none,0.415
4759,steer,38.6531978068,-90.2701950182,5188 Enright Ave St. Louis MO 63108 US,,7,8,,2,0.55,,gable_family,0.517,,masonry,0.855,,,Very Heavy,none,0.5
4760,steer,38.6553618097,-90.2824081832,5611 Enright Ave St. Louis MO 63112 US,,7,8,,2,0.488,,gable_family,0.398,,masonry,0.809,,,Moderate,moderate,0.515
4761,steer,38.653078714,-90.2709343123,721 Clarendon Ave St. Louis MO 63108 US,,7,8,,2,0.694,,gable_family,0.455,,masonry,0.81,,,Substantial to Heavy,moderate,0.525
4762,steer,38.6533366193,-90.2712748171,5218 Enright Ave St. Louis MO 63108 US,,7,8,,2,0.49,,gable_family,0.434,,masonry,0.905,,,Substantial to Heavy,moderate,0.485
4763,steer,38.6533097202,-90.2708654486,5206 Enright Ave St. Louis MO 63108 US,,7,8,,2,0.543,,gable_family,0.367,,masonry,0.893,,,Moderate,moderate,0.43
4764,steer,38.6550392683,-90.2648756072,5050 Cates Ave åœ£è·¯æ˜“æ–¯ MO 63108 US,,7,8,,2,0.504,,gable_family,0.393,,masonry,0.84,,,Very Heavy,moderate,0.455
4765,steer,38.6543755428,-90.2658466992,5075 Kensington Ave åœ£è·¯æ˜“æ–¯ MO 63108 US,,7,8,,2,0.59,,gable_family,0.485,,masonry,0.863,,,Moderate,moderate,0.4
4766,steer,38.654093949,-90.2766335205,5384â€“5404 Enright Ave St. Louis MO 63112 US,,7,8,,2,0.622,,gable_family,0.481,,masonry,0.936,,,Negligible to Slight,none,0.575
4767,steer,38.6548662994,-90.2633372378,939 N Kingshighway Blvd åœ£è·¯æ˜“æ–¯ MO 63108 US,,7,8,,2,0.587,,gable_family,0.404,,masonry,0.93,,,Negligible to Slight,moderate,0.485
4768,steer,38.6548943802,-90.2634555833,5008 Cates Ave åœ£è·¯æ˜“æ–¯ MO 63108 US,,7,8,,2,0.504,,gable_family,0.4,,masonry,0.94,,,Negligible to Slight,moderate,0.475
4769,steer,38.6533198254,-90.2709701993,5210 Enright Ave St. Louis MO 63108 US,,7,8,,2,0.547,,gable_family,0.394,,masonry,0.905,,,Substantial to Heavy,moderate,0.445
4770,steer,38.6527395169,-90.2709163197,5201 Delmar Blvd St. Louis MO 63108 US,,7,8,,2,0.594,,gable_family,0.422,,masonry,0.8,,,Negligible to Slight,moderate,0.485
4771,steer,38.6564511275,-90.259999822,,,7,8,,2,0.415,,gable_family,0.432,,masonry,0.925,,,Moderate,moderate,0.435
4772,steer,38.6530397378,-90.2636757484,805 N Kingshighway Blvd åœ£è·¯æ˜“æ–¯ MO 63108 US,,7,8,,2,0.519,,gable_family,0.384,,masonry,0.81,,,Negligible to Slight,moderate,0.455
4773,steer,38.6548597133,-90.2632343918,939 N Kingshighway Blvd åœ£è·¯æ˜“æ–¯ MO 63108 US,,14,8,,2,0.479,,flat,0.347,,masonry,0.79,,,Negligible to Slight,moderate,0.38
4774,steer,38.6533603902,-90.2713757445,5222 Enright Ave St. Louis MO 63108 US,,7,8,,2,0.654,,gable_family,0.447,,masonry,0.915,,,Substantial to Heavy,moderate,0.465
4775,steer,38.6541582424,-90.280174731,5501 Delmar Blvd St. Louis MO 63112 US,,8,6,,3,0.42,,complex_family,0.388,,masonry,0.945,,,Negligible to Slight,none,0.51
4776,steer,38.6542239839,-90.2642985283,5031 Kensington Ave åœ£è·¯æ˜“æ–¯ MO 63108 US,,7,8,,2,0.575,,gable_family,0.354,,masonry,0.815,,,Negligible to Slight,moderate,0.44
4777,steer,38.6542218306,-90.2644312203,5033 Kensington Ave åœ£è·¯æ˜“æ–¯ MO 63108 US,,7,8,,2,0.529,,gable_family,0.393,,masonry,0.83,,,Negligible to Slight,moderate,0.485
4778,steer,38.6565366153,-90.2608898916,,,7,8,,2,0.51,,gable_family,0.464,,masonry,0.85,,,Substantial to Heavy,moderate,0.495
4779,steer,38.6626005199,-90.2389867964,4309 W Maffitt Ave St. Louis MO 63113 US,,7,8,,2,0.575,,gable_family,0.57,,masonry,0.87,,,Negligible to Slight,none,0.635
4780,steer,38.6628650339,-90.2396063763,4331 W Maffitt Ave St. Louis MO 63113 US,,7,8,,2,0.515,,gable_family,0.418,,masonry,0.82,,,Negligible to Slight,none,0.625
4781,steer,38.6543601531,-90.2659228114,5077 Kensington Ave åœ£è·¯æ˜“æ–¯ MO 63108 US,,7,8,,2,0.64,,gable_family,0.491,,masonry,0.958,,,Substantial to Heavy,moderate,0.455
4782,steer,38.6533762439,-90.2716088602,5228 Enright Ave St. Louis MO 63108 US,,7,8,,2,0.54,,gable_family,0.456,,masonry,0.905,,,Substantial to Heavy,moderate,0.52
4783,steer,38.6541637494,-90.2634586328,909 N Kingshighway Blvd åœ£è·¯æ˜“æ–¯ MO 63108 US,,7,8,,2,0.55,,gable_family,0.373,,masonry,0.899,,,Negligible to Slight,none,0.45
4784,steer,38.6571043672,-90.2604096935,,,7,8,,2,0.487,,gable_family,0.433,,masonry,0.87,,,Negligible to Slight,none,0.44
4785,steer,38.6530200727,-90.2722550435,5245 Delmar Blvd St. Louis MO 63108 US,,6,8,,1,0.441,,gable_family,0.364,,masonry,0.89,,,Negligible to Slight,none,0.49
4786,steer,38.6639002379,-90.2419424075,4429 Maffitt Ave St. Louis MO 63113 US,,7,8,,2,0.665,,gable_family,0.518,,masonry,0.825,,,Moderate,none,0.53
4787,steer,38.6636518217,-90.239716322,4366 St Louis Ave St. Louis MO 63115 US,,7,8,,2,0.531,,gable_family,0.338,,masonry,0.74,,,Moderate,moderate,0.51
4788,steer,38.6626687657,-90.2391014081,4315 W Maffitt Ave St. Louis MO 63113 US,,6,8,,1,0.463,,gable_family,0.406,,masonry,0.92,,,Negligible to Slight,none,0.535
4789,steer,38.6635816116,-90.2395552335,4360 St Louis Ave St. Louis MO 63115 US,,6,8,,1,0.46,,gable_family,0.498,,masonry,0.755,,,Moderate,none,0.54
4790,steer,38.6540954698,-90.2783367801,5455 Delmar Blvd St. Louis MO 63112 US,,7,8,,2,0.575,,gable_family,0.351,,masonry,0.9,,,Negligible to Slight,none,0.53
4791,steer,38.6636666529,-90.2397931293,4368 St Louis Ave St. Louis MO 63115 US,,7,8,,2,0.527,,gable_family,0.347,,masonry,0.795,,,Moderate,none,0.54
4792,steer,38.6575221272,-90.2607794639,,,7,8,,2,0.53,,gable_family,0.423,,masonry,0.92,,,Substantial to Heavy,moderate,0.435
4793,steer,38.6538067296,-90.2642591594,5028 Kensington Ave åœ£è·¯æ˜“æ–¯ MO 63108 US,,7,8,,2,0.567,,gable_family,0.429,,masonry,0.885,,,Negligible to Slight,none,0.42
4794,steer,38.6530479541,-90.2642790164,5023 Enright Ave åœ£è·¯æ˜“æ–¯ MO 63108 US,,7,8,,2,0.682,,gable_family,0.477,,masonry,0.96,,,Very Heavy,none,0.46
4795,steer,38.6537647121,-90.2777741916,3 Beverly Pl St. Louis MO 63112 US,,7,8,,2,0.704,,gable_family,0.549,,masonry,0.955,,,Negligible to Slight,none,0.595
4796,steer,38.6538383643,-90.2646756771,5038 Kensington Ave åœ£è·¯æ˜“æ–¯ MO 63108 US,,7,8,,2,0.513,,gable_family,0.444,,masonry,0.845,,,Very Heavy,none,0.535
4797,steer,38.653623794,-90.2778713982,5449 Delmar Blvd St. Louis MO 63112 US,,7,8,,2,0.659,,gable_family,0.459,,masonry,0.915,,,Negligible to Slight,none,0.55
4798,steer,38.6576644992,-90.2598400078,,,7,8,,2,0.793,,gable_family,0.541,,masonry,0.88,,,Negligible to Slight,none,0.53
4799,steer,38.6646636722,-90.2429402551,2814 N Taylor Ave St. Louis MO 63115 US,,7,8,,2,0.528,,gable_family,0.453,,masonry,0.775,,,Substantial to Heavy,moderate,0.47
4800,steer,38.6539420876,-90.2655994127,5064 Kensington Ave åœ£è·¯æ˜“æ–¯ MO 63108 US,,7,8,,2,0.654,,gable_family,0.413,,masonry,0.86,,,Negligible to Slight,none,0.525
4801,steer,38.6627285774,-90.2392712878,4321 W Maffitt Ave St. Louis MO 63113 US,,7,8,,2,0.51,,gable_family,0.403,,masonry,0.895,,,Negligible to Slight,none,0.535
4802,steer,38.6553169005,-90.2826218401,5617 Enright Ave St. Louis MO 63112 US,,7,8,,2,0.47,,gable_family,0.413,,masonry,0.843,,,Negligible to Slight,moderate,0.49
4803,steer,38.6576795295,-90.2607513689,,,7,8,,2,0.605,,gable_family,0.426,,masonry,0.84,,,Negligible to Slight,none,0.5
4804,steer,38.655344863,-90.2791029205,765 Belt Ave St. Louis MO 63112 US,,7,8,,2,0.645,,gable_family,0.601,,masonry,0.915,,,Negligible to Slight,none,0.57
4805,steer,38.6542105706,-90.2777294338,11 Beverly Pl St. Louis MO 63112 US,,7,8,,2,0.714,,gable_family,0.446,,masonry,0.955,,,Negligible to Slight,none,0.54
4806,steer,38.6530084009,-90.264118183,5021 Enright Ave åœ£è·¯æ˜“æ–¯ MO 63108 US,,7,8,,2,0.449,,gable_family,0.403,,masonry,0.93,,,Negligible to Slight,none,0.53
4807,steer,38.6542448582,-90.2649925915,5051 Kensington Ave åœ£è·¯æ˜“æ–¯ MO 63108 US,,7,8,,2,0.664,,gable_family,0.541,,masonry,0.935,,,Moderate,none,0.555
4808,steer,38.6579415401,-90.2606871195,,,7,8,,2,0.415,,gable_family,0.389,,masonry,0.96,,,Moderate,moderate,0.57
4809,steer,38.6543721356,-90.2655494199,5065 Kensington Ave åœ£è·¯æ˜“æ–¯ MO 63108 US,,7,8,,2,0.62,,gable_family,0.508,,masonry,0.92,,,Moderate,moderate,0.45
4810,steer,38.6639383578,-90.2420872018,4435 Maffitt Ave St. Louis MO 63113 US,,7,8,,2,0.543,,gable_family,0.554,,masonry,0.9,,,Moderate,none,0.525
4811,steer,38.65426119,-90.2650743144,5051 Kensington Ave åœ£è·¯æ˜“æ–¯ MO 63108 US,,7,8,,2,0.67,,gable_family,0.527,,masonry,0.96,,,Negligible to Slight,none,0.6
4812,steer,38.6550713562,-90.279121936,753 Belt Ave St. Louis MO 63112 US,,7,8,,2,0.53,,gable_family,0.422,,masonry,0.93,,,Moderate,none,0.585
4813,steer,38.6579067973,-90.2597874308,,,7,8,,2,0.785,,gable_family,0.618,,masonry,0.935,,,Negligible to Slight,none,0.62
4814,steer,38.6532165074,-90.2657859562,5069 Enright Ave åœ£è·¯æ˜“æ–¯ MO 63108 US,,7,8,,2,0.647,,gable_family,0.551,,masonry,0.915,,,Moderate,none,0.38
4815,steer,38.6546305392,-90.2829328578,5622 Enright Ave St. Louis MO 63112 US,,7,6,,2,0.54,,complex_family,0.47,,masonry,0.99,,,Negligible to Slight,none,0.455
4816,steer,38.6539211085,-90.2657160757,5068 Kensington Ave åœ£è·¯æ˜“æ–¯ MO 63108 US,,7,8,,2,0.665,,gable_family,0.532,,masonry,0.935,,,Moderate,none,0.62
4817,steer,38.653163315,-90.2654519736,5057 Enright Ave åœ£è·¯æ˜“æ–¯ MO 63108 US,,7,8,,2,0.715,,gable_family,0.524,,masonry,0.87,,,Negligible to Slight,none,0.51
4818,steer,38.6539632945,-90.2727653617,800 Union Blvd St. Louis MO 63108 US,,7,8,,2,0.608,,gable_family,0.371,,masonry,0.955,,,Moderate,none,0.575
4819,steer,38.6581729343,-90.2607330745,,,7,8,,2,0.685,,gable_family,0.496,,masonry,0.908,,,Moderate,moderate,0.425
4820,steer,38.6545531438,-90.282497742,5610 Enright Ave St. Louis MO 63112 US,,7,6,,2,0.451,,complex_family,0.27,,masonry,0.93,,,Negligible to Slight,none,0.48
4821,steer,38.6539374512,-90.2777569668,7 Beverly Pl St. Louis MO 63112 US,,7,8,,2,0.569,,gable_family,0.448,,masonry,0.955,,,Negligible to Slight,moderate,0.425
4822,steer,38.6532108502,-90.2655614433,5061 Enright Ave åœ£è·¯æ˜“æ–¯ MO 63108 US,,7,8,,2,0.691,,gable_family,0.478,,masonry,0.925,,,Substantial to Heavy,none,0.61
4823,steer,38.6563771437,-90.2599916664,,,7,8,,2,0.483,,gable_family,0.364,,masonry,0.9,,,Moderate,moderate,0.46
4824,steer,38.6583304112,-90.2603128994,,,7,8,,2,0.545,,gable_family,0.452,,masonry,0.875,,,Negligible to Slight,none,0.62
4825,steer,38.6562643239,-90.259907886,,,7,8,,2,0.534,,gable_family,0.398,,masonry,0.889,,,Negligible to Slight,moderate,0.475
4826,steer,38.6545010187,-90.277656276,15 Beverly Pl St. Louis MO 63112 US,,7,8,,2,0.8,,gable_family,0.563,,masonry,0.945,,,Negligible to Slight,none,0.44
4827,steer,38.6545822456,-90.2822773885,5602 Enright Ave St. Louis MO 63112 US,,7,8,,2,0.442,,gable_family,0.286,,masonry,0.923,,,Negligible to Slight,none,0.495
4828,steer,38.6548020056,-90.2596369255,,,7,8,,2,0.62,,gable_family,0.458,,masonry,0.938,,,Negligible to Slight,none,0.495
4829,steer,38.6569301929,-90.2608135212,,,7,8,,2,0.69,,gable_family,0.577,,masonry,0.94,,,Very Heavy,moderate,0.46
4830,steer,38.6641012655,-90.2424525894,4445 Maffitt Ave St. Louis MO 63113 US,,7,8,,2,0.532,,gable_family,0.471,,masonry,0.73,,,Substantial to Heavy,none,0.5
4831,steer,38.6536075638,-90.2634976614,827 N Kingshighway Blvd åœ£è·¯æ˜“æ–¯ MO 63108 US,,7,8,,2,0.586,,gable_family,0.359,,masonry,0.965,,,Moderate,none,0.575
4832,steer,38.6564669564,-90.2609256385,,,7,8,,2,0.535,,gable_family,0.339,,masonry,0.915,,,Substantial to Heavy,moderate,0.52
4833,steer,38.6573819003,-90.2607517853,,,7,8,,2,0.625,,gable_family,0.423,,masonry,0.91,,,Moderate,none,0.48
4834,steer,38.6548233628,-90.2595454691,,,7,8,,2,0.718,,gable_family,0.562,,masonry,0.895,,,Negligible to Slight,none,0.58
4835,steer,38.6553432239,-90.2828571387,5619 Enright Ave St. Louis MO 63112 US,,7,8,,2,0.49,,gable_family,0.47,,masonry,0.87,,,Negligible to Slight,none,0.495
4836,steer,38.6571509056,-90.2608370495,,,7,8,,2,0.66,,gable_family,0.48,,masonry,0.945,,,Negligible to Slight,moderate,0.475
4837,steer,38.6577850907,-90.2606876542,,,7,6,,2,0.463,,complex_family,0.37,,masonry,0.97,,,Substantial to Heavy,moderate,0.425
4838,steer,38.6541703626,-90.2830185481,5621 Delmar Blvd St. Louis MO 63112 US,,7,8,,2,0.378,,gable_family,0.353,,masonry,0.91,,,Moderate,none,0.445
4839,steer,38.6549549733,-90.2607796705,,,7,8,,2,0.707,,gable_family,0.487,,masonry,0.97,,,Negligible to Slight,none,0.555
4840,steer,38.6574267774,-90.2599469971,,,7,8,,2,0.583,,gable_family,0.537,,masonry,0.775,,,Moderate,none,0.525
4841,steer,38.6580709674,-90.2597558514,,,7,8,,2,0.779,,gable_family,0.501,,masonry,0.96,,,Negligible to Slight,none,0.585
4842,steer,38.6551563559,-90.2811025593,5561 Enright Ave St. Louis MO 63112 US,,7,8,,2,0.504,,gable_family,0.348,,masonry,0.894,,,Negligible to Slight,none,0.45
4843,steer,38.6553259521,-90.2830639304,5625 Enright Ave St. Louis MO 63112 US,,7,8,,2,0.48,,gable_family,0.577,,masonry,0.795,,,Moderate,moderate,0.46
4844,steer,38.6584265909,-90.2606172371,1232 Aubert Ave St. Louis MO 63113 US,,7,8,,2,0.62,,gable_family,0.418,,masonry,0.93,,,Substantial to Heavy,moderate,0.51
4845,steer,38.6582496987,-90.2600915003,,,7,8,,2,0.455,,gable_family,0.454,,masonry,0.85,,,Moderate,none,0.455
4846,steer,38.6555253358,-90.2790531426,775 Belt Ave St. Louis MO 63112 US,,7,8,,2,0.72,,gable_family,0.65,,masonry,0.98,,,Negligible to Slight,none,0.51
4847,steer,38.6549046254,-90.2602510466,,,7,8,,2,0.771,,gable_family,0.612,,masonry,0.89,,,Moderate,none,0.47
4848,steer,38.6582841968,-90.2596990313,,,7,8,,2,0.51,,gable_family,0.479,,masonry,0.845,,,Negligible to Slight,none,0.63
4849,steer,38.6530396761,-90.2642012028,5023 Enright Ave åœ£è·¯æ˜“æ–¯ MO 63108 US,,7,8,,2,0.573,,gable_family,0.382,,masonry,0.965,,,Moderate,none,0.455
4850,steer,38.658328781,-90.2598761733,,,7,8,,2,0.545,,gable_family,0.497,,masonry,0.783,,,Negligible to Slight,none,0.61
4851,steer,38.6549229951,-90.2791441778,747 Belt Ave St. Louis MO 63112 US,,7,8,,2,0.692,,gable_family,0.61,,masonry,0.91,,,Moderate,none,0.47
4852,steer,38.6548058482,-90.2594355064,,,7,8,,2,0.755,,gable_family,0.552,,masonry,0.93,,,Negligible to Slight,none,0.49
4853,steer,38.6559895609,-90.2607019032,,,7,8,,2,0.76,,gable_family,0.472,,masonry,0.955,,,Negligible to Slight,none,0.53
4854,steer,38.6541678599,-90.272707041,812 Union Blvd St. Louis MO 63108 US,,7,8,,2,0.527,,gable_family,0.373,,masonry,0.893,,,Moderate,moderate,0.4
4855,steer,38.6548169684,-90.25974866,,,7,8,,2,0.627,,gable_family,0.409,,masonry,0.929,,,Negligible to Slight,none,0.52
4856,steer,38.6530941863,-90.2649613162,5043 Enright Ave åœ£è·¯æ˜“æ–¯ MO 63108 US,,7,8,,2,0.668,,gable_family,0.475,,masonry,0.905,,,Very Heavy,none,0.495
4857,steer,38.6549948387,-90.2610863203,,,7,8,,2,0.622,,gable_family,0.418,,masonry,0.918,,,Moderate,none,0.455
4858,steer,38.6533655916,-90.2728450036,718 Union Blvd St. Louis MO 63108 US,,6,8,,1,0.41,,gable_family,0.31,,masonry,0.908,,,Negligible to Slight,none,0.495
4859,steer,38.6546452514,-90.2603975387,,,6,8,,1,0.475,,gable_family,0.422,,masonry,0.73,,,Negligible to Slight,moderate,0.49
4860,steer,38.6559982638,-90.2604794541,,,7,8,,2,0.74,,gable_family,0.495,,masonry,0.92,,,Negligible to Slight,none,0.665
4861,steer,38.6538078346,-90.2662988112,5078 Kensington Ave åœ£è·¯æ˜“æ–¯ MO 63108 US,,7,8,,2,0.435,,gable_family,0.384,,masonry,0.905,,,Moderate,moderate,0.45
4862,steer,38.6549754352,-90.2609677671,,,7,8,,2,0.7,,gable_family,0.512,,masonry,0.94,,,Destruction,moderate,0.42
4863,steer,38.6532294033,-90.2656708823,5065 Enright Ave åœ£è·¯æ˜“æ–¯ MO 63108 US,,7,8,,2,0.585,,gable_family,0.414,,masonry,0.913,,,Substantial to Heavy,moderate,0.53
4864,steer,38.6547853292,-90.2612493337,,,7,8,,2,0.556,,gable_family,0.522,,masonry,0.87,,,Moderate,none,0.425
4865,steer,38.6572127189,-90.2608057561,,,7,8,,2,0.59,,gable_family,0.408,,masonry,0.775,,,Moderate,moderate,0.55
4866,steer,38.6532410892,-90.2659125317,5071 Enright Ave åœ£è·¯æ˜“æ–¯ MO 63108 US,,7,8,,2,0.624,,gable_family,0.462,,masonry,0.894,,,Moderate,moderate,0.43
4867,steer,38.6549477556,-90.2606514718,,,7,8,,2,0.735,,gable_family,0.453,,masonry,0.87,,,Moderate,none,0.585
4868,steer,38.6586428876,-90.2596497975,,,7,8,,2,0.463,,gable_family,0.422,,masonry,0.785,,,Negligible to Slight,moderate,0.425
4869,steer,38.6550427946,-90.261291237,,,7,8,,2,0.637,,gable_family,0.397,,masonry,0.975,,,Substantial to Heavy,moderate,0.485
4870,steer,38.6549374414,-90.260543988,,,7,8,,2,0.784,,gable_family,0.591,,masonry,0.94,,,Negligible to Slight,none,0.59
4871,steer,38.6572825252,-90.2608230633,,,7,8,,2,0.611,,gable_family,0.448,,masonry,0.805,,,Moderate,moderate,0.57
4872,steer,38.6533336293,-90.2667266008,5095 Enright Ave åœ£è·¯æ˜“æ–¯ MO 63108 US,,7,8,,2,0.472,,gable_family,0.378,,masonry,0.87,,,Moderate,moderate,0.415
4873,steer,38.6549236414,-90.2604583528,,,7,8,,2,0.715,,gable_family,0.553,,masonry,0.955,,,Moderate,none,0.54
4874,steer,38.6548717365,-90.260117731,,,7,8,,2,0.667,,gable_family,0.474,,masonry,0.95,,,Moderate,none,0.63
4875,steer,38.6590408767,-90.2619073899,,,7,8,,2,0.476,,gable_family,0.419,,masonry,0.905,,,Moderate,moderate,0.505
4876,steer,38.6548383155,-90.2750322821,5351 Enright Ave St. Louis MO 63112 US,,7,8,,2,0.859,,gable_family,0.595,,masonry,0.965,,,Negligible to Slight,none,0.54
4877,steer,38.6575167529,-90.2598977832,,,7,8,,2,0.604,,gable_family,0.531,,masonry,0.875,,,Negligible to Slight,none,0.525
4878,steer,38.6549235242,-90.2603457859,,,7,8,,2,0.724,,gable_family,0.552,,masonry,0.905,,,Negligible to Slight,none,0.6
4879,steer,38.6560148418,-90.2605921098,,,7,8,,2,0.76,,gable_family,0.54,,masonry,0.91,,,Negligible to Slight,none,0.555
4880,steer,38.6575872554,-90.2599005173,,,7,8,,2,0.529,,gable_family,0.526,,masonry,0.77,,,Negligible to Slight,none,0.505
4881,steer,38.6594033306,-90.2599333139,,,7,8,,2,0.555,,gable_family,0.486,,masonry,0.895,,,Moderate,none,0.445
4882,steer,38.6560524897,-90.2603754006,,,7,8,,2,0.63,,gable_family,0.456,,masonry,0.905,,,Negligible to Slight,none,0.47
4883,steer,38.6573654281,-90.2599313868,,,7,8,,2,0.65,,gable_family,0.57,,masonry,0.895,,,Substantial to Heavy,moderate,0.48
4884,steer,38.6559902678,-90.2609133157,,,7,8,,2,0.86,,gable_family,0.508,,masonry,0.945,,,Negligible to Slight,none,0.525
4885,steer,38.6583225699,-90.2606681487,,,7,8,,2,0.583,,gable_family,0.506,,masonry,0.91,,,Negligible to Slight,none,0.575
4886,steer,38.6580273546,-90.2612831875,,,7,8,,2,0.56,,gable_family,0.449,,masonry,0.93,,,Substantial to Heavy,moderate,0.505
4887,steer,38.6560083589,-90.2608101773,,,7,8,,2,0.83,,gable_family,0.393,,masonry,0.95,,,Moderate,none,0.555
4888,steer,38.6577434279,-90.2598189607,,,7,8,,2,0.706,,gable_family,0.564,,masonry,0.89,,,Substantial to Heavy,none,0.48
4889,steer,38.6560431368,-90.2602576992,,,7,8,,2,0.765,,gable_family,0.461,,masonry,0.895,,,Negligible to Slight,none,0.555
4890,steer,38.6559931262,-90.2611359311,,,7,8,,2,0.69,,gable_family,0.472,,masonry,0.925,,,Negligible to Slight,none,0.54
4891,steer,38.655984897,-90.2599763806,,,7,8,,2,0.765,,gable_family,0.452,,masonry,0.93,,,Negligible to Slight,none,0.485
4892,steer,38.6577154272,-90.2615247636,,,7,8,,2,0.58,,gable_family,0.458,,masonry,0.843,,,Substantial to Heavy,moderate,0.43
4893,steer,38.6578439531,-90.2598119465,,,7,8,,2,0.77,,gable_family,0.536,,masonry,0.89,,,Negligible to Slight,moderate,0.415
4894,steer,38.6559754697,-90.2610258719,,,7,8,,2,0.709,,gable_family,0.384,,masonry,0.88,,,Negligible to Slight,none,0.515
4895,steer,38.6647717036,-90.2428676059,2818 N Taylor Ave St. Louis MO 63115 US,,6,8,,1,0.411,,gable_family,0.364,,masonry,0.8,,,Very Heavy,moderate,0.43
4896,steer,38.6647162855,-90.2429103881,2816 N Taylor Ave St. Louis MO 63115 US,,7,8,,2,0.46,,gable_family,0.483,,masonry,0.875,,,Very Heavy,none,0.505
4897,steer,38.6570776307,-90.2612949981,,,7,8,,2,0.715,,gable_family,0.541,,masonry,0.935,,,Substantial to Heavy,moderate,0.46
4898,steer,38.6582365559,-90.2607207731,,,7,8,,2,0.624,,gable_family,0.436,,masonry,0.893,,,Moderate,moderate,0.46
4899,steer,38.6589325868,-90.25959915,,,7,8,,2,0.458,,gable_family,0.585,,masonry,0.825,,,Moderate,moderate,0.45
4900,steer,38.6560126215,-90.2601354158,,,7,8,,2,0.83,,gable_family,0.537,,masonry,0.95,,,Negligible to Slight,none,0.425
4901,steer,38.6586457431,-90.2605694621,,,7,8,,2,0.544,,gable_family,0.393,,masonry,0.925,,,Substantial to Heavy,moderate,0.525
4902,steer,38.6571582462,-90.2613182461,,,7,8,,2,0.75,,gable_family,0.626,,masonry,0.959,,,Moderate,none,0.45
4903,steer,38.6583538356,-90.2604532737,,,7,8,,2,0.53,,gable_family,0.428,,masonry,0.87,,,Moderate,none,0.645
4904,steer,38.6587210333,-90.2601039502,,,7,8,,2,0.48,,gable_family,0.446,,masonry,0.905,,,Moderate,none,0.47
4905,steer,38.6593997802,-90.2619224722,,,7,8,,2,0.577,,gable_family,0.325,,masonry,0.955,,,Negligible to Slight,none,0.615
4906,steer,38.6588561168,-90.2596428605,,,7,8,,2,0.489,,gable_family,0.595,,masonry,0.81,,,Substantial to Heavy,moderate,0.47
4907,steer,38.6590228906,-90.2605820983,,,6,8,,1,0.48,,gable_family,0.388,,masonry,0.765,,,Moderate,none,0.6
4908,steer,38.6583300759,-90.2600325436,,,7,8,,2,0.62,,gable_family,0.561,,masonry,0.88,,,Negligible to Slight,none,0.57
4909,steer,38.6528454987,-90.262927895,,,14,8,,2,0.589,,flat,0.335,,masonry,0.84,,,Negligible to Slight,none,0.495
4910,steer,38.6527795831,-90.2621478839,,,7,8,,2,0.83,,gable_family,0.537,,masonry,0.965,,,Substantial to Heavy,moderate,0.495
4911,steer,38.6588639881,-90.2606380956,,,7,8,,2,0.491,,gable_family,0.422,,masonry,0.795,,,Substantial to Heavy,none,0.515
4912,steer,38.659106473,-90.2610045716,,,7,8,,2,0.528,,gable_family,0.421,,masonry,0.905,,,Substantial to Heavy,none,0.49
4913,steer,38.6530094716,-90.2621109773,,,7,8,,2,0.804,,gable_family,0.61,,masonry,0.925,,,Negligible to Slight,none,0.615
4914,steer,38.6588512222,-90.2619282386,,,7,8,,2,0.599,,gable_family,0.478,,masonry,0.83,,,Moderate,none,0.495
4915,steer,38.6541886823,-90.2619079535,,,7,6,,2,0.542,,complex_family,0.303,,masonry,0.78,,,Negligible to Slight,moderate,0.475
4916,steer,38.6548181836,-90.2593315009,,,7,8,,2,0.75,,gable_family,0.557,,masonry,0.945,,,Negligible to Slight,none,0.555
4917,steer,38.6589575681,-90.261923895,,,7,8,,2,0.577,,gable_family,0.409,,masonry,0.96,,,Moderate,none,0.61
4918,steer,38.6549732131,-90.2620998096,,,7,8,,2,0.558,,gable_family,0.375,,masonry,0.91,,,Moderate,none,0.49
4919,steer,38.6584646261,-90.2613747268,,,7,8,,2,0.664,,gable_family,0.513,,masonry,0.9,,,Negligible to Slight,none,0.48
4920,steer,38.6535945721,-90.2619616143,,,7,8,,2,0.728,,gable_family,0.554,,masonry,0.92,,,Negligible to Slight,none,0.5
4921,steer,38.65501384,-90.2611832714,,,7,8,,2,0.567,,gable_family,0.433,,masonry,0.94,,,Moderate,moderate,0.48
4922,steer,38.6593714607,-90.2598496063,,,7,8,,2,0.55,,gable_family,0.474,,masonry,0.895,,,Moderate,none,0.58
4923,steer,38.6553792888,-90.2619802265,,,7,8,,2,0.54,,gable_family,0.403,,masonry,0.93,,,Destruction,moderate,0.505
4924,steer,38.6587505473,-90.2596733886,,,7,8,,2,0.62,,gable_family,0.498,,masonry,0.93,,,Moderate,none,0.48
4925,steer,38.6541204817,-90.2627969758,,,7,6,,2,0.476,,complex_family,0.305,,masonry,0.9,,,Moderate,moderate,0.425
4926,steer,38.6576958303,-90.2613510578,,,7,8,,2,0.577,,gable_family,0.422,,masonry,0.844,,,Substantial to Heavy,none,0.49
4927,steer,38.6584444884,-90.2611762929,,,7,8,,2,0.625,,gable_family,0.482,,masonry,0.923,,,Negligible to Slight,none,0.515
4928,steer,38.6594560734,-90.2597004531,,,7,8,,2,0.455,,gable_family,0.36,,masonry,0.845,,,Moderate,none,0.44
4929,steer,38.6552368631,-90.2617870773,,,7,8,,2,0.705,,gable_family,0.438,,masonry,0.935,,,Substantial to Heavy,severe,0.36
4930,steer,38.6558905524,-90.2615440262,,,7,8,,2,0.775,,gable_family,0.58,,masonry,0.88,,,Negligible to Slight,none,0.59
4931,steer,38.6576254023,-90.2621811689,,,7,8,,2,0.491,,gable_family,0.314,,masonry,0.925,,,Negligible to Slight,moderate,0.485
4932,steer,38.6574777752,-90.2612217548,,,7,8,,2,0.6,,gable_family,0.485,,masonry,0.93,,,Negligible to Slight,none,0.51
4933,steer,38.6587476344,-90.260584714,,,7,8,,2,0.475,,gable_family,0.476,,masonry,0.855,,,Negligible to Slight,none,0.495
4934,steer,38.6559051449,-90.2618716902,,,7,8,,2,0.625,,gable_family,0.434,,masonry,0.92,,,Moderate,none,0.425
4935,steer,38.6572524414,-90.2612798869,,,7,8,,2,0.565,,gable_family,0.554,,masonry,0.87,,,Very Heavy,none,0.515
4936,steer,38.6584529151,-90.2612653763,,,7,8,,2,0.62,,gable_family,0.485,,masonry,0.945,,,Negligible to Slight,none,0.59
4937,steer,38.6570061279,-90.2613310325,,,7,8,,2,0.74,,gable_family,0.629,,masonry,0.955,,,Moderate,none,0.54
4938,steer,38.6536445227,-90.2772041706,4 Beverly Pl åœ£è·¯æ˜“æ–¯ MO 63112 US,,7,6,,2,0.465,,complex_family,0.355,,masonry,0.985,,,Negligible to Slight,none,0.535
4939,steer,38.6568249974,-90.2613554429,,,7,8,,2,0.705,,gable_family,0.511,,masonry,0.94,,,Substantial to Heavy,moderate,0.465
4940,steer,38.6570306658,-90.2620316247,,,7,8,,2,0.495,,gable_family,0.379,,masonry,0.85,,,Negligible to Slight,none,0.535
4941,steer,38.6584745457,-90.2615009004,,,7,8,,2,0.665,,gable_family,0.665,,masonry,0.93,,,Moderate,none,0.61
4942,steer,38.6567652946,-90.2615263155,,,7,8,,2,0.645,,gable_family,0.541,,masonry,0.95,,,Moderate,none,0.525
4943,steer,38.6526272425,-90.2622225089,,,7,8,,2,0.542,,gable_family,0.383,,masonry,0.92,,,Substantial to Heavy,moderate,0.465
4944,steer,38.6540821924,-90.2771310428,10 Beverly Pl åœ£è·¯æ˜“æ–¯ MO 63112 US,,7,8,,2,0.712,,gable_family,0.58,,masonry,0.946,,,Moderate,none,0.495
4945,steer,38.6539944157,-90.273763597,5320 Enright Ave åœ£è·¯æ˜“æ–¯ MO 63112 US,,7,8,,2,0.644,,gable_family,0.487,,masonry,0.975,,,Moderate,none,0.48
4946,steer,38.6584823577,-90.2618057808,4962 Maple Ave St. Louis MO 63113 US,,7,8,,2,0.552,,gable_family,0.523,,masonry,0.875,,,Moderate,none,0.475
4947,steer,38.6531089933,-90.2621220724,,,7,8,,2,0.83,,gable_family,0.618,,masonry,0.955,,,Substantial to Heavy,none,0.47
4948,steer,38.6531996321,-90.2626469764,,,7,8,,2,0.5,,gable_family,0.495,,masonry,0.84,,,Moderate,none,0.515
4949,steer,38.6533264054,-90.2747505052,5337 Delmar Blvd åœ£è·¯æ˜“æ–¯ MO 63112 US,,7,8,,2,0.545,,gable_family,0.352,,masonry,0.985,,,Negligible to Slight,none,0.45
4950,steer,38.6534577732,-90.2771971314,2 Beverly Pl åœ£è·¯æ˜“æ–¯ MO 63112 US,,7,8,,2,0.705,,gable_family,0.492,,masonry,0.945,,,Moderate,none,0.56
4951,steer,38.6577807931,-90.2613447245,,,7,8,,2,0.625,,gable_family,0.503,,masonry,0.815,,,Substantial to Heavy,moderate,0.42
4952,steer,38.6539597387,-90.2619707736,,,7,8,,2,0.591,,gable_family,0.466,,masonry,0.955,,,Substantial to Heavy,none,0.52
4953,steer,38.6558250943,-90.2622332978,,,7,8,,2,0.695,,gable_family,0.531,,masonry,0.92,,,Moderate,moderate,0.43
4954,steer,38.6542133808,-90.2771040191,12 Beverly Pl åœ£è·¯æ˜“æ–¯ MO 63112 US,,7,8,,2,0.597,,gable_family,0.703,,masonry,0.925,,,Moderate,none,0.485
4955,steer,38.6580413405,-90.2620477806,,,7,8,,2,0.545,,gable_family,0.354,,masonry,0.925,,,Moderate,none,0.4
4956,steer,38.654746413,-90.2623343346,,,14,8,,2,0.528,,flat,0.278,,masonry,0.94,,,Negligible to Slight,none,0.5
4957,steer,38.6559405047,-90.2625481648,,,14,8,,2,0.552,,flat,0.314,,masonry,0.915,,,Moderate,moderate,0.48
4958,steer,38.6542174306,-90.2769330074,16 Beverly Pl åœ£è·¯æ˜“æ–¯ MO 63112 US,,7,8,,2,0.595,,gable_family,0.644,,masonry,0.915,,,Moderate,none,0.49
4959,steer,38.6574036461,-90.2622635558,,,7,8,,2,0.517,,gable_family,0.394,,masonry,0.92,,,Moderate,none,0.475
4960,steer,38.6511943438,-90.2861287938,5733 McPherson Ave åœ£è·¯æ˜“æ–¯ MO 63112 US,,7,8,,2,0.855,,gable_family,0.655,,masonry,0.98,,,Moderate,none,0.605
4961,steer,38.6558792411,-90.2617038711,,,7,8,,2,0.625,,gable_family,0.414,,masonry,0.875,,,Negligible to Slight,none,0.455
4962,steer,38.6574009626,-90.2612610093,,,7,8,,2,0.675,,gable_family,0.482,,masonry,0.94,,,Negligible to Slight,moderate,0.575
4963,steer,38.6562686285,-90.2618995223,4957 Fountain Ave St. Louis MO 63113 US,,7,8,,2,0.499,,gable_family,0.432,,masonry,0.785,,,Moderate,none,0.455
4964,steer,38.6507788466,-90.2859634281,5726 McPherson Ave åœ£è·¯æ˜“æ–¯ MO 63112 US,,7,8,,2,0.645,,gable_family,0.529,,masonry,0.92,,,Moderate,moderate,0.495
4965,steer,38.6514643577,-90.2887787245,5795 McPherson Ave åœ£è·¯æ˜“æ–¯ MO 63112 US,,7,8,,2,0.715,,gable_family,0.468,,masonry,0.95,,,Negligible to Slight,none,0.56
4966,steer,38.6578701347,-90.2621183979,,,7,8,,2,0.494,,gable_family,0.314,,masonry,0.91,,,Moderate,none,0.435
4967,steer,38.6565957879,-90.2623572554,1124 N Kingshighway Blvd St. Louis MO 63113 US,,7,8,,2,0.482,,gable_family,0.344,,masonry,0.94,,,Moderate,moderate,0.415
4968,steer,38.6514636687,-90.2888551619,5797 McPherson Ave åœ£è·¯æ˜“æ–¯ MO 63112 US,,7,8,,2,0.74,,gable_family,0.495,,masonry,0.965,,,Negligible to Slight,none,0.655
4969,steer,38.6537900159,-90.2771741684,6 Beverly Pl åœ£è·¯æ˜“æ–¯ MO 63112 US,,7,8,,2,0.68,,gable_family,0.492,,masonry,0.972,,,Moderate,none,0.53
4970,steer,38.6569083011,-90.2613124341,,,7,8,,2,0.698,,gable_family,0.545,,masonry,0.915,,,Moderate,moderate,0.505
4971,steer,38.6513211953,-90.2874627671,5773 McPherson Ave åœ£è·¯æ˜“æ–¯ MO 63112 US,,7,8,,2,0.61,,gable_family,0.474,,masonry,0.905,,,Negligible to Slight,none,0.67
4972,steer,38.65238977,-90.274080761,5300 Delmar Blvd åœ£è·¯æ˜“æ–¯ MO 63112 US,,8,6,,3,0.533,,complex_family,0.415,,masonry,0.985,,,Substantial to Heavy,none,0.485
4973,steer,38.6548330828,-90.275151388,5355 Enright Ave åœ£è·¯æ˜“æ–¯ MO 63112 US,,7,8,,2,0.69,,gable_family,0.587,,masonry,0.93,,,Negligible to Slight,none,0.615
4974,steer,38.6518314984,-90.2887318056,5782 Kingsbury Pl åœ£è·¯æ˜“æ–¯ MO 63112 US,,7,6,,2,0.475,,complex_family,0.343,,masonry,0.805,,,Negligible to Slight,none,0.645
4975,steer,38.6566075579,-90.2614263492,,,7,8,,2,0.728,,gable_family,0.516,,masonry,0.945,,,Negligible to Slight,none,0.515
4976,steer,38.653690193,-90.2741864793,5321 Savoy Ct åœ£è·¯æ˜“æ–¯ MO 63112 US,,7,8,,2,0.567,,gable_family,0.369,,masonry,0.955,,,Moderate,moderate,0.43
4977,steer,38.6515042806,-90.2874486879,5773 McPherson Ave åœ£è·¯æ˜“æ–¯ MO 63112 US,,7,8,,2,0.56,,gable_family,0.526,,masonry,0.9,,,Negligible to Slight,none,0.475
4978,steer,38.6514014945,-90.2881502113,5785 McPherson Ave åœ£è·¯æ˜“æ–¯ MO 63112 US,,7,8,,2,0.63,,gable_family,0.531,,masonry,0.96,,,Negligible to Slight,none,0.505
4979,steer,38.6546472489,-90.2751982434,5355 Enright Ave åœ£è·¯æ˜“æ–¯ MO 63112 US,,7,8,,2,0.7,,gable_family,0.518,,masonry,0.965,,,Negligible to Slight,none,0.6
4980,steer,38.6531141881,-90.263020153,,,14,8,,2,0.461,,flat,0.336,,masonry,0.85,,,Moderate,none,0.465
4981,steer,38.6539251864,-90.2771346846,8 Beverly Pl åœ£è·¯æ˜“æ–¯ MO 63112 US,,7,8,,2,0.651,,gable_family,0.572,,masonry,0.948,,,Substantial to Heavy,none,0.46
4982,steer,38.6514496712,-90.2871171193,5763 McPherson Ave åœ£è·¯æ˜“æ–¯ MO 63112 US,,7,8,,2,0.525,,gable_family,0.435,,masonry,0.87,,,Negligible to Slight,none,0.645
4983,steer,38.6534665584,-90.2625556426,,,7,8,,2,0.635,,gable_family,0.502,,masonry,0.815,,,Moderate,none,0.53
4984,steer,38.6546544393,-90.2750711229,5351 Enright Ave åœ£è·¯æ˜“æ–¯ MO 63112 US,,7,8,,2,0.845,,gable_family,0.567,,masonry,0.97,,,Negligible to Slight,none,0.55
4985,steer,38.6548513056,-90.2771214158,5433 Enright Ave åœ£è·¯æ˜“æ–¯ MO 63112 US,,7,8,,2,0.731,,gable_family,0.568,,masonry,0.94,,,Negligible to Slight,none,0.59
4986,steer,38.6552493555,-90.2624691702,,,7,8,,2,0.487,,gable_family,0.31,,masonry,0.85,,,Moderate,moderate,0.405
4987,steer,38.6519386834,-90.2864976365,5727 Kingsbury Pl åœ£è·¯æ˜“æ–¯ MO 63112 US,,7,8,,2,0.672,,gable_family,0.551,,masonry,0.94,,,Negligible to Slight,none,0.58
4988,steer,38.6501563576,-90.2767048066,16 Kingsbury Pl St. Louis MO 63112 US,,7,8,,2,0.646,,gable_family,0.457,,masonry,0.936,,,Moderate,moderate,0.46
4989,steer,38.6518882596,-90.2858324476,5721 Kingsbury Pl åœ£è·¯æ˜“æ–¯ MO 63112 US,,7,8,,2,0.715,,gable_family,0.661,,masonry,0.965,,,Negligible to Slight,none,0.59
4990,steer,38.6519019797,-90.2861722059,5723 Kingsbury Pl åœ£è·¯æ˜“æ–¯ MO 63112 US,,7,8,,2,0.69,,gable_family,0.509,,masonry,0.975,,,Negligible to Slight,none,0.535
4991,steer,38.6553846415,-90.2620960042,,,7,8,,2,0.638,,gable_family,0.448,,masonry,0.94,,,Negligible to Slight,moderate,0.58
4992,steer,38.6537740896,-90.2848313496,5700 Barack Obama Blvd åœ£è·¯æ˜“æ–¯ MO 63112 US,,14,8,,2,0.526,,flat,0.34,,masonry,0.945,,,Moderate,none,0.485
4993,steer,38.6505890606,-90.2862101322,5732 McPherson Ave åœ£è·¯æ˜“æ–¯ MO 63112 US,,7,8,,2,0.49,,gable_family,0.462,,masonry,0.785,,,Negligible to Slight,none,0.45
4994,steer,38.6511757934,-90.2859770462,5727 McPherson Ave åœ£è·¯æ˜“æ–¯ MO 63112 US,,7,8,,2,0.695,,gable_family,0.587,,masonry,0.94,,,Negligible to Slight,none,0.52
4995,steer,38.6558599485,-90.2620164525,,,7,8,,2,0.618,,gable_family,0.448,,masonry,0.935,,,Negligible to Slight,moderate,0.49
4996,steer,38.6530268488,-90.2790779919,5476 Delmar Blvd St. Louis MO 63112 US,,7,8,,2,0.5,,gable_family,0.349,,masonry,0.95,,,Substantial to Heavy,moderate,0.43
4997,steer,38.6507885708,-90.2863864911,5740 McPherson Ave åœ£è·¯æ˜“æ–¯ MO 63112 US,,7,8,,2,0.752,,gable_family,0.516,,masonry,0.995,,,Moderate,none,0.645
4998,steer,38.6488283453,-90.2771334255,80 Waterman Pl St. Louis MO 63112 US,,7,8,,2,0.55,,gable_family,0.487,,masonry,0.89,,,,moderate,0.52
4999,steer,38.6558982666,-90.2622690399,,,7,8,,2,0.675,,gable_family,0.472,,masonry,0.97,,,Moderate,moderate,0.41
5000,steer,38.6612579853,-90.2586539373,1402 North Euclid Avenue St. Louis Missouri 63113 United States,,7,8,,2,0.51,,gable_family,0.422,,masonry,0.91,,,Moderate,moderate,0.47
5001,steer,38.6507786206,-90.2861610182,5732 McPherson Ave åœ£è·¯æ˜“æ–¯ MO 63112 US,,7,8,,2,0.679,,gable_family,0.546,,masonry,0.935,,,Negligible to Slight,none,0.465
5002,steer,38.6517694899,-90.2881406407,5766 Kingsbury Pl åœ£è·¯æ˜“æ–¯ MO 63112 US,,7,8,,2,0.605,,gable_family,0.492,,masonry,0.845,,,Negligible to Slight,none,0.56
5003,steer,38.6521055549,-90.2820779405,48 Washington Terr Saint Louis MO 63112 US,,7,8,,2,0.73,,gable_family,0.467,,masonry,0.964,,,Negligible to Slight,none,0.47
5004,steer,38.6611690469,-90.2586378548,1400 N Euclid Ave St. Louis MO 63113 US,,7,8,,2,0.489,,gable_family,0.359,,masonry,0.9,,,,moderate,0.46
5005,steer,38.6499809335,-90.2745355496,4 Kingsbury Pl St. Louis MO 63112 US,,7,6,,2,0.62,,complex_family,0.34,,masonry,0.935,,,Substantial to Heavy,moderate,0.455
5006,steer,38.6562797986,-90.2620487172,4965 Fountain Ave St. Louis MO 63113 US,,7,8,,2,0.48,,gable_family,0.586,,masonry,0.83,,,Negligible to Slight,none,0.485
5007,steer,38.6489092985,-90.2775915975,88 Waterman Pl St. Louis MO 63112 US,,7,8,,2,0.45,,gable_family,0.37,,masonry,0.823,,,,none,0.51
5008,steer,38.6521734951,-90.2864773419,504 E Kingsbury Square åœ£è·¯æ˜“æ–¯ MO 63112 US,,7,8,,2,0.743,,gable_family,0.579,,masonry,0.95,,,Negligible to Slight,none,0.53
5009,steer,38.6592759786,-90.2604439995,1262 Aubert Ave St. Louis MO 63113 US,,7,8,,2,0.443,,gable_family,0.364,,masonry,0.865,,,,moderate,0.465
5010,steer,38.6562530583,-90.2621246216,,,7,8,,2,0.475,,gable_family,0.484,,masonry,0.745,,,Destruction,none,0.455
5011,steer,38.6594965698,-90.2602670784,4926 Page Boulevard St. Louis Missouri 63113 United States,,6,8,,1,0.472,,gable_family,0.394,,masonry,0.905,,,Destruction,none,0.465
5012,steer,38.6485476435,-90.281502823,5567 Pershing Ave St. Louis MO 63112 US,,7,6,,2,0.47,,complex_family,0.441,,masonry,0.985,,,Very Heavy,moderate,0.455
5013,steer,38.6609422926,-90.2586717146,1342 N Euclid Ave St. Louis MO 63113 US,,7,6,,2,0.63,,complex_family,0.343,,masonry,0.92,,,,none,0.415
5014,steer,38.649596244,-90.2803395021,5561 Waterman Blvd St. Louis MO 63112 US,,7,8,,2,0.61,,gable_family,0.467,,masonry,0.94,,,,none,0.695
5015,steer,38.660786513,-90.2818773829,5619 Maple Ave åœ£è·¯æ˜“æ–¯ MO 63112 US,,7,8,,2,0.535,,gable_family,0.462,,masonry,0.87,,,Negligible to Slight,moderate,0.405
5016,steer,38.6482304356,-90.2834490115,5608 Pershing Avenue St. Louis Missouri 63112 United States,,7,8,,2,0.52,,gable_family,0.408,,masonry,0.9,,,Negligible to Slight,moderate,0.435
5017,steer,38.6595154866,-90.260029589,4920 Page Blvd St. Louis MO 63113 US,,7,8,,2,0.528,,gable_family,0.389,,masonry,0.878,,,,none,0.465
5018,steer,38.653351866,-90.2742875253,5322 Savoy Ct åœ£è·¯æ˜“æ–¯ MO 63112 US,,7,8,,2,0.465,,gable_family,0.344,,masonry,0.92,,,Moderate,moderate,0.435
5019,steer,38.6493155527,-90.2770473962,81 Waterman Pl St. Louis MO 63112 US,,7,8,,2,0.59,,gable_family,0.376,,masonry,0.947,,,,none,0.49
5020,steer,38.6476901623,-90.2793091293,5510 Pershing Ave St. Louis MO 63112 US,,7,8,,2,0.499,,gable_family,0.363,,masonry,0.951,,,Negligible to Slight,none,0.635
5021,steer,38.6548680831,-90.2769719852,5429 Enright Ave åœ£è·¯æ˜“æ–¯ MO 63112 US,,7,8,,2,0.72,,gable_family,0.562,,masonry,0.968,,,Negligible to Slight,none,0.525
5022,steer,38.6607343761,-90.259540528,1383 Aubert Ave St. Louis MO 63113 US,,7,8,,2,0.49,,gable_family,0.319,,masonry,0.86,,,,moderate,0.47
5023,steer,38.6484988328,-90.2808567954,5555 Pershing Ave St. Louis MO 63112 US,,8,6,,3,0.495,,complex_family,0.37,,masonry,0.99,,,Destruction,none,0.53
5024,steer,38.6546110461,-90.2749213711,5347 Enright Ave åœ£è·¯æ˜“æ–¯ MO 63112 US,,7,8,,2,0.745,,gable_family,0.497,,masonry,0.945,,,Negligible to Slight,none,0.49
5025,steer,38.649265045,-90.2819074313,5600 Waterman Blvd St. Louis MO 63112 US,,7,8,,2,0.645,,gable_family,0.384,,masonry,0.98,,,,none,0.545
5026,steer,38.648569804,-90.2803166421,5539 Pershing Ave St. Louis MO 63112 US,,7,6,,2,0.552,,complex_family,0.34,,masonry,0.97,,,Negligible to Slight,none,0.54
5027,steer,38.6545821571,-90.2744150021,5331 Enright Ave åœ£è·¯æ˜“æ–¯ MO 63112 US,,7,8,,2,0.8,,gable_family,0.383,,masonry,0.955,,,Negligible to Slight,none,0.55
5028,steer,38.6715266069,-90.2411183696,4548 Natural Bridge Ave åœ£è·¯æ˜“æ–¯ MO 63115 US,,7,8,,2,0.505,,gable_family,0.349,,masonry,0.93,,,Moderate,none,0.575
5029,steer,38.6526544622,-90.2876670954,5759 Westminster Pl åœ£è·¯æ˜“æ–¯ MO 63112 US,,7,8,,2,0.805,,gable_family,0.556,,masonry,0.975,,,Negligible to Slight,none,0.55
5030,steer,38.6492537254,-90.2830379992,323 Clara Ave St. Louis MO 63112 US,,7,8,,2,0.582,,gable_family,0.344,,masonry,0.975,,,,moderate,0.485
5031,steer,38.6485472849,-90.2811452594,5559 Pershing Ave St. Louis MO 63112 US,,7,6,,2,0.505,,complex_family,0.386,,masonry,0.97,,,Negligible to Slight,none,0.455
5032,steer,38.6520396237,-90.2876790446,503 W Kingsbury Square åœ£è·¯æ˜“æ–¯ MO 63112 US,,7,8,,2,0.797,,gable_family,0.526,,masonry,1.0,,,Negligible to Slight,none,0.46
5033,steer,38.6493778546,-90.2775965093,91 Waterman Pl St. Louis MO 63112 US,,7,6,,2,0.505,,complex_family,0.374,,masonry,0.95,,,,moderate,0.41
5034,steer,38.6490292376,-90.2785812167,329 Belt Ave St. Louis MO 63112 US,,7,8,,2,0.665,,gable_family,0.469,,masonry,0.988,,,,moderate,0.465
5035,steer,38.6607118526,-90.2587606587,1336 N Euclid Ave St. Louis MO 63113 US,,7,8,,2,0.578,,gable_family,0.383,,masonry,0.9,,,,moderate,0.47
5036,steer,38.6493757443,-90.2783151977,5501 Waterman Blvd St. Louis MO 63112 US,,7,6,,2,0.55,,complex_family,0.381,,masonry,0.963,,,,none,0.535
5037,steer,38.6498207508,-90.2822098265,5615 Waterman Blvd St. Louis MO 63112 US,,7,8,,2,0.628,,gable_family,0.428,,masonry,1.0,,,,none,0.555
5038,steer,38.6477011257,-90.2802592452,5536 Pershing Ave St. Louis MO 63112 US,,7,6,,2,0.444,,complex_family,0.435,,masonry,0.985,,,Moderate,none,0.445
5039,steer,38.6478276809,-90.2804751086,5540 Pershing Ave St. Louis MO 63112 US,,8,6,,3,0.488,,complex_family,0.415,,masonry,0.969,,,Substantial to Heavy,moderate,0.44
5040,steer,38.6496281512,-90.280050831,5553 Waterman Blvd St. Louis MO 63112 US,,7,8,,2,0.685,,gable_family,0.563,,masonry,0.995,,,,none,0.46
5041,steer,38.6496674751,-90.2809754121,5591 Waterman Blvd St. Louis MO 63112 US,,7,8,,2,0.715,,gable_family,0.57,,masonry,0.98,,,,none,0.635
5042,steer,38.6634677409,-90.2487164004,4615 Saint Ferdinand Ave St. Louis MO 63113 US,,7,8,,2,0.45,,gable_family,0.472,,masonry,0.8,,,,moderate,0.495
5043,steer,38.676509,-90.221131,,,7,8,,2,0.652,,gable_family,0.429,,masonry,0.926,,,,none,0.62
5044,steer,38.6497493929,-90.2813505053,5595 Waterman Blvd St. Louis MO 63112 US,,7,8,,2,0.696,,gable_family,0.582,,masonry,0.99,,,,none,0.465
5045,steer,38.6493727381,-90.2778260379,97 Waterman Pl St. Louis MO 63112 US,,7,6,,2,0.47,,complex_family,0.374,,masonry,0.965,,,,none,0.595
5046,steer,38.6494169379,-90.2785219959,5507 Waterman Blvd St. Louis MO 63112 US,,7,8,,2,0.73,,gable_family,0.548,,masonry,0.973,,,,none,0.495
5047,steer,38.6498614388,-90.2824701162,5621 Waterman Blvd St. Louis MO 63112 US,,7,6,,2,0.502,,complex_family,0.396,,masonry,0.932,,,,none,0.445
5048,steer,38.648477,-90.284791,,,7,8,,2,0.425,,gable_family,0.343,,masonry,0.89,,,,none,0.475
5049,steer,38.6560325476,-90.2695940354,5185 Cates Ave St. Louis MO 63108 US,,7,8,,2,0.589,,gable_family,0.338,,masonry,0.86,,,,moderate,0.46
5050,steer,38.6479873386,-90.2816800481,5574 Pershing Ave St. Louis MO 63112 US,,7,8,,2,0.6,,gable_family,0.348,,masonry,0.955,,,Destruction,none,0.535
5051,steer,38.6492338505,-90.2824914273,314 Clara Ave St. Louis MO 63112 US,,7,8,,2,0.592,,gable_family,0.369,,masonry,0.945,,,,none,0.44
5052,steer,38.652946,-90.271592,,,7,8,,2,0.595,,gable_family,0.435,,masonry,0.895,,,,moderate,0.4
5053,steer,38.660812,-90.250484,,,7,8,,2,0.471,,gable_family,0.383,,masonry,0.785,,,,none,0.445
5054,steer,38.669952,-90.235351,,,7,6,,2,0.466,,complex_family,0.292,,masonry,0.89,,,,none,0.465
5055,nashville,36.1748559,-86.79533014,908 Monroe St Nashville TN 37208 US,13,6,6,1,1,0.73,hip,hip_family,0.685,masonry_un,masonry,0.965,none,severe,,moderate,0.905
5056,nashville,36.17526547,-86.79147823,1221 7th Ave N Nashville TN 37208 US,19,7,6,2,2,0.85,hip,hip_family,0.757,masonry_un,masonry,0.995,none,minor,,moderate,0.94
5057,nashville,36.1754,-86.791622,1225 7th Ave N Nashville TN 37208 US,13,7,8,2,2,0.782,gable,gable_family,0.754,masonry_un,masonry,0.95,none,moderate,,moderate,0.935
5058,nashville,36.17554921,-86.79163355,1227 7th Ave N Nashville TN 37208 US,19,7,8,2,2,0.835,gable,gable_family,0.77,masonry_un,masonry,0.975,none,minor,,none,0.86
5059,nashville,36.1746424,-86.78551669,311 Jefferson St Nashville TN 37208 US,6,9,8,1,1,0.77,flat,flat,0.67,masonry_un,masonry,0.97,none,severe,,moderate,0.9
5060,nashville,36.17462237,-86.78557503,311 Jefferson St Nashville TN 37208 US,6,6,8,1,1,0.795,gable,gable_family,0.723,masonry_un,masonry,1.0,none,severe,,moderate,0.915
5061,nashville,36.17203908,-86.76555424,419 Woodland St Nashville TN 37208 US,13,6,6,1.5,1,0.695,complex,complex_family,0.715,masonry_un,masonry,0.96,none,undamaged,,none,0.88
5062,nashville,36.17413441,-86.76278247,601 Main St Nashville TN 37208 US,13,8,8,3,3,0.69,gable,gable_family,0.808,masonry_un,masonry,0.995,none,undamaged,,none,0.865
5063,nashville,36.17363637,-86.76062701,631 Woodland St Nashville TN 37208 US,19,7,6,2,2,0.87,complex,complex_family,0.84,masonry_un,masonry,0.995,none,undamaged,,none,0.775
5064,nashville,36.17529175,-86.7419925,1600 Holly St Nashville TN 37206 US,11,7,6,2,2,0.84,complex,complex_family,0.755,masonry_un,masonry,0.925,none,moderate,,moderate,0.91
5065,nashville,36.175925,-86.865036,6404 Centennial Blvd Nashville TN 37209 US,12,12,6,6,4+,0.672,complex,complex_family,0.654,masonry_un,masonry,0.979,none,severe,,severe,0.93
5066,nashville,36.176739,-86.863526,6404 Centennial Blvd Nashville TN 37209 US,19,12,8,4,4+,0.785,flat,flat,0.787,masonry_un,masonry,0.98,none,minor,,moderate,0.895
5067,nashville,36.176004,-86.865969,6404 Centennial Blvd Nashville TN 37209 US,19,8,6,3,3,0.655,flat,flat,0.718,masonry_un,masonry,0.96,none,minor,,moderate,0.89
5068,nashville,36.176405,-86.866341,6404 Centennial Blvd Nashville TN 37209 US,19,12,8,6,4+,0.765,flat,flat,0.775,masonry_un,masonry,0.963,none,minor,,moderate,0.86
5069,nashville,36.176506,-86.866064,6404 Centennial Blvd Nashville TN 37209 US,19,12,8,6,4+,0.795,flat,flat,0.766,masonry_un,masonry,0.978,none,minor,,none,0.68
5070,nashville,36.176613,-86.865813,6404 Centennial Blvd Nashville TN 37209 US,19,12,8,6,4+,0.715,flat,flat,0.747,masonry_un,masonry,0.982,none,minor,,moderate,0.885
5071,nashville,36.17103287,-86.81381736,2300 Heiman St Nashville TN 37208 US,19,12,6,4,4+,0.665,complex,complex_family,0.643,masonry_un,masonry,0.97,none,undamaged,,none,0.815
5072,nashville,36.1705034,-86.81172355,2005 Heiman St Nashville TN 37208 US,13,7,6,2,2,0.805,complex,complex_family,0.646,masonry_un,masonry,0.945,none,undamaged,,none,0.88
5073,nashville,36.17291345,-86.80659641,1716 Knowles St Nashville TN 37208 US,6,6,8,1.5,1,0.745,gable,gable_family,0.813,masonry_un,masonry,0.97,none,undamaged,,none,0.695
5074,nashville,36.17289013,-86.80672295,1720 Knowles St Nashville TN 37208 US,6,6,8,1,1,0.869,gable,gable_family,0.837,masonry_un,masonry,0.975,none,undamaged,,none,0.725
5075,nashville,36.1701943,-86.80455709,1702 Jefferson St Nashville TN 37208 US,13,6,8,1.5,1,0.79,gable-hip_combo,gable_family,0.847,masonry_un,masonry,0.96,none,undamaged,,none,0.705
5076,nashville,36.1708061,-86.80070064,1303/1305 Jefferson St Nashville TN 37208 US,13,14,8,2,2,0.768,flat,flat,0.665,masonry_un,masonry,0.945,none,minor,,moderate,0.965
5077,nashville,36.17078822,-86.80081893,1307/1309 Jefferson St Nashville TN 37208 US,13,14,8,2,2,0.78,flat,flat,0.693,masonry_un,masonry,0.96,none,undamaged,,none,0.68
5078,nashville,36.17556206,-86.79774055,1414 Aurther Ave Nashville TN 37208 US,19,6,8,1,1,0.76,gable,gable_family,0.841,masonry_un,masonry,0.935,cmu,minor,,moderate,0.895
5079,nashville,36.17675639,-86.79781841,1508 10th Ave N Nashville TN 37208 US,6,6,8,1,1,0.74,gable,gable_family,0.822,masonry_un,masonry,0.963,none,undamaged,,none,0.76
5080,nashville,36.1750379,-86.79549166,1302 10th Ave N Nashville TN 37208 US,6,6,6,1.5,1,0.755,hip,hip_family,0.735,masonry_un,masonry,0.975,none,undamaged,,none,0.745
5081,nashville,36.17457856,-86.7966415,1006 Monroe St Nashville TN 37208 US,6,6,6,1,1,0.776,complex,complex_family,0.752,masonry_un,masonry,0.97,none,severe,,moderate,0.945
5082,nashville,36.17190968,-86.7980576,1112 Jefferson St Nashville TN 37208 US,13,7,6,2,2,0.774,complex,complex_family,0.73,masonry_un,masonry,0.98,none,minor,,moderate,0.84
5083,nashville,36.17412921,-86.79587524,1001 Monroe St Nashville TN 37208 US,14,7,6,2,2,0.82,hip,hip_family,0.731,masonry_un,masonry,0.965,stone,undamaged,,none,0.84
5084,nashville,36.17081856,-86.79300071,925 Jackson St Nashville TN 37208 US,6,6,8,1,1,0.745,gable,gable_family,0.787,masonry_un,masonry,0.945,none,undamaged,,none,0.845
5085,nashville,36.17463975,-86.79337091,817 Monroe St Nashville TN 37208 US,19,14,8,2,2,0.769,flat,flat,0.728,masonry_un,masonry,0.955,none,destroyed,,severe,0.945
5086,nashville,36.17599724,-86.79185849,700 Monroe St Nashville TN 37208 US,13,12,6,4,4+,0.6,complex,complex_family,0.725,masonry_un,masonry,0.995,none,undamaged,,none,0.8
5087,nashville,36.1744501,-86.7909012,1207 7th Ave N Nashville TN 37208 US,6,6,6,1,1,0.845,hip,hip_family,0.751,masonry_un,masonry,0.97,none,minor,,moderate,0.89
5088,nashville,36.17553421,-86.79102472,1226 7th Ave N Nashville TN 37208 US,19,7,8,2,2,0.882,gable-hip_combo,gable_family,0.775,masonry_un,masonry,0.995,none,minor,,moderate,0.845
5089,nashville,36.17516712,-86.7907866,1220 7th Ave N Nashville TN 37208 US,19,7,8,2,2,0.85,gable,gable_family,0.855,masonry_un,masonry,0.95,none,undamaged,,none,0.85
5090,nashville,36.17480812,-86.79056745,1210 7th Ave N Nashville TN 37208 US,19,7,6,2,2,0.845,complex,complex_family,0.69,masonry_un,masonry,0.925,none,undamaged,,none,0.66
5091,nashville,36.17610767,-86.79034346,1239 6th Ave N Nashville TN 37208 US,19,14,8,2,2,0.802,flat,flat,0.72,masonry_un,masonry,0.93,none,undamaged,,none,0.74
5092,nashville,36.17596014,-86.79035817,1237 6th Ave N Nashville TN 37208 US,6,6,8,1.5,1,0.72,gable-hip_combo,gable_family,0.822,masonry_un,masonry,0.978,none,undamaged,,none,0.82
5093,nashville,36.17587194,-86.79027517,1235 6th Ave N Nashville TN 37208 US,19,7,8,2,2,0.76,gable,gable_family,0.837,masonry_un,masonry,0.995,none,undamaged,,none,0.825
5094,nashville,36.17568558,-86.79019873,1231 6th Ave N Nashville TN 37208 US,6,6,8,1,1,0.771,gable,gable_family,0.84,masonry_un,masonry,0.999,none,undamaged,,none,0.77
5095,nashville,36.17561477,-86.79015835,1229 6th Ave N Nashville TN 37208 US,6,6,6,1,1,0.675,complex,complex_family,0.657,masonry_un,masonry,0.935,none,undamaged,,none,0.845
5096,nashville,36.17530804,-86.7898393,1221 6th Ave N Nashville TN 37208 US,6,6,8,1,1,0.785,gable,gable_family,0.806,masonry_un,masonry,1.0,vinyl,undamaged,,none,0.75
5097,nashville,36.17502551,-86.78973727,1213 6th Ave N Nashville TN 37208 US,6,6,6,1,1,0.77,complex,complex_family,0.69,masonry_un,masonry,0.995,vinyl,undamaged,,none,0.835
5098,nashville,36.17493497,-86.78966949,1211 6th Ave N Nashville TN 37208 US,6,6,8,1,1,0.79,gable,gable_family,0.669,masonry_un,masonry,0.985,wood_slate,undamaged,,none,0.65
5099,nashville,36.17425754,-86.78924975,1101 6th Ave N Nashville TN 37208 US,19,8,6,3,3,0.709,flat,flat,0.71,masonry_un,masonry,0.95,none,minor,,moderate,0.93
5100,nashville,36.1761434,-86.78989985,1230 6th Ave N Nashville TN 37208 US,19,7,8,2,2,0.845,gable,gable_family,0.876,masonry_un,masonry,0.975,none,undamaged,,none,0.87
5101,nashville,36.17608845,-86.789728,1228 6th Ave N Nashville TN 37208 US,6,6,8,1,1,0.795,gable,gable_family,0.837,masonry_un,masonry,0.955,vinyl,undamaged,,none,0.81
5102,nashville,36.17559812,-86.78951279,1218 6th Ave N Nashville TN 37208 US,19,7,8,2,2,0.818,gable,gable_family,0.811,masonry_un,masonry,0.97,none,undamaged,,none,0.775
5103,nashville,36.17645234,-86.789083,1231 5th Ave N Nashville TN 37208 US,6,6,8,1,1,0.745,gable,gable_family,0.884,masonry_un,masonry,0.98,vinyl,undamaged,,none,0.825
5104,nashville,36.17635417,-86.78904161,1229/1227 5th Ave N Nashville TN 37208 US,6,6,8,1,1,0.72,gable,gable_family,0.756,masonry_un,masonry,0.965,vinyl,undamaged,,none,0.795
5105,nashville,36.17622093,-86.78897028,1225/1223 5th Ave N Nashville TN 37208 US,6,6,8,1,1,0.64,gable,gable_family,0.839,masonry_un,masonry,0.96,vinyl,undamaged,,none,0.83
5106,nashville,36.17598168,-86.78883732,1217 5th Ave N Nashville TN 37208 US,19,7,8,2,2,0.87,gable,gable_family,0.781,masonry_un,masonry,0.985,none,undamaged,,none,0.645
5107,nashville,36.17589929,-86.78873514,1215 5th Ave N Nashville TN 37208 US,6,7,8,2,2,0.84,gable,gable_family,0.841,masonry_un,masonry,1.0,none,undamaged,,none,0.76
5108,nashville,36.17576435,-86.78863386,1213 5th Ave N Nashville TN 37208 US,6,7,6,2,2,0.87,hip,hip_family,0.716,masonry_un,masonry,0.96,none,minor,,moderate,0.85
5109,nashville,36.17593276,-86.78713699,1205 4th Ave N Nashville TN 37208 US,6,6,6,1,1,0.707,hip,hip_family,0.64,masonry_un,masonry,0.938,vinyl,minor,,moderate,0.885
5110,nashville,36.17695456,-86.78724878,1222 4th Ave N Nashville TN 37208 US,6,6,6,1,1,0.675,hip,hip_family,0.67,masonry_un,masonry,0.995,none,undamaged,,none,0.885
5111,nashville,36.17280271,-86.76311861,521 Woodland St Nashville TN 37206 US,19,7,6,2,2,0.804,complex,complex_family,0.76,masonry_un,masonry,0.985,none,undamaged,,none,0.745
5112,nashville,36.17267201,-86.76328533,521 Woodland St Nashville TN 37206 US,19,7,6,2,2,0.845,hip,hip_family,0.706,masonry_un,masonry,0.985,none,undamaged,,none,0.915
5113,nashville,36.17365448,-86.76062779,631 Woodland St Nashville TN 37206 US,19,7,6,2,2,0.9,complex,complex_family,0.85,masonry_un,masonry,0.99,none,undamaged,,none,0.83
5114,nashville,36.17331233,-86.76169374,615 Woodland St Nashville TN 37206 US,6,6,6,1,1,0.78,complex,complex_family,0.712,masonry_un,masonry,0.99,asphalt,undamaged,,none,0.8
5115,nashville,36.17320937,-86.76201666,611 Woodland St Nashville TN 37206 US,6,6,8,1,1,0.77,gable,gable_family,0.732,masonry_un,masonry,0.955,vinyl,undamaged,,none,0.815
5116,nashville,36.1731378,-86.76214815,609 Woodland St Nashville TN 37206 US,6,7,8,2,2,0.92,gable,gable_family,0.872,masonry_un,masonry,0.995,vinyl,undamaged,,none,0.895
5117,nashville,36.17300818,-86.76247488,605 Woodland St Nashville TN 37206 US,19,7,8,2,2,0.87,gable,gable_family,0.868,masonry_un,masonry,0.985,vinyl,undamaged,,none,0.82
5118,nashville,36.172907,-86.762792,601 Woodland St Nashville TN 37206 US,19,7,8,2,2,0.845,gable,gable_family,0.757,masonry_un,masonry,0.97,none,undamaged,,none,0.9
5119,nashville,36.17570037,-86.75865266,803 Main St Nashville TN 37206 US,19,7,8,2,2,0.745,gable,gable_family,0.713,masonry_un,masonry,0.945,vinyl,minor,,moderate,0.94
5120,nashville,36.17871596,-86.75557984,110 McFerrin Ave Nashville TN 37206 US,6,6,8,1.5,1,0.696,gable,gable_family,0.852,masonry_un,masonry,0.97,none,undamaged,,none,0.79
5121,nashville,36.17690166,-86.75748863,820 Ramsey St Nashville TN 37206 US,6,6,6,1.5,1,0.845,hip,hip_family,0.728,masonry_un,masonry,0.985,vinyl,undamaged,,none,0.74
5122,nashville,36.17689763,-86.75850314,100 Neill Ave Nashville TN 37206 US,19,7,6,2.5,2,0.86,complex,complex_family,0.715,masonry_un,masonry,0.965,none,moderate,,moderate,0.875
5123,nashville,36.17614096,-86.75630506,910 Main St Nashville TN 37206 US,6,6,6,1,1,0.775,complex,complex_family,0.737,masonry_un,masonry,0.95,none,undamaged,,none,0.72
5124,nashville,36.174617,-86.756983,820 Woodland St Nashville TN 37206 US,19,7,8,2,2,0.899,gable,gable_family,0.745,masonry_un,masonry,0.975,none,undamaged,,none,0.88
5125,nashville,36.174656,-86.756883,822 Woodland St Nashville TN 37206 US,19,7,6,2,2,0.915,complex,complex_family,0.692,masonry_un,masonry,0.965,vinyl,undamaged,,none,0.855
5126,nashville,36.173708,-86.757389,809 Russell St Nashville TN 37206 US,19,7,6,2,2,0.865,hip,hip_family,0.691,masonry_un,masonry,0.988,none,undamaged,,none,0.855
5127,nashville,36.17383231,-86.7569895,813 Russell St Nashville TN 37206 US,19,7,6,2,2,0.878,hip,hip_family,0.701,masonry_un,masonry,0.99,none,undamaged,,none,0.81
5128,nashville,36.17395758,-86.75670236,817 Russell St Nashville TN 37206 US,19,7,6,2,2,0.83,hip,hip_family,0.761,masonry_un,masonry,0.979,none,undamaged,,none,0.87
5129,nashville,36.17408946,-86.75652432,819 Russell St Nashville TN 37206 US,14,7,8,2,2,0.835,gable-hip_combo,gable_family,0.777,masonry_un,masonry,0.98,none,undamaged,,none,0.87
5130,nashville,36.173036,-86.757781,800 Russell St Nashville TN 37206 US,6,6,8,1,1,0.735,gable-hip_combo,gable_family,0.862,masonry_un,masonry,0.99,none,undamaged,,none,0.77
5131,nashville,36.173089,-86.757622,802 Russell St Nashville TN 37206 US,19,7,6,2,2,0.9,hip,hip_family,0.711,masonry_un,masonry,0.995,none,undamaged,,none,0.81
5132,nashville,36.1731314,-86.75749717,804 Russell St Nashville TN 37206 US,19,7,6,2.5,2,0.865,hip,hip_family,0.64,masonry_un,masonry,0.975,none,undamaged,,none,0.885
5133,nashville,36.17348475,-86.75656439,816 Russell St Nashville TN 37206 US,19,7,6,2.5,2,0.915,hip,hip_family,0.693,masonry_un,masonry,0.98,none,undamaged,,none,0.785
5134,nashville,36.17364171,-86.75625054,820 Russell St Nashville TN 37206 US,6,6,8,1,1,0.765,gable,gable_family,0.793,masonry_un,masonry,0.98,none,undamaged,,none,0.795
5135,nashville,36.17510438,-86.75385515,931 Russell St Nashville TN 37206 US,19,8,6,3,3,0.777,complex,complex_family,0.8,masonry_un,masonry,0.995,none,undamaged,,none,0.835
5136,nashville,36.17476692,-86.75461174,921 Russell St Nashville TN 37206 US,19,7,6,2,2,0.92,complex,complex_family,0.651,masonry_un,masonry,1.0,none,undamaged,,none,0.825
5137,nashville,36.17426409,-86.75595915,903 Russell St Nashville TN 37206 US,19,7,8,2.5,2,0.925,gable,gable_family,0.81,masonry_un,masonry,0.97,stucco,undamaged,,none,0.83
5138,nashville,36.17387274,-86.75564357,904 Russell St Nashville TN 37206 US,19,7,6,2,2,0.924,complex,complex_family,0.686,masonry_un,masonry,0.935,none,undamaged,,none,0.855
5139,nashville,36.17432044,-86.75441289,920 Russell St Nashville TN 37206 US,19,7,6,2.5,2,0.885,complex,complex_family,0.74,masonry_un,masonry,0.995,none,undamaged,,none,0.885
5140,nashville,36.1733688,-86.7537165,920 Fatherland St Nashville TN 37206 US,19,6,8,1,1,0.695,gable,gable_family,0.835,masonry_un,masonry,0.97,none,undamaged,,none,0.845
5141,nashville,36.175931,-86.750408,1021 Russell St Nashville TN 37206 US,19,7,8,2,2,0.808,gable-hip_combo,gable_family,0.797,masonry_un,masonry,0.94,none,moderate,,moderate,0.91
5142,nashville,36.177786,-86.742803,1512 Forrest Ave Nashville TN 37206 US,19,7,8,2,2,0.913,gable-hip_combo,gable_family,0.836,masonry_un,masonry,0.98,none,undamaged,,none,0.85
5143,nashville,36.17832919,-86.74477097,1409 Forrest Ave Nashville TN 37206 US,6,6,6,1.5,1,0.767,hip,hip_family,0.701,masonry_un,masonry,0.975,none,undamaged,,none,0.685
5144,nashville,36.17839237,-86.7460137,1309 Forrest Ave Nashville TN 37206 US,19,7,6,2.5,2,0.908,hip,hip_family,0.74,masonry_un,masonry,0.995,none,undamaged,,none,0.895
5145,nashville,36.1772251,-86.74355802,1503 Woodland St Nashville TN 37206 US,6,6,6,1,1,0.748,hip,hip_family,0.736,masonry_un,masonry,0.995,none,undamaged,,none,0.74
5146,nashville,36.17710698,-86.74161189,1603 Woodland St Nashville TN 37206 US,19,7,6,2,2,0.828,hip,hip_family,0.686,masonry_un,masonry,0.915,none,undamaged,,none,0.815
5147,nashville,36.175703,-86.741831,1601 Holly St Nashville TN 37206 US,19,8,6,3,3,0.665,complex,complex_family,0.71,masonry_un,masonry,0.995,none,moderate,,moderate,0.895
5148,nashville,36.17668521,-86.74210928,1520 Woodland St Nashville TN 37206 US,6,9,8,1,1,0.77,flat,flat,0.7,masonry_un,masonry,0.955,none,minor,,moderate,0.905
5149,nashville,36.17622593,-86.74232172,102 S 16th St Nashville TN 37206 US,19,7,8,2,2,0.87,dormer-gambrel_combo,gable_family,0.823,masonry_un,masonry,0.96,"stone,stucco",undamaged,,none,0.79
5150,nashville,36.17609632,-86.7424028,104 S 16th St Nashville TN 37206 US,19,7,8,2,2,0.9,gable,gable_family,0.836,masonry_un,masonry,0.965,wood_panel,undamaged,,none,0.695
5151,nashville,36.175798,-86.743088,1511 Holly St Nashville TN 37206 US,6,6,8,1,1,0.845,gable,gable_family,0.874,masonry_un,masonry,0.965,vinyl,moderate,,moderate,0.92
5152,nashville,36.17585625,-86.74382083,1503 Holly St Nashville TN 37206 US,6,6,8,1,1,0.71,gable,gable_family,0.842,masonry_un,masonry,0.97,vinyl,undamaged,,none,0.7
5153,nashville,36.17581232,-86.7434776,1507 Holly St Nashville TN 37206 US,19,7,8,2,2,0.86,gable,gable_family,0.878,masonry_un,masonry,0.97,"wood_plank,vinyl",moderate,,moderate,0.88
5154,nashville,36.176911,-86.746014,1312 Woodland St Nashville TN 37206 US,19,8,8,3,3,0.715,gable,gable_family,0.784,masonry_un,masonry,0.98,"wood_plank,vinyl",undamaged,,none,0.7
5155,nashville,36.176569,-86.750814,1103 Holly St Nashville TN 37206 US,6,6,8,1,1,0.841,gable,gable_family,0.784,masonry_un,masonry,0.92,none,severe,,severe,0.96
5156,nashville,36.176039,-86.749767,121 S 11th St Nashville TN 37206 US,6,6,8,1.5,1,0.73,gable-hip_combo,gable_family,0.814,masonry_un,masonry,0.965,none,minor,,moderate,0.92
5157,nashville,36.175653,-86.749836,127 S 11th St Nashville TN 37206 US,19,7,6,2.5,2,0.86,hip,hip_family,0.659,masonry_un,masonry,0.985,none,moderate,,moderate,0.9
5158,nashville,36.17597173,-86.74902391,116 S 12th St Nashville TN 37206 US,19,7,6,2,2,0.875,hip,hip_family,0.696,masonry_un,masonry,0.945,none,undamaged,,none,0.66
5159,nashville,36.175592,-86.749114,122 S 12th St Nashville TN 37206 US,19,7,8,2.5,2,0.879,gable-hip_combo,gable_family,0.836,masonry_un,masonry,0.945,none,undamaged,,none,0.76
5160,nashville,36.17524916,-86.74852512,211 S 12th St Nashville TN 37206 US,19,7,6,2,2,0.915,hip,hip_family,0.663,masonry_un,masonry,0.97,none,undamaged,,none,0.72
5161,nashville,36.17567996,-86.74773175,1212 Holly St Nashville TN 37206 US,19,8,6,3,3,0.61,complex,complex_family,0.681,masonry_un,masonry,0.98,vinyl,severe,,severe,0.925
5162,nashville,36.174878,-86.749197,1110 Russell St Nashville TN 37206 US,19,6,8,1.5,1,0.755,gable-hip_combo,gable_family,0.77,masonry_un,masonry,0.975,none,undamaged,,none,0.7
5163,nashville,36.175553,-86.745915,1400 Holly St Nashville TN 37206 US,6,6,8,1,1,0.795,gable-hip_combo,gable_family,0.832,masonry_un,masonry,0.955,none,moderate,,moderate,0.89
5164,nashville,36.17539,-86.744061,1500 Holly St Nashville TN 37206 US,6,6,8,1,1,0.831,gable,gable_family,0.842,masonry_un,masonry,0.95,asphalt,severe,,severe,0.95
5165,nashville,36.173647,-86.746233,1400 Fatherland St Nashville TN 37206 US,6,7,8,2,2,0.835,gable,gable_family,0.864,masonry_un,masonry,0.96,none,undamaged,,none,0.8
5166,nashville,36.17299076,-86.74003616,1628 Fatherland St Nashville TN 37206 US,19,9,8,1,1,0.88,flat,flat,0.71,masonry_un,masonry,0.995,none,undamaged,,none,0.79
5167,nashville,36.17250565,-86.74108191,1617 Lillian St Nashville TN 37206 US,6,6,8,1,1,0.75,gable,gable_family,0.845,masonry_un,masonry,0.95,vinyl,undamaged,,none,0.725
5168,nashville,36.176681,-86.737886,1802 Woodland St Nashville TN 37206 US,19,7,8,2,2,0.835,gable-hip_combo,gable_family,0.839,masonry_un,masonry,0.945,stucco,undamaged,,none,0.82
5169,nashville,36.176503,-86.739306,105 S 17th St Nashville TN 37206 US,19,14,8,2,2,0.864,flat,flat,0.655,masonry_un,masonry,0.99,wood_slate,undamaged,,none,0.775
5170,nashville,36.175353,-86.738736,1713 Holly St Nashville TN 37206 US,19,7,8,2,2,0.8,gable,gable_family,0.888,masonry_un,masonry,0.965,wood_panel,minor,,moderate,0.895
5171,nashville,36.175281,-86.738164,1801 Holly St Nashville TN 37206 US,19,7,6,2,2,0.81,complex,complex_family,0.668,masonry_un,masonry,0.98,stucco,undamaged,,none,0.855
5172,nashville,36.17528944,-86.73789234,1803 Holly St Nashville TN 37208 US,19,7,8,2,2,0.82,gable,gable_family,0.867,masonry_un,masonry,0.97,vinyl,minor,,moderate,0.87
5173,nashville,36.17524904,-86.73766206,1805 Holly St Nashville TN 37206 US,19,6,8,1.5,1,0.835,gable,gable_family,0.841,masonry_un,masonry,0.975,vinyl,moderate,,moderate,0.905
5174,nashville,36.17516336,-86.73588342,1907 Holly St Nashville TN 37206 US,19,6,8,1.5,1,0.767,gable,gable_family,0.869,masonry_un,masonry,0.965,stucco,moderate,,moderate,0.92
5175,nashville,36.17512012,-86.7354779,1915 Holly St Nashville TN 37206 US,19,6,8,1.5,1,0.79,gable,gable_family,0.825,masonry_un,masonry,0.98,stucco,moderate,,moderate,0.895
5176,nashville,36.174961,-86.738906,1706 Holly St Nashville TN 37206 US,6,6,8,1,1,0.815,gable-saltbox_combo,gable_family,0.863,masonry_un,masonry,0.96,stucco,severe,,severe,0.955
5177,nashville,36.174703,-86.736333,1902 Holly St Nashville TN 37206 US,19,6,8,1.5,1,0.74,gable,gable_family,0.811,masonry_un,masonry,0.98,stucco,severe,,severe,0.905
5178,nashville,36.17436507,-86.73919469,1705 Russell St Nashville TN 37206 US,19,7,8,2,2,0.8,gable,gable_family,0.826,masonry_un,masonry,0.945,stucco,moderate,,moderate,0.905
5179,nashville,36.17432286,-86.73876235,1709 Russell St Nashville TN 37206 US,6,6,8,1.5,1,0.805,gable,gable_family,0.831,masonry_un,masonry,0.96,stucco,severe,,moderate,0.885
5180,nashville,36.174061,-86.735317,1917 Russell St Nashville TN 37206 US,19,7,8,2,2,0.844,gable,gable_family,0.893,masonry_un,masonry,1.0,stucco,undamaged,,none,0.75
5181,nashville,36.173989,-86.734953,2001 Russell St Nashville TN 37206 US,19,7,6,2,2,0.849,mansard,complex_family,0.663,masonry_un,masonry,0.985,stucco,undamaged,,none,0.7
5182,nashville,36.174022,-86.734767,2003 Russell St Nashville TN 37206 US,19,6,6,1.5,1,0.708,mansard,complex_family,0.701,masonry_un,masonry,0.995,stucco,undamaged,,none,0.735
5183,nashville,36.172944,-86.739756,1700 Fatherland St Nashville TN 37206 US,19,6,6,1,1,0.81,complex,complex_family,0.745,masonry_un,masonry,0.995,none,undamaged,,none,0.75
5184,nashville,36.172744,-86.737436,1812 Fatherland St Nashville TN 37206 US,6,6,8,1,1,0.78,gable,gable_family,0.834,masonry_un,masonry,0.95,vinyl,undamaged,,none,0.705
5185,nashville,36.172381,-86.739717,309 S 17th St Nashville TN 37206 US,19,7,6,2,2,0.885,hip,hip_family,0.649,masonry_un,masonry,0.96,none,undamaged,,none,0.785
5186,nashville,36.196517,-86.234744,3230 Bluebird Rd Lebanon TN 37087 US,19,7,8,2,2,0.821,gable,gable_family,0.896,masonry_un,masonry,0.823,vinyl,minor,,,
5187,quadstate,35.612075,-90.33148333,205 Alexander Ave Lepanto AR 72354 US,13,6,8,1,1,0.79,gable,gable_family,0.878,masonry_un,masonry,0.912,vinyl,undamaged,,,
5188,quadstate,35.563994,-90.717256,216 N Main St Harrisburg AR 72432 US,6,6,6,1,1,0.755,stepped_parapet_roof,complex_family,0.671,masonry_un,masonry,0.955,vinyl,undamaged,,,
5189,quadstate,35.563056,-90.717222,401 Market St Harrisburg AR 72432 US,14,7,6,2,2,0.916,complex,complex_family,0.707,stone_reinforced_concrete,masonry,0.99,none,undamaged,,,
5190,quadstate,35.6745,-90.516944,512 Poinsett Ave Trumann AR 72472 US,6,6,8,1,1,0.776,gable,gable_family,0.816,masonry_un,masonry,0.845,"stone,sticco",undamaged,,none,0.57
5191,quadstate,35.842247,-90.673978,"2506 Aggie Rd, Jonesboro, AR 72401",19,7,6,2.5,2,0.892,complex,complex_family,0.726,masonry_un,masonry,0.96,stucco,undamaged,,none,0.765
5192,quadstate,35.828611,-90.705278,1327 S Main St Jonesboro AR 72401 US,19,7,6,2.5,2,0.845,hip,hip_family,0.72,masonry_un,masonry,0.935,none,undamaged,,none,0.83
5193,quadstate,35.832008,-90.704936,1120 S Main St Jonesboro AR 72401 US,19,7,6,2,2,0.864,complex,complex_family,0.705,masonry_un,masonry,0.935,none,undamaged,,none,0.76
5194,quadstate,35.832314,-90.704881,1112 S Main St Jonesboro AR 72401 US,4,4,8,2,2,0.855,gable-hip_combo,gable_family,0.833,wooden_light_frame,wood_frame,0.72,vinyl,undamaged,,none,0.85
5195,quadstate,35.831619,-90.703097,1212 S Church St Jonesboro AR 72401 US,13,6,6,1,1,0.72,complex,complex_family,0.74,masonry_un,masonry,0.97,none,undamaged,,none,0.875
5196,quadstate,35.832569,-90.707056,303 W Cherry St Jonesboro AR 72401 US,4,4,6,2,2,0.864,complex,complex_family,0.626,wooden_light_frame,wood_frame,0.67,wood_plank,undamaged,,none,0.77
5197,quadstate,35.836033,-90.70875,418 W Matthews Ave Jonesboro AR 72401 US,19,7,8,2.5,2,0.874,gable-hip_combo,gable_family,0.8,masonry_un,masonry,0.965,none,undamaged,,none,0.89
5198,quadstate,35.838097,-90.705394,511 S Main St Jonesboro AR 72401 US,14,14,8,2,2,0.825,flat,flat,0.74,masonry_un,masonry,0.945,none,undamaged,,none,0.805
5199,quadstate,35.837956,-90.706069,505 Union St Jonesboro AR 72401  US,19,14,8,2,2,0.845,flat,flat,0.665,masonry_un,masonry,0.985,none,undamaged,,none,0.875
5200,quadstate,35.840494,-90.705022,249 S Main St Jonesboro AR 72401 US,19,14,8,2,2,0.846,flat,flat,0.745,masonry_un,masonry,0.94,stucco,undamaged,,none,0.725
5201,quadstate,35.842283,-90.698267,700 Cate Ave Jonesboro AR 72401 US,19,9,8,1,1,0.77,flat,flat,0.7,masonry_un,masonry,0.895,stucco,,,none,0.5
5202,quadstate,35.718611,-90.2425,1198 S AR 136 Etowah AR 72428 US,1,7,8,1,2,0.812,gambrel,gable_family,0.706,wood_un,masonry,0.686,wood_plank,undamaged,,,
5203,quadstate,35.878781,-90.166411,W South Dewey Ave Manila AR 72442 US,1,1,8,1,1,0.85,gable,gable_family,0.769,wooden_light_frame,wood_frame,0.77,wood_plank,undamaged,,,
5204,quadstate,35.890342,-90.342656,207 W Drew Ave Monette AR 72447 US,6,14,8,2,2,0.735,flat,flat,0.825,masonry_un,masonry,0.896,stone,undamaged,,none,0.485
5205,quadstate,35.936419,-90.259461,NE Corner of 2nd and McNamee Sts. Leachville AR 72438 US,1,2,8,1,1,0.83,hip,hip_family,0.684,wooden_light_frame,wood_frame,0.711,wood_plank,moderate,,moderate,0.88
5206,quadstate,36.057994,-90.494628,701 W Highland St Paragould AR 72450 US,6,6,8,1.5,1,0.73,gable,gable_family,0.892,masonry_un,masonry,0.98,none,undamaged,,none,0.855
5207,quadstate,36.055992,-90.491231,420 W Court St Paragould AR 72450 US,,7,8,2,2,0.9,gable,gable_family,0.873,masonry_un,masonry,0.955,stucco,undamaged,,none,0.735
5208,quadstate,36.055319,-90.490719,206 S 4th St Paragould AR 72450 US,4,5,8,2.5,2,0.855,hip,hip_family,0.735,wooden_light_frame,wood_frame,0.692,vinyl,undamaged,,none,0.89
5209,quadstate,36.054403,-90.488489,"Jct of Main and S Third Sts, SE corner Paragould AR 72450 US",6,9,8,1,1,0.755,flat,flat,0.71,masonry_un,masonry,0.975,none,undamaged,,none,0.755
5210,quadstate,36.058414,-90.487622,300 N 2nd St Paragould AR 72450 US,13,6,6,1,1,0.74,complex,complex_family,0.657,masonry_un,masonry,0.93,none,undamaged,,none,0.785
5211,quadstate,36.0559,-90.489061,306 W Court St Paragould AR 72450 US,14,4,5,2,2,0.828,gable-hip_combo,gable_family,0.786,steel_light_frame,steel,0.63,none,undamaged,,none,0.78
5212,quadstate,36.055492,-90.486347,200 S Pruett St Paragould AR 72450 US,19,14,8,2,2,0.831,flat,flat,0.775,masonry_un,masonry,0.97,none,undamaged,,none,0.82
5213,quadstate,36.054433,-90.485125,110 E Main St Paragould AR 72450 US,6,6,6,1,1,0.815,hip,hip_family,0.741,masonry_un,masonry,0.985,none,undamaged,,none,0.85
5214,quadstate,35.876061,-90.044025,3398 North State Hwy 181 Blytheville AR 72426 US,3,2,8,1,1,0.756,hip,hip_family,0.673,wooden_light_frame,wood_frame,0.737,vinyl,undamaged,,,
5215,quadstate,35.928158,-89.908197,157 N Fifth St Blytheville AR 72315 US,,9,8,1,1,0.767,flat,flat,0.842,masonry_un,masonry,0.888,glass,undamaged,,,
5216,quadstate,35.928839,-89.904772,200 W Walnut St Blytheville AR 72315 US,14,8,6,3.5,3,0.637,complex,complex_family,0.679,masonry_un,masonry,0.96,none,undamaged,,,
5217,quadstate,35.927683,-89.904717,210 W Main St Blytheville AR 72315 US,19,14,8,2,2,0.73,flat,flat,0.785,masonry_un,masonry,0.935,terra_cotta,undamaged,,,
5218,quadstate,36.237208,-90.055583,122 College Ave Kennett MO 63857 US,19,14,8,2,2,0.748,flat,flat,0.864,masonry_un,masonry,0.955,none,undamaged,,,
5219,quadstate,36.235292,-90.057217,221 S Main St Kennett MO 63857 US,19,8,6,3,3,0.643,complex,complex_family,0.635,masonry_un,masonry,0.935,none,undamaged,,,
5220,quadstate,36.331694,-89.825067,1 Delmo St Homestown MO 63879 US,1,1,8,1,1,0.69,gable,gable_family,0.755,wooden_light_frame,wood_frame,0.709,vinyl,undamaged,,,
5221,quadstate,36.376114,-89.480497,431 Wynn St Tiptonville TN 38079 US,4,4,6,2,2,0.865,complex,complex_family,0.684,wooden_light_frame,wood_frame,0.785,vinyl,undamaged,,none,0.57
5222,quadstate,36.365278,-88.893611,Off TN 22 Gardner TN 38236 US,5,4,8,2,2,0.894,gable,gable_family,0.909,wooden_light_frame,wood_frame,0.777,wood_plank,undamaged,,,
5223,quadstate,36.417506,-89.086767,"2221 Old Troy Rd Union City, TN 38261 US",6,7,8,2,2,0.803,gable-hip_combo,gable_family,0.76,masonry_un,masonry,0.87,stucco,undamaged,,,
5224,quadstate,36.426242,-89.060611,415 W Main St Union City TN 38261 US,6,9,8,1,1,0.786,flat,flat,0.897,masonry_un,masonry,0.99,none,undamaged,,,
5225,quadstate,36.423231,-89.059358,6 Bill Burnett Cir Union City TN 32861 US,14,14,8,2,2,0.894,flat,flat,0.786,masonry_un,masonry,0.975,none,undamaged,,,
5226,quadstate,36.422886,-89.058181,114 W Washington Union City TN 38261 US,14,7,6,2,2,0.83,complex,complex_family,0.689,masonry_un,masonry,0.97,none,undamaged,,,
5227,quadstate,36.425336,-89.05705,106 S 1st St Union City TN 38261,19,8,6,3,3,0.708,flat,flat,0.891,masonry_un,masonry,0.98,none,undamaged,,,
5228,quadstate,36.424958,-89.057011,118 S First St Union City TN 38261 US,19,9,8,1,1,0.687,flat,flat,0.773,masonry_un,masonry,0.94,none,undamaged,,,
5229,quadstate,36.855697,-88.350531,1309 Main St Benton KY 42025 US,1,1,6,1,1,0.743,complex,complex_family,0.622,wooden_light_frame,wood_frame,0.691,wood_plank,minor,,,
5230,quadstate,36.859175,-88.346961,991 Birch St Benton KY 42025 US,19,7,6,2,2,0.774,complex,complex_family,0.652,masonry_un,masonry,0.851,none,,,,
5231,quadstate,37.073936,-87.961911,0.5 mi N of Jct SR 293 and Caldwell Chapel Rd Princeton KY 42445 US,1,1,8,1,1,0.703,gable,gable_family,0.807,wooden_light_frame,wood_frame,0.79,wood_plank,moderate,,moderate,0.92
5232,quadstate,37.101706,-87.877761,302 Nichols St Princeton KY 42445 US,1,1,8,1,1,0.766,gable,gable_family,0.866,wooden_light_frame,wood_frame,0.7,wood_plank,undamaged,,none,0.58
5233,quadstate,37.109431,-87.886781,501 Washington St Princeton KY 42445 US,19,7,8,2,2,0.885,gable,gable_family,0.852,masonry_un,masonry,0.965,none,undamaged,,none,0.555
5234,quadstate,37.110492,-87.880761,304 N Jefferson St Princeton KY 42445 US,19,7,8,2,2,0.886,gable,gable_family,0.779,masonry_un,masonry,0.928,none,undamaged,,none,0.56
5235,quadstate,37.108567,-87.881489,115 E Main St Princeton KY 42445 US,19,7,8,2,2,0.89,gable,gable_family,0.717,masonry_un,masonry,0.965,none,undamaged,,none,0.615
5236,quadstate,37.105589,-87.883939,317 S Jefferson St Princeton KY 42445 US,19,7,6,2,2,0.909,hip,hip_family,0.591,masonry_un,masonry,0.945,none,undamaged,,none,0.56
5237,quadstate,37.166494,-87.693431,301 W Arcadia Ave Dawson Springs KY 42408 US,4,4,6,2.5,2,0.823,complex,complex_family,0.711,wooden_light_frame,wood_frame,0.72,wood_plank,undamaged,,none,0.69
5238,quadstate,37.197778,-87.609444,8400 Ilsley Rd Dawson Springs KY 42408 US,5,7,8,2,2,0.812,complex,gable_family,0.706,wooden_light_frame,masonry,0.686,wood_plank,undamaged,,,
5239,quadstate,37.24,-87.472778,109 Crooked St Mortons Gap KY 42440 US,19,7,6,2,2,0.793,complex,complex_family,0.638,masonry_un,masonry,0.84,none,undamaged,,,
5240,quadstate,37.274444,-87.511389,118 E Main St Earlington KY 42410 US,19,4,8,2,2,0.852,gable-hip_combo,gable_family,0.825,wooden_light_frame,wood_frame,0.665,vinyl,,,,
5241,quadstate,37.277042,-87.508197,311 E Main St Earlington KY 42410 US,5,7,8,2.5,2,0.812,complex,gable_family,0.706,wooden_light_frame,masonry,0.686,vinyl,undamaged,,,
5242,quadstate,37.291944,-87.421389,CH 1221 Madisonville KY 42431 US,5,7,8,2,2,0.812,gable,gable_family,0.706,wooden_light_frame,masonry,0.686,wood_plank,severe,,,
5243,quadstate,37.456664,-86.904594,519 E Union St Hartford KY 42347 US,5,4,8,2,2,0.802,gable,gable_family,0.848,wooden_light_frame,wood_frame,0.725,vinyl,undamaged,,,
5244,quadstate,37.454808,-86.905767,403 E Union St Hartford KY 42347 US,19,7,8,2,2,0.812,complex,gable_family,0.706,masonry_un,masonry,0.686,none,undamaged,,,
5245,quadstate,37.451917,-86.906558,224 E Center St Hartford KY 42347 US,3,6,6,1,1,0.706,hip,hip_family,0.665,masonry_un,masonry,0.968,none,undamaged,,,
5246,quadstate,37.450911,-86.909183,214 Main St Hartford KY 42347 US,19,14,8,2,2,0.953,flat,flat,0.974,masonry_un,masonry,0.975,none,undamaged,,,
5247,quadstate,37.4509,-86.909106,218 Main St Hartford KY 42347 US,19,14,8,2,2,0.933,flat,flat,0.947,masonry_un,masonry,0.975,none,undamaged,,,
5248,quadstate,37.450842,-86.909058,222 Main St Hartford KY 42347 US,19,14,8,2,2,0.92,flat,flat,0.97,masonry_un,masonry,0.98,none,undamaged,,,
5249,quadstate,37.450797,-86.908947,226-228 Main St Hartford KY 42347 US,19,14,8,2,2,0.92,flat,flat,0.985,masonry_un,masonry,0.97,none,undamaged,,,
5250,quadstate,37.451642,-86.909256,143 N Main St Hartford KY 42347 US,6,9,8,1,1,0.855,flat,flat,0.875,masonry_un,masonry,0.939,none,,,,
5251,quadstate,37.451569,-86.909189,145 S Main St Hartford KY 42347 US,6,6,6,1,1,0.955,complex,complex_family,0.509,masonry_un,masonry,0.985,none,undamaged,,,
5252,quadstate,37.451406,-86.908989,201 Main St Hartford KY 42347 US,6,6,6,1,1,0.955,flat,complex_family,0.509,masonry_un,masonry,0.985,none,undamaged,,,
5253,quadstate,37.451278,-86.908897,211-213 Main St Hartford KY 42347 US,19,14,8,2,2,0.831,flat,flat,0.898,masonry_un,masonry,0.96,none,undamaged,,,
5254,quadstate,37.451164,-86.908783,219 Main St Hartford KY 42347 US,6,9,8,1,1,0.751,flat,flat,0.958,masonry_un,masonry,0.975,none,undamaged,,,
5255,quadstate,37.451083,-86.908714,221 Main St Hartford KY 42347 US,19,14,8,2,2,0.837,flat,flat,0.925,masonry_un,masonry,0.975,stucco,undamaged,,,
5256,quadstate,37.451017,-86.908703,225 Main St Hartford KY 42347 US,6,9,8,1,1,0.67,flat,flat,0.944,masonry_un,masonry,0.935,none,undamaged,,,
5257,quadstate,37.450925,-86.908617,237 Main St Hartford KY 42347 US,19,14,8,2,2,0.825,flat,flat,0.94,masonry_un,masonry,0.968,masonry,undamaged,,,
5258,quadstate,37.450686,-86.908017,301 S Main St #201 Hartford KY 42347 US,14,14,8,2,2,0.85,flat,flat,0.715,masonry_un,masonry,0.96,none,undamaged,,,
5259,quadstate,37.450836,-86.907467,127 E Washington St Hartford KY 42347 US,19,7,8,2,2,0.928,gable,gable_family,0.803,masonry_un,masonry,0.99,vinyl,undamaged,,,
5260,quadstate,37.450222,-86.907586,108 Washington St Hartford KY 42347 US,19,14,8,2,2,0.845,flat,flat,0.816,masonry_un,masonry,0.978,none,undamaged,,,
5261,quadstate,37.450447,-86.907411,114-116 E Washington St Hartford KY 42347 US,14,14,8,2,2,0.845,flat,flat,0.781,masonry_un,masonry,0.965,none,undamaged,,,
5262,quadstate,37.815935,-86.111714,Clarkson Rd Flaherty KY 42726 US,19,7,8,2,2,0.812,gable,gable_family,0.706,masonry_un,masonry,0.686,none,,,,
5263,quadstate,37.999081,-85.488553,1823 Old Louisville Rd High Grove KY 40208 US,1,6,8,1,1,0.726,gable,gable_family,0.844,masonry_un,masonry,0.745,vinyl,undamaged,,,
5264,quadstate,36.11264,-89.26242,108 Jefferson St Newbern TN 38059 US,6,2,8,1,1,0.824,hip,hip_family,0.662,wood_frame,wood_frame,0.68,none,undamaged,,,
5265,quadstate,36.28803,-88.70506,321 Linden St Dresden TN 38225 US,19,7,8,2.5,2,0.812,hip,gable_family,0.706,masonry_un,masonry,0.686,none,undamaged,,,
5266,quadstate,36.65992,-87.65928,161 Roaring Spring Rd LaFayette KY 42254 US,5,4,8,2,2,0.722,gable,gable_family,0.807,wood_frame,wood_frame,0.775,vinyl,undamaged,,,
5267,quadstate,36.71947,-87.53194,10788 Palmyra Rd Oak Grove KY 42262 US,5,4,8,2,2,0.864,gable,gable_family,0.9,wood_frame,wood_frame,0.795,vinyl,undamaged,,,
5268,quadstate,36.992778,-86.495556,1800 Morgantown Rd Bowling Green KY 42101 US,5,4,8,2,2,0.84,gable,gable_family,0.797,wood_frame,wood_frame,0.76,vinyl,undamaged,,none,0.645
5269,quadstate,36.988856,-86.46915,1616 Media Dr Bowling Green KY 42101 US,8,2,5,1.5,1,0.785,hip,hip_family,0.7,concrete,concrete,0.63,none,undamaged,,none,0.765
5270,quadstate,36.98987,-86.45286,1400 Kentucky St Bowling Green KY 42101 US,1,1,8,1,1,0.729,gable,gable_family,0.748,wooden_light_frame,wood_frame,0.665,none,undamaged,,none,0.905
5271,quadstate,36.990575,-86.446978,1223 College St Bowling Green KY 42101 US,19,7,8,2,2,0.89,gable,gable_family,0.81,masonry_un,masonry,0.885,stone,undamaged,,none,0.91
5272,quadstate,36.986511,-86.443256,1244 Park St Bowling Green KY 42101 US,4,5,8,2,2,0.84,hip,hip_family,0.731,wooden_light_frame,wood_frame,0.715,vinyl,undamaged,,none,0.77
5273,quadstate,36.98926,-86.45408,1444 Kentucky St Bowling Green KY 42101 US,19,8,8,3.5,3,0.645,gable,gable_family,0.789,masonry_un,masonry,0.91,none,undamaged,,none,0.815
5274,quadstate,36.98906,-86.45209,240 College Heights Blvd Bowling Green KY 42101 US,19,14,8,2,2,0.835,flat,flat,0.701,masonry_un,masonry,0.98,none,undamaged,,none,0.88
5275,quadstate,36.986939,-86.454419,1509 College Heights Blvd Bowling Green KY 42101,19,12,6,4,4+,0.67,gable,gable_family,0.812,masonry_un,masonry,0.98,stone,undamaged,,none,0.9
5276,quadstate,36.9879,-86.45457,1906 College Heights Blvd Bowling Green KY 42101 US,19,8,6,3,3,0.695,complex,complex_family,0.711,steel_frame_masonry_shear_wall,masonry,0.98,stone,undamaged,,none,0.865
5277,quadstate,36.98583,-86.45194,1516 Hilltop Dr Bowling Green KY 42101 US,19,8,8,3,3,0.755,gable,gable_family,0.805,steel_frame_masonry_shear_wall,masonry,0.96,stone,undamaged,,none,0.655
5278,quadstate,36.9877,-86.45166,1501 Hilltop Dr Bowling Green KY 42101 US,19,8,6,3,3,0.745,flat,flat,0.725,steel_frame_masonry_shear_wall,masonry,0.965,stone,undamaged,,none,0.735
5279,quadstate,36.987478,-86.451139,401 Hilltop Dr Bowling Green KY 42101 US,19,8,6,3,3,0.735,flat,flat,0.707,steel_frame_masonry_shear_wall,masonry,0.945,stone,undamaged,,none,0.79
5280,quadstate,36.986003,-86.451461,1535 State St Bowling Green KY 42101 US,19,8,6,3,3,0.705,flat,flat,0.68,masonry_un,masonry,0.94,stone,undamaged,,none,0.705
5281,quadstate,36.98566,-86.4411,1320 Park St Bowling Green KY 42101 US,19,7,8,2,2,0.78,gable,gable_family,0.728,masonry_un,masonry,0.93,none,undamaged,,none,0.89
5282,quadstate,36.99521321,-86.44796112,1115 Adams St Bowling Green KY 42101 US,19,7,6,2,2,0.88,complex,complex_family,0.68,masonry_un,masonry,0.915,none,undamaged,,none,0.93
5283,quadstate,37.00131,-86.44711,430 Church St Bowling Green KY 42101 US,13,7,8,2,2,0.81,gable,gable_family,0.733,masonry_un,masonry,0.945,none,undamaged,,none,0.825
5284,quadstate,36.99285,-86.44442,1039 College St Bowling Green KY 42101 US,19,12,6,4,4+,0.67,complex,complex_family,0.772,steel_frame_masonry_shear_wall,masonry,0.955,masonry,undamaged,,none,0.89
5285,quadstate,36.992489,-86.442892,429 E 10th St Bowling Green KY 42101 US,14,8,6,3,3,0.732,complex,complex_family,0.735,masonry_un,masonry,0.92,none,undamaged,,none,0.78
5286,quadstate,36.989592,-86.443317,1133 Chestnut St Bowling Green KY 42101 US,19,8,6,3,3,0.662,hip,hip_family,0.677,masonry_un,masonry,0.915,vinyl,undamaged,,none,0.93
5287,quadstate,36.991825,-86.442442,1007 State St Bowling Green KY 42101 US,19,14,8,2,2,0.823,flat,flat,0.69,masonry_un,masonry,0.905,nonw,undamaged,,none,0.74
5288,quadstate,36.993692,-86.439453,801 State St Bowling Green KY 42101 US,19,7,8,2,2,0.82,gable,gable_family,0.787,masonry_un,masonry,0.93,none,undamaged,,none,0.835
5289,quadstate,36.995072,-86.439394,716 College St Bowling Green KY 42101 US,13,6,8,1,1,0.735,gable,gable_family,0.773,masonry_un,masonry,0.968,none,undamaged,,none,0.845
5290,quadstate,36.995511,-86.438803,638 College St Bowling Green KY 42101 US,6,6,6,1,1,0.765,hip,hip_family,0.756,masonry_un,masonry,0.95,none,undamaged,,none,0.93
5291,quadstate,37.000158,-86.43825,401 Kentucky St Bowling Green KY 42101 US,19,7,8,2,2,0.78,gable,gable_family,0.734,masonry_un,masonry,0.912,none,undamaged,,none,0.85
5292,quadstate,36.992492,-86.438419,804-806 Chestnut St Bowling Green KY 42101 US,5,7,8,2,2,0.865,gable,gable_family,0.788,masonry_un,masonry,0.925,none,undamaged,,none,0.925
5293,quadstate,36.995694,-86.435581,506 State St Bowling Green KY 42101 US,19,7,6,2.5,2,0.855,complex,complex_family,0.755,masonry_un,masonry,0.9,none,undamaged,,none,0.79
5294,quadstate,36.996878,-86.433831,340 State St Bowling Green KY 42101 US,13,6,6,1.5,1,0.711,complex,complex_family,0.745,masonry_un,masonry,0.96,none,undamaged,,none,0.865
5295,quadstate,36.980914,-86.433144,943 Covington St Bowling Green KY 42101 US,6,1,8,1.5,1,0.67,gable,gable_family,0.818,wooden_light_frame,wood_frame,0.695,stucco,undamaged,,none,0.825
5296,quadstate,36.9806,-86.432186,936 Covington St Bowling Green KY 42101 US,5,1,8,1.5,1,0.69,gable,gable_family,0.888,wooden_light_frame,wood_frame,0.74,wood_plank_stone,undamaged,,none,0.885
5297,quadstate,36.981558,-86.429328,814 Covington St Bowling Green KY 42101 US,6,1,8,1,1,0.775,gable,gable_family,0.877,wooden_light_frame,wood_frame,0.7,stucco,undamaged,,none,0.815
5298,quadstate,36.988708,-86.412942,1401 Fairview Ave Bowling Green KY 42103 US,19,7,8,2,2,0.919,gable,gable_family,0.885,masonry_un,masonry,0.965,none,undamaged,,none,0.93
5299,quadstate,37.014756,-86.379508,812 Plum Springs Loop Bowling Green KY 42101 US,19,7,8,2,2,0.87,gable,gable_family,0.843,masonry_un,masonry,0.92,vinyl,undamaged,,none,0.9
5300,quadstate,37.038153,-86.343703,336 Mount Olivet Rd Bowling Green KY 42101 US,13,1,8,1.5,1,0.695,gable,gable_family,0.846,wooden_light_frame,wood_frame,0.705,vinyl,undamaged,,none,0.805
5301,quadstate,37.059153,-86.296292,9786 Louisville Rd Oakland KY 42159 US,19,7,6,2,2,0.917,hip,hip_family,0.723,masonry_un,masonry,0.986,none,undamaged,,none,0.82
5302,quadstate,37.055944,-86.263756,166 W R Helton Rd Oakland KY 42159 US,19,7,8,2,2,0.873,gable,gable_family,0.779,masonry_un,masonry,0.975,none,undamaged,,none,0.8
5303,quadstate,37.069931,-86.269941,11450 US-31W Oakland KY 42159 US,19,7,8,2,2,0.87,gable,gable_family,0.872,masonry_un,masonry,0.89,none,minor,,none,0.91
5304,quadstate,37.080642,-86.232586,240 Upper Dixie Hwy Oakland KY 42159 US,19,7,8,2,2,0.812,gable,gable_family,0.706,masonry_un,masonry,0.686,none,undamaged,,,
5305,quadstate,37.07965,-86.22775,Off US Rt 31 W near Smiths Grove KY 42171 US,19,7,8,2,2,0.812,gable,gable_family,0.706,masonry_un,masonry,0.686,none,undamaged,,,
5306,quadstate,37.094572,-86.209281,15095 Louisville Rd Smiths Grove KY 42171 US,19,7,8,2,2,0.9,gable,gable_family,0.924,masonry_un,masonry,0.95,none,undamaged,,,
5307,quadstate,37.092075,-86.048231,5 Old Dixie Hwy Park City KY 42160 US,19,7,6,2,2,0.787,complex,complex_family,0.722,masonry_un,masonry,0.95,none,undamaged,,,
5308,quadstate,37.138272,-85.961936,Railroad Ave Cave City KY 42127 US,5,7,8,2,2,0.812,gable,gable_family,0.706,wooden_light_frame,masonry,0.686,wood_plank,undamaged,,,
5309,quadstate,37.274275,-85.640208,1293 Charlie Rhea Rd Breensburg KY 42743 US,19,7,8,2,2,0.812,gable,gable_family,0.706,masonry_un,masonry,0.686,none,undamaged,,,
5310,quadstate,37.322358,-85.504819,Garnett Beams Rd Greensburg KY 42743 US,6,7,8,1,2,0.812,gable,gable_family,0.706,masonry_un,masonry,0.686,none,undamaged,,,
5311,quadstate,37.656442,-84.820889,2907 Perryville Rd Danville KY 40422 US,19,7,8,2,2,0.812,gable,gable_family,0.706,masonry_un,masonry,0.686,none,undamaged,,,
5312,quadstate,37.628839,-84.81075,2945 Lebanon Rd Danville KY 40422 US,19,7,8,2,2,0.812,complex,gable_family,0.706,masonry_un,masonry,0.686,none,undamaged,,,
5313,quadstate,37.624278,-84.768383,120 E Erskine Dr Danville KY 40422 US,19,7,8,2,2,0.812,gable,gable_family,0.706,masonry_un,masonry,0.686,none,undamaged,,,
5314,quadstate,37.645661,-84.781483,600 W Walnut St Danville KY 40422 US,19,7,6,2,2,0.921,complex,complex_family,0.72,masonry_un,masonry,0.964,none,undamaged,,,
5315,quadstate,37.644453,-84.779272,320 College St Danville KY 40422 US,19,7,6,2,2,0.888,hip,hip_family,0.681,masonry_un,masonry,0.977,none,undamaged,,,
5316,quadstate,37.645886,-84.777628,500 W Main St Danville KY 40422 US,13,6,8,1,1,0.722,gable,gable_family,0.687,masonry_un,masonry,0.917,none,undamaged,,,
5317,quadstate,37.643456,-84.774039,304 S 4th St Danville KY 40422 US,19,7,8,2,2,0.955,gable,gable_family,0.833,masonry_un,masonry,0.984,none,undamaged,,,
5318,quadstate,37.645617,-84.773336,320 W Main St Danville KY 40422 US,13,7,6,2,2,0.862,hip,hip_family,0.644,masonry_un,masonry,0.91,vinyl,undamaged,,,
5319,quadstate,37.646372,-84.773372,321 W Main St Danville KY 40422 US,14,7,6,2,2,0.798,complex,complex_family,0.65,masonry_un,masonry,0.974,none,undamaged,,,
5320,quadstate,37.641689,-84.760836,471 Stanford Ave Danville KY 40422 US,19,7,8,2.5,2,0.89,gable,gable_family,0.829,masonry_stone,masonry,0.951,none,undamaged,,,
5321,quadstate,37.642156,-84.771603,303 S 2nd St Danville KY 40422 US,19,12,6,4,4+,0.59,hip,hip_family,0.647,masonry_un,masonry,0.875,none,undamaged,,,
5322,quadstate,37.645089,-84.771072,125-127 S 2nd St Danville KY 40422 US,19,7,8,2,2,0.895,gable,gable_family,0.822,masonry_un,masonry,0.97,none,undamaged,,,
5323,quadstate,37.643761,-84.770842,228 S 2nd St Danville KY 40422 US,13,7,8,2,2,0.838,gable,gable_family,0.721,masonry_un,masonry,0.975,none,undamaged,,,
5324,quadstate,37.644203,-84.768889,124 E Walnut St Danville KY 40422 US,6,6,8,1,1,0.757,gable,gable_family,0.859,masonry_un,masonry,0.94,none,undamaged,,,
5325,quadstate,37.641211,-84.763875,470 Stanford Ave Danville KY 40422 US,19,7,8,2,2,0.812,flat,gable_family,0.706,masonry_un,masonry,0.686,none,undamaged,,,
5326,quadstate,37.651339,-84.758944,420 Lexington Ave Danville KY 40422 US,5,7,8,2,2,0.812,gable,gable_family,0.706,wooden_light_frame,masonry,0.686,vinyl,undamaged,,,
5327,quadstate,37.6387,-84.745958,Lancaster Rd Danville KY 40422 US,19,7,8,2,2,0.812,gable,gable_family,0.706,masonry_un,masonry,0.686,none,destroyed,,,
5328,quadstate,37.673031,-84.767603,1091 Shakertown Rd Danville KY 40422 US,19,7,8,2,2,0.812,gable,gable_family,0.706,masonry_un,masonry,0.686,none,undamaged,,,
5329,quadstate,37.679222,-84.754603,Spears Lane Danville KY 40422 US,5,7,8,1.5,2,0.812,gable,gable_family,0.706,masonry_un,masonry,0.686,vinyl,undamaged,,,
5330,quadstate,37.695719,-84.751908,Gwinn Island Rd Danville KY 40422 US,6,7,8,1,2,0.812,gable,gable_family,0.706,masonry_stone,masonry,0.686,none,undamaged,,,
5331,quadstate,37.669258,-84.729725,Lexington Rd Danville KY 40422 US,6,7,8,1,2,0.812,hip,gable_family,0.706,masonry_un,masonry,0.686,none,undamaged,,,
5332,quadstate,37.664322,-84.724853,Lexington Rd Danville KY 40422 US,6,7,8,1.5,2,0.812,gable,gable_family,0.706,masonry_un,masonry,0.686,none,undamaged,,,
5333,quadstate,37.721811,-84.669811,746 Tanyard Ranch Rd Lancaster KY 40444 US,19,7,8,2,2,0.876,gable,gable_family,0.876,masonry_un,masonry,0.873,none,undamaged,,,
5334,quadstate,37.726978,-84.666031,Ballard Rd Lancaster KY 40444 US,5,7,8,2,2,0.812,gable,gable_family,0.706,wooden_light_frame,masonry,0.686,none,undamaged,,,
5335,quadstate,37.713442,-84.650422,141 Bryantsville Rd Lancaster KY 40444 US,13,6,8,1,1,0.733,gable,gable_family,0.776,masonry_un,masonry,0.9,none,undamaged,,,
5336,quadstate,37.713522,-84.649697,154 Bryantsville Rd Lancaster KY 40444 US,19,7,6,2,2,0.806,hip,hip_family,0.67,masonry_un,masonry,0.913,none,undamaged,,,
5337,quadstate,37.694075,-84.66145,142 Camp Dick Rd N Lancaster KY 40444 US,5,7,8,2,2,0.812,gable,gable_family,0.706,wooden_light_frame,masonry,0.686,vinyl,undamaged,,,
5338,quadstate,37.587647,-84.797397,994 Shelby St Junction City KY 40440 US,5,4,8,2,2,0.804,gable-hip_combo,gable_family,0.814,wooden_light_frame,wood_frame,0.744,none,undamaged,,,
5339,quadstate,37.586308,-84.794397,794 Shelby St Junction City KY 40440 US,19,14,8,2,2,0.798,flat,flat,0.732,masonry_un,masonry,0.93,none,undamaged,,,
5340,quadstate,37.585444,-84.792514,678 Shelby St Junction City KY 40440 US,6,6,6,1.5,1,0.912,hip,hip_family,0.866,masonry_un,masonry,0.97,vinyl,undamaged,,,
5341,quadstate,37.585533,-84.792769,690 Shelby St Junction City KY 40440 US,6,6,6,1.5,1,0.912,hip,hip_family,0.866,masonry_un,masonry,0.97,none,undamaged,,,
5342,quadstate,37.58475,-84.791264,596 Shelby St Junction City KY 40440 US,13,6,8,1,1,0.761,gable,gable_family,0.871,masonry_un,masonry,0.903,none,undamaged,,,
5343,quadstate,37.564403,-84.783925,6725 Isaac Shelby Rd Stanford KY 40484 US,19,7,8,2,2,0.812,hip,gable_family,0.706,masonry_un,masonry,0.686,none,undamaged,,,
5344,quadstate,37.552939,-84.785325,1720 KY HWY 2141 Stanford KY 40484 US,19,7,8,2,2,0.812,gable,gable_family,0.706,masonry_un,masonry,0.686,none,undamaged,,,
5345,quadstate,37.617144,-84.728875,3036 Stanford Rd Danville KY 40422 US,4,7,8,2,2,0.812,hip,gable_family,0.706,wooden_light_frame,masonry,0.686,none,undamaged,,,
5346,quadstate,37.627889,-84.708831,Chrisman Ln Danville KY 40422 US,6,6,8,1.5,1,0.736,gable,gable_family,0.889,masonry_un,masonry,0.839,stucco,undamaged,,,
5347,quadstate,37.647192,-84.691769,1025 Clifton Rd Danville KY 40422 US,1,1,8,1,1,0.72,gable,gable_family,0.9,wooden_light_frame,wood_frame,0.757,vinyl,undamaged,,,
5348,quadstate,37.634064,-84.686578,5035 Lancaster Rd Danville KY 40422 US,5,4,8,2,2,0.853,gable,gable_family,0.838,wooden_light_frame,wood_frame,0.798,vinyl,unknown,,,
5349,quadstate,37.625608,-84.6858,695 Hubble Rd Danville KY 40422 US,5,7,8,2,2,0.812,gable,gable_family,0.706,wooden_light_frame,masonry,0.686,vinyl,unknown,,,
5350,quadstate,37.615569,-84.662925,761 Engleman Ln Stanford KY 40484 US,19,7,8,2,2,0.812,gable,gable_family,0.706,masonry_un,masonry,0.686,none,undamaged,,,
5351,quadstate,36.105397,-87.220408,201 Main St White Bluff TN 37187 US,6,9,8,1,1,0.81,flat,flat,0.683,masonry_un,masonry,0.858,none,undamaged,,,
5352,quadstate,36.231914,-86.825492,4949 Buena Vista Pike Nashville TN 37218 US,5,4,8,2,2,0.85,gable,gable_family,0.802,wooden_ot,wood_frame,0.675,none,undamaged,,none,0.74
5353,quadstate,36.233567,-86.827436,5101 Buena Vista Pk Nashville TN 37218 US,19,7,8,2,2,0.793,gable,gable_family,0.804,masonry_un,masonry,0.949,none,undamaged,,none,0.705
5354,quadstate,36.169689,-86.649397,2941 Lebanon Rd Nashville TN 37218 US,19,7,6,2,2,0.89,hip,hip_family,0.71,masonry_un,masonry,0.965,none,undamaged,,none,0.825
5355,quadstate,36.23218,-86.496894,10277 Lebanon Rd Mount Juliet TN 37122 US,5,4,8,2,2,0.787,gable,gable_family,0.805,wooden_light_frame,wood_frame,0.8,wood_plank,undamaged,,none,0.805
5356,quadstate,36.263792,-86.649911,1101 Donelson Ave Old Hickory TN 37138 US,6,9,8,1,1,0.762,flat,flat,0.74,masonry_un,masonry,0.92,none,undamaged,,none,0.755
5357,quadstate,36.2577,-86.648181,1216 Hadley Ave Old Hickory TN 37138 US,13,7,6,2,2,0.84,complex,complex_family,0.748,masonry_un,masonry,0.96,none,undamaged,,none,0.885
5358,quadstate,36.279308,-86.596439,139 Rock Castle Ln Hendersonville TN 37075 US,19,7,8,2,2,0.821,gable,gable_family,0.747,masonry_stone,masonry,0.855,none,undamaged,,none,0.87
5359,quadstate,36.2929,-86.601258,178 Berrywood Dr Hendersonville TN 37075 US,6,6,8,1,1,0.72,gable,gable_family,0.821,masonry_un,masonry,0.96,vinyl,undamaged,,none,0.855
5360,quadstate,36.305225,-86.607011,105 Hazel Path Hendersonville TN 37075 US,19,7,8,2,2,0.898,gable,gable_family,0.776,masonry_un,masonry,0.96,vinyl,undamaged,,none,0.915
5361,quadstate,36.471222,-86.330917,31E US-31E Bethpage TN 37022 US,1,1,8,1,1,0.7,gable,gable_family,0.821,wooden_light_frame_stone,wood_frame,0.767,wood_plank,undamaged,,,
5362,quadstate,36.653908,-85.628531,5241 Celina Rd Hestand KY 42151 US,5,4,8,2,2,0.872,gable,gable_family,0.902,wooden_light_frame,wood_frame,0.81,vinyl,undamaged,,,
5363,quadstate,36.741966,-88.637769,215 W Broadway Mayfield Graves County KY 42066 US,6,14,8,2,2,0.855,flat,flat,0.93,masonry_un,masonry,0.985,none,destroyed,,severe,0.99
5364,quadstate,36.74196201,-88.63765855,215 W Broadway Mayfield Graves County KY 42066 US,6,14,8,2,2,0.894,flat,flat,0.853,masonry_un,masonry,0.99,none,destroyed,,severe,0.98
5365,quadstate,36.741939,-88.637562,213 W Broadway Mayfield Graves County KY 42066 US,6,14,8,2,2,0.868,flat,flat,0.95,masonry_un,masonry,0.97,wood_plank,destroyed,,severe,0.99
5366,quadstate,36.741375,-88.63771,212 W Broadway Mayfield Graves County KY 42066 US,19,9,8,1,1,0.76,flat,flat,0.948,masonry_un,masonry,0.945,none,destroyed,,severe,0.985
5367,quadstate,36.74138,-88.637488,206 W Broadway Mayfield Graves County KY 42066 US,19,14,8,2,2,0.765,flat,flat,0.904,masonry_un,masonry,0.938,none,destroyed,,severe,0.995
5368,quadstate,36.741872,-88.636443,115 W Broadway Mayfield Graves County KY 42066 US,19,14,8,2,2,0.827,flat,flat,0.97,masonry_un,masonry,0.955,none,destroyed,,severe,0.985
5369,quadstate,36.74187009,-88.63653888,117 W Broadway Mayfield Graves County KY 42066 US,6,14,8,2,2,0.853,flat,flat,0.975,masonry_un,masonry,0.97,none,destroyed,,severe,0.965
5370,quadstate,36.74189078,-88.63661547,119 W Broadway Mayfield Graves County KY 42066 US,6,14,8,2,2,0.827,flat,flat,0.967,masonry_un,masonry,0.953,none,destroyed,,severe,0.995
5371,quadstate,36.74189078,-88.6366869,121 W Broadway Mayfield Graves County KY 42066 US,6,14,8,2,2,0.909,flat,flat,0.975,masonry_un,masonry,0.978,none,destroyed,,severe,0.985
5372,quadstate,36.74185888,-88.63637214,113 W Broadway Mayfield Graves County KY 42066 US,6,1,6,1.5,1,0.71,flat,flat,0.975,masonry_wood,wood_frame,0.64,wood_plank,severe,,moderate,0.905
5373,quadstate,36.741884,-88.636225,109 W Broadway Mayfield Graves County KY 42066 US,19,9,8,1,1,0.73,flat,flat,0.965,masonry_un,masonry,0.995,wood_plank,destroyed,,severe,0.99
5374,quadstate,36.741914,-88.63629,111 W Broadway Mayfield Graves County KY 42066 US,6,14,8,2,2,0.876,flat,flat,0.966,masonry_un,masonry,0.935,wood_plank,destroyed,,severe,0.975
5375,quadstate,36.741914,-88.636159,107 W Broadway Mayfield Graves County KY 42066 US,6,9,8,1,1,0.736,flat,flat,0.98,masonry_un,masonry,0.975,cast_stone,moderate,,moderate,0.865
5376,quadstate,36.74192188,-88.63609,105 W Broadway Mayfield Graves County KY 42066 US,6,14,8,1,2,0.534,flat,flat,0.532,masonry_un,masonry,0.995,cast_stone,moderate,,moderate,0.875
5377,quadstate,36.74119,-88.636128,113 S 7th Street Mayfield Graves County KY 42066 US,6,8,6,2,3,0.511,flat,flat,0.955,masonry_un,masonry,0.99,wood_plank,severe,,moderate,0.915
5378,quadstate,36.740757,-88.636073,123 S 7th Street Mayfield Graves County KY 42066 US,19,14,8,2,2,0.83,flat,flat,0.91,masonry_un,masonry,0.995,none,severe,,moderate,0.87
5379,quadstate,36.741074,-88.635236,100 E Broadway Mayfield Graves County KY 42066 US,4,8,6,3,3,0.804,complex,complex_family,0.635,masonry_stone,masonry,0.983,cast_stone,destroyed,,severe,0.96
5380,quadstate,36.74004,-88.636126,211 S 7th Street Mayfield Graves County KY 42066 US,19,8,6,3,3,0.66,flat,flat,0.81,steel_frame_masonry_shear_wall,masonry,0.985,cast_stone,severe,,severe,0.98
5381,quadstate,36.740091,-88.633698,223 S 6th Street Mayfield Graves County KY 42066 US,19,8,6,3,3,0.718,flat,flat,0.873,masonry_un,masonry,0.994,none,destroyed,,severe,0.96
5382,quadstate,36.740292,-88.633083,200 S 5th Street Mayfield Graves County KY 42066 US,19,8,6,3,3,0.745,flat,flat,0.84,steel_frame_masonry_shear_wall,masonry,0.989,none,destroyed,,severe,0.965
5383,quadstate,36.740771,-88.636308,111 S 9th Street Mayfield Graves County KY 42066 US,13,6,6,1.5,1,0.816,complex,complex_family,0.753,masonry_un,masonry,0.978,none,severe,,moderate,0.845
5384,quadstate,36.74085,-88.636744,104 S 8th Street Mayfield Graves County KY 42066 US,19,14,8,2,2,0.848,flat,flat,0.828,masonry_un,masonry,0.965,stone,minor,,moderate,0.935
5385,quadstate,36.742,-88.63897,303 W Broadway Mayfield Graves County KY 42066 US,19,9,8,1,1,0.756,flat,flat,0.806,masonry_un,masonry,0.92,none,destroyed,,severe,0.985
5386,quadstate,36.741528,-88.636093,110 W Broadway Mayfield Graves County KY 42066 US,19,14,8,2,2,0.556,flat,flat,0.97,masonry_un,masonry,1.0,none,destroyed,,severe,0.965
5387,quadstate,36.741423,-88.636085,105 S 7th Street Mayfield Graves County KY 42066 US,19,14,8,2,2,0.872,flat,flat,0.912,masonry_un,masonry,0.98,wood_panel,destroyed,,severe,0.965
5388,quadstate,36.741368,-88.636074,107 S 7th Street Mayfield Graves County KY 42066 US,19,14,8,2,2,0.84,flat,flat,0.907,masonry_un,masonry,1.0,wood_panel,destroyed,,severe,0.955
5389,quadstate,36.74194462,-88.63832859,225 W Broadway Mayfield Graves County KY 42066 US,14,9,8,1,1,0.705,flat,flat,0.784,masonry_un,masonry,0.979,none,moderate,,moderate,0.88
5390,quadstate,36.74139322,-88.63721084,202 W Broadway Mayfield Graves County KY 42066 US,19,14,8,2,2,0.83,flat,flat,0.897,masonry_un,masonry,0.97,wood_plank,destroyed,,severe,0.995
5391,quadstate,36.74188596,-88.63683321,123 W Broadway St Mayfield Graves County KY 42066 US,6,14,8,2,2,0.806,flat,flat,0.907,masonry_stone,masonry,0.948,stone,destroyed,,severe,0.955
5392,quadstate,36.742415,-88.636757,127 W Broadway Mayfield Graves County KY 42066 US,6,6,6,1,1,0.802,hip,hip_family,0.676,masonry_un,masonry,0.948,none,destroyed,,severe,0.99
5393,quadstate,36.74109656,-88.63616744,117 S Seventh St Mayfield Graves County KY 42066 US,6,8,6,3,3,0.727,flat,flat,0.932,masonry_un,masonry,0.965,wood_plank,destroyed,,severe,0.98
5394,quadstate,36.74146936,-88.63609226,103 S 7th Street Mayfield Graves County KY 42066 US,19,14,8,3,2,0.556,flat,flat,0.97,masonry_un,masonry,1.0,none,destroyed,,moderate,0.9
5395,quadstate,36.74123208,-88.63604207,109 S 7th Street Mayfield Graves County KY 42066 US,19,8,6,3,3,0.511,flat,flat,0.955,masonry_un,masonry,0.99,stucco,severe,,severe,0.955
5396,quadstate,36.74140453,-88.63665227,118 W Broadway St Mayfield Graves County KY 42066 US,19,14,8,2,2,0.876,flat,flat,0.945,masonry_un,masonry,0.978,wood_plank,destroyed,,severe,0.96
5397,quadstate,36.73989597,-88.63660567,214 S Eighth St Mayfield Graves County KY 42066 US,14,8,8,3,3,0.685,gable,gable_family,0.714,masonry_un,masonry,0.975,stucco,destroyed,,severe,0.995
5398,quadstate,36.74190335,-88.63599588,101 W Broadway St Mayfield Graves County KY 42066 US,6,14,8,2,2,0.534,complex,flat,0.532,steel_frame_masonry_shear_wall,masonry,0.995,stone,moderate,,moderate,0.865
5399,quadstate,36.74086149,-88.63839201,"124 S 9th St, Mayfield, KY 42066",6,9,8,1,1,0.802,flat,flat,0.873,masonry_un,masonry,0.943,none,destroyed,,severe,0.99
5400,quadstate,36.74145193,-88.63632515,"110 W Broadway, Mayfield, KY 42066",6,14,8,2,2,0.86,flat,flat,0.965,masonry_un,masonry,0.995,none,destroyed,,severe,0.975
5401,quadstate,36.74077751,-88.63641863,"109 W South St, Mayfield, KY 42066",6,9,8,1,1,0.801,flat,flat,0.855,masonry_un,masonry,0.99,none,severe,,moderate,0.9
5402,quadstate,36.74079782,-88.63648348,"113 W South St, Mayfield, KY 42066",6,14,8,2,2,0.792,flat,flat,0.837,masonry_un,masonry,0.98,none,severe,,moderate,0.93
5403,quadstate,36.74141688,-88.63646332,"114 W Broadway, Mayfield, KY 42066",6,14,8,2,2,0.902,flat,flat,0.955,masonry_un,masonry,0.99,wood_plank,destroyed,,severe,0.985
5404,quadstate,36.74143104,-88.63655114,"114 W Broadway, Mayfield, KY 42066",6,14,8,2,2,0.925,flat,flat,0.956,masonry_un,masonry,0.978,wood_plank,destroyed,,severe,0.965
5405,quadstate,36.74080803,-88.63411153,"203 E South St, Mayfield, KY 42066",6,9,8,1,1,0.773,flat,flat,0.848,masonry_un,masonry,0.941,cast_stone,severe,,moderate,0.91
5406,quadstate,36.74005077,-88.63676492,"214 S 8th St, Mayfield, KY 42066 (can't find the exact, is small church building)",13,7,8,2,2,0.784,gable,gable_family,0.673,masonry_un,masonry,0.975,stucco,moderate,,moderate,0.875
5407,quadstate,36.74100731,-88.6367696,104 S 8th Street Mayfield Graves County KY 42066 US,13,12,8,4,4+,0.69,flat,flat,0.835,masonry_un,masonry,0.916,stucco,moderate,,moderate,0.89
5408,quadstate,36.74091391,-88.63526863,100 E Broadway Mayfield Graves County KY 42066 US (jail annex),19,8,6,3,3,0.818,flat,flat,0.849,masonry_un,masonry,0.98,cast_stone,moderate,,moderate,0.88
5409,quadstate,36.991256,-86.4435,1101 State St Bowling Green KY 42101 US,13,8,6,3,3,0.745,complex,complex_family,0.78,masonry_un,masonry,0.95,none,undamaged,,none,0.825
5410,quadstate,36.990736,-86.444253,1123 State St Bowling Green KY 42101 US,19,7,8,2,2,0.875,gable,gable_family,0.829,masonry_un,masonry,0.94,none,undamaged,,none,0.92
5411,quadstate,36.990308,-86.444833,1149 State St Bowling Green KY 42101 US,19,7,6,2,2,0.855,mansard,complex_family,0.77,masonry_un,masonry,0.965,none,undamaged,,none,0.875
5412,quadstate,36.990233,-86.444969,1153 State St Bowling Green KY 42101 US,19,7,8,2,2,0.884,gable-hip_combo,gable_family,0.776,masonry_un,masonry,0.93,none,undamaged,,none,0.935
5413,quadstate,36.990014,-86.445342,1215 State St Bowling Green KY 42101 US,13,6,8,1.5,1,0.731,gable,gable_family,0.812,masonry_un,masonry,0.965,none,undamaged,,none,0.845
5414,quadstate,36.989528,-86.446019,1237 State St Bowling Green KY 42101 US,19,7,6,2,2,0.894,hip,hip_family,0.69,masonry_un,masonry,0.965,none,undamaged,,none,0.91
5415,quadstate,36.989369,-86.446411,1253 State St Bowling Green KY 42101 US,19,7,6,2,2,0.942,complex,complex_family,0.775,masonry_un,masonry,0.975,none,undamaged,,none,0.905
5416,quadstate,36.989197,-86.44665,1261 State St Bowling Green KY 42101 US,19,7,6,2.5,2,0.935,complex,complex_family,0.726,masonry_un,masonry,0.995,none,undamaged,,none,0.875
5417,quadstate,36.989067,-86.446806,1267 State St Bowling Green KY 42101 US,19,7,6,2,2,0.93,hip,hip_family,0.7,masonry_un,masonry,0.74,none,undamaged,,none,0.905
5418,quadstate,36.988819,-86.447133,1303 State St Bowling Green KY 42101 US,4,4,6,2.5,2,0.925,complex,complex_family,0.702,wooden_light_frame,wood_frame,0.695,vinyl,undamaged,,none,0.97
5419,quadstate,36.988669,-86.447386,1311 State St Bowling Green KY 42101 US,4,4,6,2,2,0.905,complex,complex_family,0.77,wooden_light_frame,wood_frame,0.765,vinyl,undamaged,,none,0.88
5420,quadstate,36.988583,-86.447581,1319 State St Bowling Green KY 42101 US,19,7,6,2.5,2,0.839,complex,complex_family,0.69,masonry_un,masonry,0.89,none,undamaged,,none,0.875
5421,quadstate,36.988447,-86.447781,1327 State St Bowling Green KY 42101 US,4,4,6,2,2,0.91,complex,complex_family,0.759,wooden_light_frame,wood_frame,0.765,vinyl,undamaged,,none,0.875
5422,quadstate,36.987664,-86.448925,1405 State St Bowling Green KY 42101 US,4,5,8,2,2,0.97,hip,hip_family,0.762,wooden_light_frame,wood_frame,0.71,"stone, vinyl",undamaged,,none,0.93
5423,quadstate,36.987453,-86.449211,1417 State St Bowling Green KY 42101 US,4,4,8,2,2,0.951,gable-hip_combo,gable_family,0.84,wooden_light_frame,wood_frame,0.69,vinyl,undamaged,,none,0.93
5424,quadstate,36.987347,-86.449444,1425 State St Bowling Green KY 42101 US,19,7,6,2,2,0.91,hip,hip_family,0.731,masonry_un,masonry,0.955,none,undamaged,,none,0.945
5425,quadstate,36.989292,-86.447917,1310 College St Bowling Green KY 42101 US,4,7,6,2.5,2,0.875,hip,hip_family,0.711,masonry_un,masonry,0.835,none,undamaged,,none,0.98
5426,quadstate,36.989192,-86.448133,1318 College St Bowling Green KY 42101 US,4,1,6,1.5,1,0.7,complex,complex_family,0.765,wooden_light_frame,wood_frame,0.705,vinyl,undamaged,,none,0.89
5427,quadstate,36.988967,-86.448531,1328 College St Bowling Green KY 42101 US,4,5,8,2,2,0.899,hip,hip_family,0.715,wooden_light_frame,wood_frame,0.775,vinyl,undamaged,,none,0.89
5428,quadstate,36.988797,-86.448811,1338 College St Bowling Green KY 42101 US,19,4,6,2,2,0.894,complex,complex_family,0.784,wooden_light_frame,wood_frame,0.74,none,undamaged,,none,0.885
5429,quadstate,36.988672,-86.448975,1340 College St Bowling Green KY 42101 US,3,1,8,1,1,0.745,gable,gable_family,0.743,wooden_light_frame,wood_frame,0.78,vinyl,undamaged,,none,0.875
5430,quadstate,36.987903,-86.447317,1326 State St Bowling Green KY 42101 US,5,4,8,2,2,0.9,gable,gable_family,0.786,wooden_light_frame,wood_frame,0.77,vinyl,undamaged,,none,0.895
5431,quadstate,36.988411,-86.446744,1302 State St Bowling Green KY 42101 US,5,4,8,2,2,0.87,gable,gable_family,0.832,wooden_light_frame,wood_frame,0.685,vinyl,undamaged,,none,0.82
5432,quadstate,36.988861,-86.446039,1252 State St Bowling Green KY 42101 US,19,4,8,2,2,0.9,gable,gable_family,0.841,wooden_light_frame,wood_frame,0.71,none,undamaged,,none,0.855
5433,quadstate,36.989281,-86.445581,1234 State St Bowling Green KY 42101 US,19,7,8,2,2,0.9,gable-hip_combo,gable_family,0.785,masonry_un,masonry,0.955,none,undamaged,,none,0.87
5434,quadstate,36.989397,-86.445303,1220 State St Bowling Green KY 42101 US,4,5,8,2,2,0.875,hip,hip_family,0.68,wooden_light_frame,wood_frame,0.68,vinyl,undamaged,,none,0.665
5435,quadstate,36.989472,-86.445178,1218 State St Bowling Green KY 42101 US,2,4,8,2,2,0.857,gable,gable_family,0.781,wooden_light_frame,wood_frame,0.67,vinyl,undamaged,,none,0.83
5436,quadstate,36.989792,-86.444744,1202 State St Bowling Green KY 42101 US,14,6,6,1,1,0.755,complex,complex_family,0.784,masonry_un,masonry,0.94,none,undamaged,,none,0.795
5437,quadstate,36.989108,-86.444011,1203 Chestnut St Bowling Green KY 42101 US,5,4,8,2,2,0.89,gable,gable_family,0.864,wooden_light_frame,wood_frame,0.775,vinyl,undamaged,,none,0.9
5438,quadstate,36.988844,-86.444517,1217 Chestnut St Bowling Green KY 42101 US,5,4,6,2,2,0.88,complex,complex_family,0.785,wooden_light_frame,wood_frame,0.705,vinyl,undamaged,,none,0.915
5439,quadstate,36.988758,-86.444636,1225 Chestnut St Bowling Green KY 42101 US,19,7,8,2,2,0.9,gable,gable_family,0.779,masonry_un,masonry,0.9,vinyl,undamaged,,none,0.925
5440,quadstate,36.988144,-86.445572,1265 Chestnut St Bowling Green KY 42101 US,6,6,6,1.5,1,0.68,complex,complex_family,0.68,masonry_un,masonry,0.875,none,undamaged,,none,0.905
5441,quadstate,36.987786,-86.446086,1303 Chestnut St Bowling Green KY 42101 US,19,7,6,2,2,0.884,complex,complex_family,0.74,masonry_un,masonry,0.93,none,undamaged,,none,0.775
5442,quadstate,36.987428,-86.446594,1323 Chestnut St Bowling Green KY 42101 US,4,4,6,2,2,0.88,complex,complex_family,0.775,wooden_light_frame,wood_frame,0.695,none,undamaged,,none,0.82
5443,quadstate,36.987092,-86.447047,1345 Chestnut St Bowling Green KY 42101 US,1,1,8,1.5,1,0.735,gable-hip_combo,gable_family,0.875,wooden_light_frame,wood_frame,0.815,none,undamaged,,none,0.885
5444,quadstate,36.98665,-86.446794,1346 Chestnut St Bowling Green KY 42101 US,5,4,8,2,2,0.835,gable,gable_family,0.851,wooden_light_frame,wood_frame,0.745,none,undamaged,,none,0.775
5445,quadstate,36.986694,-86.446578,1340 Chestnut St Bowling Green KY 42101 US,3,1,8,1,1,0.755,gable-hip_combo,gable_family,0.891,wooden_light_frame,wood_frame,0.795,none,undamaged,,none,0.9
5446,quadstate,36.986853,-86.446425,1332 Chestnut St Bowling Green KY 42101 US,19,7,6,2,2,0.95,complex,complex_family,0.785,masonry_un,masonry,0.89,none,undamaged,,none,0.78
5447,quadstate,36.987564,-86.445467,1302 Chestnut St Bowling Green KY 42101 US,19,7,6,2,2,0.91,complex,complex_family,0.715,masonry_un,masonry,0.96,none,undamaged,,none,0.875
5448,quadstate,36.987739,-86.445181,1262 Chestnut St Bowling Green KY 42101 US,19,7,6,2,2,0.9,hip,hip_family,0.72,masonry_un,masonry,0.925,vinyl,undamaged,,none,0.825
5449,quadstate,36.988578,-86.443706,1216 Chestnut St Bowling Green KY 42101 US,13,7,6,2,2,0.87,complex,complex_family,0.71,masonry_un,masonry,0.905,none,undamaged,,none,0.765
5450,quadstate,36.989328,-86.444325,525 E 12th Ave Bowling Green KY 42101 US,5,4,8,2,2,0.847,gable,gable_family,0.809,wooden_light_frame,wood_frame,0.732,vinyl,undamaged,,none,0.87
5451,quadstate,36.988008,-86.445772,530 E 13th Ave Bowling Green KY 42101 US,6,6,8,1,1,0.72,gable,gable_family,0.756,masonry_un,masonry,0.87,none,undamaged,,none,0.845
